Using pre-set license
Built from '2022.3/respin/2022.3.62f2-4af31df585-v2' branch; Version is '2022.3.62f3 (96770f904ca7) revision 9860879'; Using compiler version '192829333'; Build Type 'Release'
OS: 'Windows 10  (10.0.19044) 64bit IoTEnterpriseS' Language: 'ru' Physical Memory: 32633 MB
BatchMode: 1, IsHumanControllingUs: 0, StartBugReporterOnCrash: 0, Is64bit: 1, IsPro: 1

COMMAND LINE ARGUMENTS:
C:\Program Files\Unity\Hub\Editor\2022.3.62f3\Editor\Unity.exe
-adb2
-batchMode
-noUpm
-name
AssetImportWorker5
-projectPath
G:/Sync/Projects/ALiminalGame/Unity/ALiminalGame
-logFile
Logs/AssetImportWorker5.log
-srvPort
63483
Successfully changed project path to: G:/Sync/Projects/ALiminalGame/Unity/ALiminalGame
G:/Sync/Projects/ALiminalGame/Unity/ALiminalGame
[UnityMemory] Configuration Parameters - Can be set up in boot.config
    "memorysetup-bucket-allocator-granularity=16"
    "memorysetup-bucket-allocator-bucket-count=8"
    "memorysetup-bucket-allocator-block-size=33554432"
    "memorysetup-bucket-allocator-block-count=8"
    "memorysetup-main-allocator-block-size=16777216"
    "memorysetup-thread-allocator-block-size=16777216"
    "memorysetup-gfx-main-allocator-block-size=16777216"
    "memorysetup-gfx-thread-allocator-block-size=16777216"
    "memorysetup-cache-allocator-block-size=4194304"
    "memorysetup-typetree-allocator-block-size=2097152"
    "memorysetup-profiler-bucket-allocator-granularity=16"
    "memorysetup-profiler-bucket-allocator-bucket-count=8"
    "memorysetup-profiler-bucket-allocator-block-size=33554432"
    "memorysetup-profiler-bucket-allocator-block-count=8"
    "memorysetup-profiler-allocator-block-size=16777216"
    "memorysetup-profiler-editor-allocator-block-size=1048576"
    "memorysetup-temp-allocator-size-main=16777216"
    "memorysetup-job-temp-allocator-block-size=2097152"
    "memorysetup-job-temp-allocator-block-size-background=1048576"
    "memorysetup-job-temp-allocator-reduction-small-platforms=262144"
    "memorysetup-allocator-temp-initial-block-size-main=262144"
    "memorysetup-allocator-temp-initial-block-size-worker=262144"
    "memorysetup-temp-allocator-size-background-worker=32768"
    "memorysetup-temp-allocator-size-job-worker=262144"
    "memorysetup-temp-allocator-size-preload-manager=33554432"
    "memorysetup-temp-allocator-size-nav-mesh-worker=65536"
    "memorysetup-temp-allocator-size-audio-worker=65536"
    "memorysetup-temp-allocator-size-cloud-worker=32768"
    "memorysetup-temp-allocator-size-gi-baking-worker=262144"
    "memorysetup-temp-allocator-size-gfx=262144"
Player connection [18504]  Target information:

Player connection [18504]  * "[IP] 192.168.0.102 [Port] 0 [Flags] 2 [Guid] 392353325 [EditorId] 392353325 [Version] 1048832 [Id] WindowsEditor(7,Home-PC) [Debug] 1 [PackageName] WindowsEditor [ProjectName] Editor" 

Player connection [18504]  * "[IP] 172.18.0.1 [Port] 0 [Flags] 2 [Guid] 392353325 [EditorId] 392353325 [Version] 1048832 [Id] WindowsEditor(7,Home-PC) [Debug] 1 [PackageName] WindowsEditor [ProjectName] Editor" 

Player connection [18504] Host joined multi-casting on [225.0.0.222:54997]...
Player connection [18504] Host joined alternative multi-casting on [225.0.0.222:34997]...
Input System module state changed to: Initialized.
[PhysX] Initialized MultithreadedTaskDispatcher with 12 workers.
Refreshing native plugins compatible for Editor in 15.23 ms, found 5 plugins.
Preloading 0 native plugins for Editor in 0.00 ms.
Initialize engine version: 2022.3.62f3 (96770f904ca7)
[Subsystems] Discovering subsystems at path C:/Program Files/Unity/Hub/Editor/2022.3.62f3/Editor/Data/Resources/UnitySubsystems
[Subsystems] Discovering subsystems at path G:/Sync/Projects/ALiminalGame/Unity/ALiminalGame/Assets
GfxDevice: creating device client; threaded=0; jobified=0
Direct3D:
    Version:  Direct3D 11.0 [level 11.1]
    Renderer: NVIDIA GeForce GTX 1060 6GB (ID=0x1c03)
    Vendor:   NVIDIA
    VRAM:     6029 MB
    Driver:   32.0.15.6094
Initialize mono
Mono path[0] = 'C:/Program Files/Unity/Hub/Editor/2022.3.62f3/Editor/Data/Managed'
Mono path[1] = 'C:/Program Files/Unity/Hub/Editor/2022.3.62f3/Editor/Data/MonoBleedingEdge/lib/mono/unityjit-win32'
Mono config path = 'C:/Program Files/Unity/Hub/Editor/2022.3.62f3/Editor/Data/MonoBleedingEdge/etc'
Using monoOptions --debugger-agent=transport=dt_socket,embedding=1,server=y,suspend=n,address=127.0.0.1:56416
Begin MonoManager ReloadAssembly
Registering precompiled unity dll's ...
Register platform support module: C:/Program Files/Unity/Hub/Editor/2022.3.62f3/Editor/Data/PlaybackEngines/WebGLSupport/UnityEditor.WebGL.Extensions.dll
Register platform support module: C:/Program Files/Unity/Hub/Editor/2022.3.62f3/Editor/Data/PlaybackEngines/WindowsStandaloneSupport/UnityEditor.WindowsStandalone.Extensions.dll
Registered in 0.016054 seconds.
- Loaded All Assemblies, in  0.340 seconds
Native extension for WindowsStandalone target not found
Native extension for WebGL target not found
Mono: successfully reloaded assembly
- Finished resetting the current domain, in  0.263 seconds
Domain Reload Profiling: 603ms
	BeginReloadAssembly (96ms)
		ExecutionOrderSort (0ms)
		DisableScriptedObjects (0ms)
		BackupInstance (0ms)
		ReleaseScriptingObjects (0ms)
		CreateAndSetChildDomain (1ms)
	RebuildCommonClasses (34ms)
	RebuildNativeTypeToScriptingClass (11ms)
	initialDomainReloadingComplete (64ms)
	LoadAllAssembliesAndSetupDomain (135ms)
		LoadAssemblies (95ms)
		RebuildTransferFunctionScriptingTraits (0ms)
		AnalyzeDomain (133ms)
			TypeCache.Refresh (132ms)
				TypeCache.ScanAssembly (119ms)
			ScanForSourceGeneratedMonoScriptInfo (0ms)
			ResolveRequiredComponents (0ms)
	FinalizeReload (263ms)
		ReleaseScriptCaches (0ms)
		RebuildScriptCaches (0ms)
		SetupLoadedEditorAssemblies (217ms)
			LogAssemblyErrors (0ms)
			InitializePlatformSupportModulesInManaged (10ms)
			SetLoadedEditorAssemblies (6ms)
			RefreshPlugins (0ms)
			BeforeProcessingInitializeOnLoad (2ms)
			ProcessInitializeOnLoadAttributes (153ms)
			ProcessInitializeOnLoadMethodAttributes (45ms)
			AfterProcessingInitializeOnLoad (0ms)
			EditorAssembliesLoaded (0ms)
		ExecutionOrderSort2 (0ms)
		AwakeInstancesAfterBackupRestoration (0ms)
========================================================================
Worker process is ready to serve import requests
Caller must complete domain reload
Begin MonoManager ReloadAssembly
Symbol file LoadedFromMemory is not a mono symbol file
- Loaded All Assemblies, in  0.834 seconds
Native extension for WindowsStandalone target not found
Native extension for WebGL target not found
[MODES] ModeService[none].Initialize
[MODES] ModeService[none].LoadModes
[MODES] Loading mode Default (0) for mode-current-id-ALiminalGame
Mono: successfully reloaded assembly
- Finished resetting the current domain, in  1.487 seconds
Domain Reload Profiling: 2320ms
	BeginReloadAssembly (127ms)
		ExecutionOrderSort (0ms)
		DisableScriptedObjects (6ms)
		BackupInstance (0ms)
		ReleaseScriptingObjects (0ms)
		CreateAndSetChildDomain (19ms)
	RebuildCommonClasses (31ms)
	RebuildNativeTypeToScriptingClass (11ms)
	initialDomainReloadingComplete (35ms)
	LoadAllAssembliesAndSetupDomain (629ms)
		LoadAssemblies (352ms)
		RebuildTransferFunctionScriptingTraits (0ms)
		AnalyzeDomain (348ms)
			TypeCache.Refresh (298ms)
				TypeCache.ScanAssembly (278ms)
			ScanForSourceGeneratedMonoScriptInfo (36ms)
			ResolveRequiredComponents (12ms)
	FinalizeReload (1487ms)
		ReleaseScriptCaches (0ms)
		RebuildScriptCaches (0ms)
		SetupLoadedEditorAssemblies (1327ms)
			LogAssemblyErrors (0ms)
			InitializePlatformSupportModulesInManaged (7ms)
			SetLoadedEditorAssemblies (5ms)
			RefreshPlugins (0ms)
			BeforeProcessingInitializeOnLoad (154ms)
			ProcessInitializeOnLoadAttributes (1120ms)
			ProcessInitializeOnLoadMethodAttributes (38ms)
			AfterProcessingInitializeOnLoad (3ms)
			EditorAssembliesLoaded (0ms)
		ExecutionOrderSort2 (0ms)
		AwakeInstancesAfterBackupRestoration (6ms)
Launched and connected shader compiler UnityShaderCompiler.exe after 0.03 seconds
Refreshing native plugins compatible for Editor in 3.74 ms, found 5 plugins.
Preloading 0 native plugins for Editor in 0.00 ms.
Unloading 6806 Unused Serialized files (Serialized files now loaded: 0)
Unloading 41 unused Assets / (63.4 KB). Loaded Objects now: 7279.
Memory consumption went from 214.3 MB to 214.2 MB.
Total: 4.962400 ms (FindLiveObjects: 0.465100 ms CreateObjectMapping: 0.438600 ms MarkObjects: 3.953000 ms  DeleteObjects: 0.104800 ms)

AssetImportParameters requested are different than current active one (requested -> active):
  custom:container-demuxer-ogg: 62fdf1f143b41e24485cea50d1cbac27 -> 
  custom:framework-win-MediaFoundation: 216162199b28c13a410421893ffa2e32 -> 
  custom:container-muxer-webm: aa71ff27fc2769a1b78a27578f13a17b -> 
  custom:video-decoder-webm-vp8: 9c59270c3fd7afecdb556c50c9e8de78 -> 
  custom:SearchIndexIgnoredProperties: e643bd26f0fe6173181afceb89e7c659 -> 
  custom:AudioImporter_EditorPlatform: d09bf68614088b80899f8185d706f6e7 -> 
  custom:audio-decoder-ogg-vorbis: bf7c407c2cedff20999df2af8eb42d56 -> 
  custom:audio-encoder-webm-vorbis: bf7c407c2cedff20999df2af8eb42d56 -> 
  custom:video-decoder-ogg-theora: a1e56fd34408186e4bbccfd4996cb3dc -> 
  custom:CustomObjectIndexerAttribute: 9a22284fe3817be447336de3de66b15e -> 
  custom:container-demuxer-webm: 4f35f7cbe854078d1ac9338744f61a02 -> 
  custom:video-encoder-webm-vp8: eb34c28f22e8b96e1ab97ce403110664 -> 
========================================================================
Received Import Request.
  Time since last request: 26697.442666 seconds.
  path: Assets/Systems/Objects/Rooms/RoomPart/Room/Instances/Kitchen/KitchenWall.mat
  artifactKey: Guid(4f97ec29df6af9547be4cfd03b2edf6c) Importer(815301076,1909f56bfc062723c751e8b465ee728b)
Start importing Assets/Systems/Objects/Rooms/RoomPart/Room/Instances/Kitchen/KitchenWall.mat using Guid(4f97ec29df6af9547be4cfd03b2edf6c) Importer(815301076,1909f56bfc062723c751e8b465ee728b) [PhysX] Initialized MultithreadedTaskDispatcher with 12 workers.
[PhysX] Initialized MultithreadedTaskDispatcher with 12 workers.
 -> (artifact id: '4a46138697ae26970915ad520ae2c6ac') in 0.138726 seconds
Number of updated asset objects reloaded before import = 0
Number of asset objects unloaded after import = 2
========================================================================
Received Import Request.
  Time since last request: 0.000019 seconds.
  path: Assets/Systems/Objects/Objects/LevelExit/levelExit1.mat
  artifactKey: Guid(e53d7db8b17a0784ab5def70493db4a7) Importer(815301076,1909f56bfc062723c751e8b465ee728b)
Start importing Assets/Systems/Objects/Objects/LevelExit/levelExit1.mat using Guid(e53d7db8b17a0784ab5def70493db4a7) Importer(815301076,1909f56bfc062723c751e8b465ee728b) [PhysX] Initialized MultithreadedTaskDispatcher with 12 workers.
[PhysX] Initialized MultithreadedTaskDispatcher with 12 workers.
 -> (artifact id: '372dc5ad06111a1730271a3f6ad2723a') in 0.047214 seconds
Number of updated asset objects reloaded before import = 0
Number of asset objects unloaded after import = 1
========================================================================
Received Import Request.
  Time since last request: 5.139013 seconds.
  path: Assets/Materials/Monster.mat
  artifactKey: Guid(de7917c20179a0c43821d04f72fccd51) Importer(815301076,1909f56bfc062723c751e8b465ee728b)
Start importing Assets/Materials/Monster.mat using Guid(de7917c20179a0c43821d04f72fccd51) Importer(815301076,1909f56bfc062723c751e8b465ee728b) [PhysX] Initialized MultithreadedTaskDispatcher with 12 workers.
[PhysX] Initialized MultithreadedTaskDispatcher with 12 workers.
 -> (artifact id: 'ba57f2a5fa5dd0ee4927cee9b8dad50e') in 0.114420 seconds
Number of updated asset objects reloaded before import = 0
Number of asset objects unloaded after import = 1
========================================================================
Received Import Request.
  Time since last request: 2.130401 seconds.
  path: Assets/AddressableAssetsData/AddressableAssetSettings.asset
  artifactKey: Guid(10bb4b81374025e43af429e517c6e3e6) Importer(2089858483,0ecaa5967403d082aa24f35e1b516d23)
Start importing Assets/AddressableAssetsData/AddressableAssetSettings.asset using Guid(10bb4b81374025e43af429e517c6e3e6) Importer(2089858483,0ecaa5967403d082aa24f35e1b516d23) [PhysX] Initialized MultithreadedTaskDispatcher with 12 workers.
 -> (artifact id: '73cfc6a2e32b3412889314a1eb957ff6') in 1.064647 seconds
Number of updated asset objects reloaded before import = 0
Number of asset objects unloaded after import = 1
========================================================================
Received Import Request.
  Time since last request: 0.000106 seconds.
  path: Assets/BearsStudios_LowPoly_PineTrees/Prefabs/ice_pine_03.prefab
  artifactKey: Guid(3361fb1ce8f4f814489dba43acd17262) Importer(2089858483,0ecaa5967403d082aa24f35e1b516d23)
Start importing Assets/BearsStudios_LowPoly_PineTrees/Prefabs/ice_pine_03.prefab using Guid(3361fb1ce8f4f814489dba43acd17262) Importer(2089858483,0ecaa5967403d082aa24f35e1b516d23) [PhysX] Initialized MultithreadedTaskDispatcher with 12 workers.
 -> (artifact id: 'a832f50c80e775d0750dffae78940a89') in 0.497650 seconds
Number of updated asset objects reloaded before import = 0
Number of asset objects unloaded after import = 8
========================================================================
Received Import Request.
  Time since last request: 0.000017 seconds.
  path: Assets/BearsStudios_LowPoly_PineTrees/Prefabs/Magical_pine_04.prefab
  artifactKey: Guid(58d89191b282e314aba11bfbd09cf8dc) Importer(2089858483,0ecaa5967403d082aa24f35e1b516d23)
Start importing Assets/BearsStudios_LowPoly_PineTrees/Prefabs/Magical_pine_04.prefab using Guid(58d89191b282e314aba11bfbd09cf8dc) Importer(2089858483,0ecaa5967403d082aa24f35e1b516d23) [PhysX] Initialized MultithreadedTaskDispatcher with 12 workers.
 -> (artifact id: '22a4ddf01799601b67781794d6b1ec34') in 0.163985 seconds
Number of updated asset objects reloaded before import = 0
Number of asset objects unloaded after import = 8
========================================================================
Received Import Request.
  Time since last request: 0.000024 seconds.
  path: Assets/AddressableAssetsData/AssetGroups/Built In Data.asset
  artifactKey: Guid(ac4db4834c87b5a4aa54d0f4be62fafb) Importer(2089858483,0ecaa5967403d082aa24f35e1b516d23)
Start importing Assets/AddressableAssetsData/AssetGroups/Built In Data.asset using Guid(ac4db4834c87b5a4aa54d0f4be62fafb) Importer(2089858483,0ecaa5967403d082aa24f35e1b516d23) [PhysX] Initialized MultithreadedTaskDispatcher with 12 workers.
 -> (artifact id: 'e6bc28d6b081c6d0cdafceb6c53f8868') in 0.034209 seconds
Number of updated asset objects reloaded before import = 0
Number of asset objects unloaded after import = 1
========================================================================
Received Import Request.
  Time since last request: 0.000021 seconds.
  path: Assets/BearsStudios_LowPoly_PineTrees/Prefabs/Magical_pine_02.prefab
  artifactKey: Guid(d1b81d5fae0b5a1438cbc2cc1a5f0a11) Importer(2089858483,0ecaa5967403d082aa24f35e1b516d23)
Start importing Assets/BearsStudios_LowPoly_PineTrees/Prefabs/Magical_pine_02.prefab using Guid(d1b81d5fae0b5a1438cbc2cc1a5f0a11) Importer(2089858483,0ecaa5967403d082aa24f35e1b516d23) [PhysX] Initialized MultithreadedTaskDispatcher with 12 workers.
 -> (artifact id: 'f2e4c51fe65a522b7e4896d22c3b8316') in 0.143283 seconds
Number of updated asset objects reloaded before import = 0
Number of asset objects unloaded after import = 8
========================================================================
Received Import Request.
  Time since last request: 0.000022 seconds.
  path: Assets/AddressableAssetsData/AssetGroups/Localization-Locales.asset
  artifactKey: Guid(e41e2d8258515134b970ea19643e3113) Importer(2089858483,0ecaa5967403d082aa24f35e1b516d23)
Start importing Assets/AddressableAssetsData/AssetGroups/Localization-Locales.asset using Guid(e41e2d8258515134b970ea19643e3113) Importer(2089858483,0ecaa5967403d082aa24f35e1b516d23) [PhysX] Initialized MultithreadedTaskDispatcher with 12 workers.
 -> (artifact id: 'f24fc7dc0ea6792cf605973c90284633') in 0.037063 seconds
Number of updated asset objects reloaded before import = 0
Number of asset objects unloaded after import = 1
========================================================================
Received Import Request.
  Time since last request: 0.000017 seconds.
  path: Assets/Input/InputSystem.inputsettings.asset
  artifactKey: Guid(2c0d238ba487e5649b39ea11399dd7e4) Importer(2089858483,0ecaa5967403d082aa24f35e1b516d23)
Start importing Assets/Input/InputSystem.inputsettings.asset using Guid(2c0d238ba487e5649b39ea11399dd7e4) Importer(2089858483,0ecaa5967403d082aa24f35e1b516d23) [PhysX] Initialized MultithreadedTaskDispatcher with 12 workers.
 -> (artifact id: '5bc9433f419c14468d6f9a6b49cfe4fa') in 0.150431 seconds
Number of updated asset objects reloaded before import = 0
Number of asset objects unloaded after import = 1
========================================================================
Received Import Request.
  Time since last request: 0.000022 seconds.
  path: Assets/Materials/Player.mat
  artifactKey: Guid(f19e38812e70bb045818c3b9292b7799) Importer(2089858483,0ecaa5967403d082aa24f35e1b516d23)
Start importing Assets/Materials/Player.mat using Guid(f19e38812e70bb045818c3b9292b7799) Importer(2089858483,0ecaa5967403d082aa24f35e1b516d23) [PhysX] Initialized MultithreadedTaskDispatcher with 12 workers.
 -> (artifact id: 'ebe088d092975ac76e1a18a6c3ff3557') in 0.114991 seconds
Number of updated asset objects reloaded before import = 0
Number of asset objects unloaded after import = 1
========================================================================
Received Import Request.
  Time since last request: 0.000013 seconds.
  path: Assets/AddressableAssetsData/Windows/addressables_content_state.bin
  artifactKey: Guid(da49da527234a0340b61c6cb743523c4) Importer(2089858483,0ecaa5967403d082aa24f35e1b516d23)
Start importing Assets/AddressableAssetsData/Windows/addressables_content_state.bin using Guid(da49da527234a0340b61c6cb743523c4) Importer(2089858483,0ecaa5967403d082aa24f35e1b516d23) [PhysX] Initialized MultithreadedTaskDispatcher with 12 workers.
 -> (artifact id: '6fd3c0c86f7da27a61db77611bd8a7f0') in 0.059113 seconds
Number of updated asset objects reloaded before import = 0
Number of asset objects unloaded after import = 1
========================================================================
Received Import Request.
  Time since last request: 0.000016 seconds.
  path: Assets/Materials/Wall2.mat
  artifactKey: Guid(a0495d5c07cf9da4993ecb5b17575378) Importer(2089858483,0ecaa5967403d082aa24f35e1b516d23)
Start importing Assets/Materials/Wall2.mat using Guid(a0495d5c07cf9da4993ecb5b17575378) Importer(2089858483,0ecaa5967403d082aa24f35e1b516d23) [PhysX] Initialized MultithreadedTaskDispatcher with 12 workers.
 -> (artifact id: '02adc54f01b9860b11b4fd644082510c') in 0.093338 seconds
Number of updated asset objects reloaded before import = 0
Number of asset objects unloaded after import = 2
========================================================================
Received Import Request.
  Time since last request: 0.000018 seconds.
  path: Assets/Audio/SoundData.cs
  artifactKey: Guid(c8e0efb403777634f8688cf35d8e88ea) Importer(2089858483,0ecaa5967403d082aa24f35e1b516d23)
Start importing Assets/Audio/SoundData.cs using Guid(c8e0efb403777634f8688cf35d8e88ea) Importer(2089858483,0ecaa5967403d082aa24f35e1b516d23) [PhysX] Initialized MultithreadedTaskDispatcher with 12 workers.
 -> (artifact id: '6f45da022d44f92e3e7824cd13f1cb58') in 0.100978 seconds
Number of updated asset objects reloaded before import = 0
Number of asset objects unloaded after import = 1
========================================================================
Received Import Request.
  Time since last request: 0.000023 seconds.
  path: Assets/AddressableAssetsData/DataBuilders/BuildScriptPackedMode.asset
  artifactKey: Guid(d901db50ad317814b8872c334d9da505) Importer(2089858483,0ecaa5967403d082aa24f35e1b516d23)
Start importing Assets/AddressableAssetsData/DataBuilders/BuildScriptPackedMode.asset using Guid(d901db50ad317814b8872c334d9da505) Importer(2089858483,0ecaa5967403d082aa24f35e1b516d23) [PhysX] Initialized MultithreadedTaskDispatcher with 12 workers.
 -> (artifact id: 'b3d7e7879f654fdbd6846120a73545ef') in 0.068436 seconds
Number of updated asset objects reloaded before import = 0
Number of asset objects unloaded after import = 1
========================================================================
Received Import Request.
  Time since last request: 0.000016 seconds.
  path: Assets/BearsStudios_LowPoly_PineTrees/Prefabs/burned_pine_02.prefab
  artifactKey: Guid(0e51e1be9b31fa34191f08b45a24ce8d) Importer(2089858483,0ecaa5967403d082aa24f35e1b516d23)
Start importing Assets/BearsStudios_LowPoly_PineTrees/Prefabs/burned_pine_02.prefab using Guid(0e51e1be9b31fa34191f08b45a24ce8d) Importer(2089858483,0ecaa5967403d082aa24f35e1b516d23) [PhysX] Initialized MultithreadedTaskDispatcher with 12 workers.
 -> (artifact id: '9634c08a2af3f0fcf32c98eaefadb293') in 0.079490 seconds
Number of updated asset objects reloaded before import = 0
Number of asset objects unloaded after import = 8
========================================================================
Received Import Request.
  Time since last request: 0.000016 seconds.
  path: Assets/Materials/Leg1.mat
  artifactKey: Guid(50d8b7cdfc8e06b42b0c81d8c5005d55) Importer(2089858483,0ecaa5967403d082aa24f35e1b516d23)
Start importing Assets/Materials/Leg1.mat using Guid(50d8b7cdfc8e06b42b0c81d8c5005d55) Importer(2089858483,0ecaa5967403d082aa24f35e1b516d23) [PhysX] Initialized MultithreadedTaskDispatcher with 12 workers.
 -> (artifact id: 'fffb8baa3909c6581aaca321d31bc11f') in 0.018304 seconds
Number of updated asset objects reloaded before import = 0
Number of asset objects unloaded after import = 1
========================================================================
Received Import Request.
  Time since last request: 0.000015 seconds.
  path: Assets/Materials/Green.mat
  artifactKey: Guid(1b162959069c78d45b91dba580f9cfb7) Importer(2089858483,0ecaa5967403d082aa24f35e1b516d23)
Start importing Assets/Materials/Green.mat using Guid(1b162959069c78d45b91dba580f9cfb7) Importer(2089858483,0ecaa5967403d082aa24f35e1b516d23) [PhysX] Initialized MultithreadedTaskDispatcher with 12 workers.
 -> (artifact id: '2ea5d7b6b4cf441d976d9e4ba2733641') in 0.066864 seconds
Number of updated asset objects reloaded before import = 0
Number of asset objects unloaded after import = 1
========================================================================
Received Import Request.
  Time since last request: 0.000018 seconds.
  path: Assets/AddressableAssetsData/DataBuilders/BuildScriptPackedPlayMode.asset
  artifactKey: Guid(0681e69c53052ee4fafdaa7551608d0f) Importer(2089858483,0ecaa5967403d082aa24f35e1b516d23)
Start importing Assets/AddressableAssetsData/DataBuilders/BuildScriptPackedPlayMode.asset using Guid(0681e69c53052ee4fafdaa7551608d0f) Importer(2089858483,0ecaa5967403d082aa24f35e1b516d23) [PhysX] Initialized MultithreadedTaskDispatcher with 12 workers.
 -> (artifact id: '08d87ca8ff0e383c07e0ef9c7dd2bfff') in 0.031185 seconds
Number of updated asset objects reloaded before import = 0
Number of asset objects unloaded after import = 1
========================================================================
Received Import Request.
  Time since last request: 0.000020 seconds.
  path: Assets/Scenes/GameScene.unity
  artifactKey: Guid(698c9625599f30743ad4862e39a36336) Importer(2089858483,0ecaa5967403d082aa24f35e1b516d23)
Start importing Assets/Scenes/GameScene.unity using Guid(698c9625599f30743ad4862e39a36336) Importer(2089858483,0ecaa5967403d082aa24f35e1b516d23) [PhysX] Initialized MultithreadedTaskDispatcher with 12 workers.
 -> (artifact id: '0f845c19a29a49437afe5141ea464d2e') in 0.037564 seconds
Number of updated asset objects reloaded before import = 0
Number of asset objects unloaded after import = 1
========================================================================
Received Import Request.
  Time since last request: 0.000013 seconds.
  path: Assets/BearsStudios_LowPoly_PineTrees/Prefabs/burned_pine_04.prefab
  artifactKey: Guid(c9d55ca15190b9f4d8b39d19ecf6f297) Importer(2089858483,0ecaa5967403d082aa24f35e1b516d23)
Start importing Assets/BearsStudios_LowPoly_PineTrees/Prefabs/burned_pine_04.prefab using Guid(c9d55ca15190b9f4d8b39d19ecf6f297) Importer(2089858483,0ecaa5967403d082aa24f35e1b516d23) [PhysX] Initialized MultithreadedTaskDispatcher with 12 workers.
 -> (artifact id: '95a1b80d89b6bc1839b5d012492d147a') in 0.089956 seconds
Number of updated asset objects reloaded before import = 0
Number of asset objects unloaded after import = 8
========================================================================
Received Import Request.
  Time since last request: 0.000019 seconds.
  path: Assets/BearsStudios_LowPoly_PineTrees/Prefabs/fire_pine_01.prefab
  artifactKey: Guid(83984036ed7bc304c89fd8c77caa017c) Importer(2089858483,0ecaa5967403d082aa24f35e1b516d23)
Start importing Assets/BearsStudios_LowPoly_PineTrees/Prefabs/fire_pine_01.prefab using Guid(83984036ed7bc304c89fd8c77caa017c) Importer(2089858483,0ecaa5967403d082aa24f35e1b516d23) [PhysX] Initialized MultithreadedTaskDispatcher with 12 workers.
 -> (artifact id: '10bcae1f3b71f4f95de6b6ff5c6cda33') in 0.154360 seconds
Number of updated asset objects reloaded before import = 0
Number of asset objects unloaded after import = 8
========================================================================
Received Import Request.
  Time since last request: 0.000022 seconds.
  path: Assets/Localization/Languages/Russian (ru).asset
  artifactKey: Guid(7cf5f3a7d2825a2499de029868127a32) Importer(2089858483,0ecaa5967403d082aa24f35e1b516d23)
Start importing Assets/Localization/Languages/Russian (ru).asset using Guid(7cf5f3a7d2825a2499de029868127a32) Importer(2089858483,0ecaa5967403d082aa24f35e1b516d23) [PhysX] Initialized MultithreadedTaskDispatcher with 12 workers.
 -> (artifact id: 'e29a89e16d461507a418edeb656eb851') in 0.015341 seconds
Number of updated asset objects reloaded before import = 0
Number of asset objects unloaded after import = 1
========================================================================
Received Import Request.
  Time since last request: 0.000019 seconds.
  path: Assets/Plugins/Zenject/LICENSE.txt
  artifactKey: Guid(75406829aaca6154491302d85b26270a) Importer(2089858483,0ecaa5967403d082aa24f35e1b516d23)
Start importing Assets/Plugins/Zenject/LICENSE.txt using Guid(75406829aaca6154491302d85b26270a) Importer(2089858483,0ecaa5967403d082aa24f35e1b516d23) [PhysX] Initialized MultithreadedTaskDispatcher with 12 workers.
 -> (artifact id: 'fea289915862f2f113e014fcfa65e86c') in 0.157560 seconds
Number of updated asset objects reloaded before import = 0
Number of asset objects unloaded after import = 1
========================================================================
Received Import Request.
  Time since last request: 0.000019 seconds.
  path: Assets/Graphics/Textures/door1.png
  artifactKey: Guid(2cc8d234605d97142b41e1a4c110a710) Importer(2089858483,0ecaa5967403d082aa24f35e1b516d23)
Start importing Assets/Graphics/Textures/door1.png using Guid(2cc8d234605d97142b41e1a4c110a710) Importer(2089858483,0ecaa5967403d082aa24f35e1b516d23) [PhysX] Initialized MultithreadedTaskDispatcher with 12 workers.
 -> (artifact id: 'f3373a71534aded87cb302fe23431860') in 0.298088 seconds
Number of updated asset objects reloaded before import = 0
Number of asset objects unloaded after import = 3
========================================================================
Received Import Request.
  Time since last request: 0.000016 seconds.
  path: Assets/Plugins/CustomIK/Readme.pdf
  artifactKey: Guid(f7c2ef4a2e86f424a82d7395489418ac) Importer(2089858483,0ecaa5967403d082aa24f35e1b516d23)
Start importing Assets/Plugins/CustomIK/Readme.pdf using Guid(f7c2ef4a2e86f424a82d7395489418ac) Importer(2089858483,0ecaa5967403d082aa24f35e1b516d23) [PhysX] Initialized MultithreadedTaskDispatcher with 12 workers.
 -> (artifact id: '541f9e874a6241ad33385b2d90b4e250') in 0.053001 seconds
Number of updated asset objects reloaded before import = 0
Number of asset objects unloaded after import = 1
========================================================================
Received Import Request.
  Time since last request: 0.000027 seconds.
  path: Assets/Scenes/AnimationTest/FlipObjectKeepScale.cs
  artifactKey: Guid(2e16b71ddc015d240b79b2378756ddef) Importer(2089858483,0ecaa5967403d082aa24f35e1b516d23)
Start importing Assets/Scenes/AnimationTest/FlipObjectKeepScale.cs using Guid(2e16b71ddc015d240b79b2378756ddef) Importer(2089858483,0ecaa5967403d082aa24f35e1b516d23) [PhysX] Initialized MultithreadedTaskDispatcher with 12 workers.
 -> (artifact id: 'e06add0a16fb74e24b3a8eb3dfb9492c') in 0.274589 seconds
Number of updated asset objects reloaded before import = 0
Number of asset objects unloaded after import = 1
========================================================================
Received Import Request.
  Time since last request: 0.000017 seconds.
  path: Assets/Plugins/Zenject/zenject.asmdef
  artifactKey: Guid(0d8beb7f090555447a6cf5ce9e54dbb4) Importer(2089858483,0ecaa5967403d082aa24f35e1b516d23)
Start importing Assets/Plugins/Zenject/zenject.asmdef using Guid(0d8beb7f090555447a6cf5ce9e54dbb4) Importer(2089858483,0ecaa5967403d082aa24f35e1b516d23) [PhysX] Initialized MultithreadedTaskDispatcher with 12 workers.
 -> (artifact id: 'dcebaf8f70bd3247b90a3f03a5940d2b') in 0.726363 seconds
Number of updated asset objects reloaded before import = 0
Number of asset objects unloaded after import = 1
========================================================================
Received Import Request.
  Time since last request: 0.000021 seconds.
  path: Assets/Scenes/PlayerTest/Player.prefab
  artifactKey: Guid(56217a8f27659c0419aed29de8ddc4d0) Importer(2089858483,0ecaa5967403d082aa24f35e1b516d23)
Start importing Assets/Scenes/PlayerTest/Player.prefab using Guid(56217a8f27659c0419aed29de8ddc4d0) Importer(2089858483,0ecaa5967403d082aa24f35e1b516d23) [PhysX] Initialized MultithreadedTaskDispatcher with 12 workers.
 -> (artifact id: 'e1a5a2c67395654cabbfacf3045a07a0') in 0.054034 seconds
Number of updated asset objects reloaded before import = 0
Number of asset objects unloaded after import = 178
========================================================================
Received Import Request.
  Time since last request: 0.000017 seconds.
  path: Assets/Scenes/Level1/NavMesh-NavMesh 5.asset
  artifactKey: Guid(5f84106653456fa4aa87e09079d588a5) Importer(2089858483,0ecaa5967403d082aa24f35e1b516d23)
Start importing Assets/Scenes/Level1/NavMesh-NavMesh 5.asset using Guid(5f84106653456fa4aa87e09079d588a5) Importer(2089858483,0ecaa5967403d082aa24f35e1b516d23) [PhysX] Initialized MultithreadedTaskDispatcher with 12 workers.
 -> (artifact id: 'a4f9cf3095e4f67457829dc2733c6c23') in 0.101477 seconds
Number of updated asset objects reloaded before import = 0
Number of asset objects unloaded after import = 1
========================================================================
Received Import Request.
  Time since last request: 0.000020 seconds.
  path: Assets/Plugins/CustomIK/DemoScene2Settings.lighting
  artifactKey: Guid(cd6658b6dc9535349b5fef11fbc674ec) Importer(2089858483,0ecaa5967403d082aa24f35e1b516d23)
Start importing Assets/Plugins/CustomIK/DemoScene2Settings.lighting using Guid(cd6658b6dc9535349b5fef11fbc674ec) Importer(2089858483,0ecaa5967403d082aa24f35e1b516d23) [PhysX] Initialized MultithreadedTaskDispatcher with 12 workers.
LightingSettings: switching bake backend from 1 to 0.
 -> (artifact id: '6034efadf4452a0a70ba29feffb07355') in 1.512280 seconds
Number of updated asset objects reloaded before import = 0
Number of asset objects unloaded after import = 1
========================================================================
Received Import Request.
  Time since last request: 0.000016 seconds.
  path: Assets/Scenes/PlayerTest/PointsToLine.cs
  artifactKey: Guid(42e45275b2244b646b866fd15f17e142) Importer(2089858483,0ecaa5967403d082aa24f35e1b516d23)
Start importing Assets/Scenes/PlayerTest/PointsToLine.cs using Guid(42e45275b2244b646b866fd15f17e142) Importer(2089858483,0ecaa5967403d082aa24f35e1b516d23) [PhysX] Initialized MultithreadedTaskDispatcher with 12 workers.
 -> (artifact id: '21e1c072282b36c90a39c65f81e11d55') in 0.299215 seconds
Number of updated asset objects reloaded before import = 0
Number of asset objects unloaded after import = 1
========================================================================
Received Import Request.
  Time since last request: 0.000022 seconds.
  path: Assets/Scenes/OldScenes/oldScene.unity
  artifactKey: Guid(0a1cd4c5d25a1e04bb4afcbfec43b4d6) Importer(2089858483,0ecaa5967403d082aa24f35e1b516d23)
Start importing Assets/Scenes/OldScenes/oldScene.unity using Guid(0a1cd4c5d25a1e04bb4afcbfec43b4d6) Importer(2089858483,0ecaa5967403d082aa24f35e1b516d23) [PhysX] Initialized MultithreadedTaskDispatcher with 12 workers.
 -> (artifact id: 'ffcbd0a9537215725d8c5042499cea48') in 0.016453 seconds
Number of updated asset objects reloaded before import = 0
Number of asset objects unloaded after import = 1
========================================================================
Received Import Request.
  Time since last request: 0.000015 seconds.
  path: Assets/Scenes/testCameraFilter/New Material 1.mat
  artifactKey: Guid(696203602e197d547964b147f69071c0) Importer(2089858483,0ecaa5967403d082aa24f35e1b516d23)
Start importing Assets/Scenes/testCameraFilter/New Material 1.mat using Guid(696203602e197d547964b147f69071c0) Importer(2089858483,0ecaa5967403d082aa24f35e1b516d23) [PhysX] Initialized MultithreadedTaskDispatcher with 12 workers.
 -> (artifact id: '55252a66aa19900e77ca9bbefc886dec') in 0.044187 seconds
Number of updated asset objects reloaded before import = 0
Number of asset objects unloaded after import = 2
========================================================================
Received Import Request.
  Time since last request: 0.000016 seconds.
  path: Assets/Scenes/PlayerTest/ScaleController.cs
  artifactKey: Guid(b79f825a756fffd4c9988dbfee9790a6) Importer(2089858483,0ecaa5967403d082aa24f35e1b516d23)
Start importing Assets/Scenes/PlayerTest/ScaleController.cs using Guid(b79f825a756fffd4c9988dbfee9790a6) Importer(2089858483,0ecaa5967403d082aa24f35e1b516d23) [PhysX] Initialized MultithreadedTaskDispatcher with 12 workers.
 -> (artifact id: '219bbf4f678f55bde7a60eddd4c21d7f') in 0.014891 seconds
Number of updated asset objects reloaded before import = 0
Number of asset objects unloaded after import = 1
========================================================================
Received Import Request.
  Time since last request: 0.000014 seconds.
  path: Assets/Scenes/Level3/NavMesh-NavMesh.asset
  artifactKey: Guid(e92901d31cace0c4e9c4611f9450cdc8) Importer(2089858483,0ecaa5967403d082aa24f35e1b516d23)
Start importing Assets/Scenes/Level3/NavMesh-NavMesh.asset using Guid(e92901d31cace0c4e9c4611f9450cdc8) Importer(2089858483,0ecaa5967403d082aa24f35e1b516d23) [PhysX] Initialized MultithreadedTaskDispatcher with 12 workers.
 -> (artifact id: '84baaefc4c64a1be8c618efe3ae9ef98') in 0.099494 seconds
Number of updated asset objects reloaded before import = 0
Number of asset objects unloaded after import = 1
========================================================================
Received Import Request.
  Time since last request: 0.000020 seconds.
  path: Assets/Graphics/Textures/mondo-grass-none-187spw.jpg
  artifactKey: Guid(a360c337cfad3814f97956ada97e7bd3) Importer(2089858483,0ecaa5967403d082aa24f35e1b516d23)
Start importing Assets/Graphics/Textures/mondo-grass-none-187spw.jpg using Guid(a360c337cfad3814f97956ada97e7bd3) Importer(2089858483,0ecaa5967403d082aa24f35e1b516d23) [PhysX] Initialized MultithreadedTaskDispatcher with 12 workers.
 -> (artifact id: '45fffa4e21447d6186f72ea5f295a0d1') in 0.048129 seconds
Number of updated asset objects reloaded before import = 0
Number of asset objects unloaded after import = 1
========================================================================
Received Import Request.
  Time since last request: 0.000029 seconds.
  path: Assets/Plugins/CustomIK/DemoScene3.unity
  artifactKey: Guid(6d77e70b0dfdea04f9163fa980a47326) Importer(2089858483,0ecaa5967403d082aa24f35e1b516d23)
Start importing Assets/Plugins/CustomIK/DemoScene3.unity using Guid(6d77e70b0dfdea04f9163fa980a47326) Importer(2089858483,0ecaa5967403d082aa24f35e1b516d23) [PhysX] Initialized MultithreadedTaskDispatcher with 12 workers.
 -> (artifact id: 'f774eaa2d33c34b9124e7bb0d3c93452') in 0.013909 seconds
Number of updated asset objects reloaded before import = 0
Number of asset objects unloaded after import = 1
========================================================================
Received Import Request.
  Time since last request: 0.000016 seconds.
  path: Assets/Graphics/Icons/wood.png
  artifactKey: Guid(57e15528736ddb04c94cf2115cd018e1) Importer(2089858483,0ecaa5967403d082aa24f35e1b516d23)
Start importing Assets/Graphics/Icons/wood.png using Guid(57e15528736ddb04c94cf2115cd018e1) Importer(2089858483,0ecaa5967403d082aa24f35e1b516d23) [PhysX] Initialized MultithreadedTaskDispatcher with 12 workers.
 -> (artifact id: '0c09541a25b049d9ae8182e6e854aca3') in 0.151702 seconds
Number of updated asset objects reloaded before import = 0
Number of asset objects unloaded after import = 3
========================================================================
Received Import Request.
  Time since last request: 0.000014 seconds.
  path: Assets/Scenes/testCameraFilter/New Material.mat
  artifactKey: Guid(358ce0574c7cbdb408618e33d364dd0b) Importer(2089858483,0ecaa5967403d082aa24f35e1b516d23)
Start importing Assets/Scenes/testCameraFilter/New Material.mat using Guid(358ce0574c7cbdb408618e33d364dd0b) Importer(2089858483,0ecaa5967403d082aa24f35e1b516d23) [PhysX] Initialized MultithreadedTaskDispatcher with 12 workers.
 -> (artifact id: 'b4875a395c1a458bf9f177214492fa46') in 0.013403 seconds
Number of updated asset objects reloaded before import = 0
Number of asset objects unloaded after import = 2
========================================================================
Received Import Request.
  Time since last request: 0.000015 seconds.
  path: Assets/Graphics/Textures/aerial-staggered-62cc4f166ff25-1200.jpg
  artifactKey: Guid(9a14077ade533e84eb54338019d7f030) Importer(2089858483,0ecaa5967403d082aa24f35e1b516d23)
Start importing Assets/Graphics/Textures/aerial-staggered-62cc4f166ff25-1200.jpg using Guid(9a14077ade533e84eb54338019d7f030) Importer(2089858483,0ecaa5967403d082aa24f35e1b516d23) [PhysX] Initialized MultithreadedTaskDispatcher with 12 workers.
 -> (artifact id: 'c3a4a67daee4733328155dda964951e6') in 0.065756 seconds
Number of updated asset objects reloaded before import = 0
Number of asset objects unloaded after import = 3
========================================================================
Received Import Request.
  Time since last request: 0.000016 seconds.
  path: Assets/BearsStudios_LowPoly_PineTrees/Prefabs/autumn_pine_01.prefab
  artifactKey: Guid(2e93e015265b28649938e691d16d1a87) Importer(2089858483,0ecaa5967403d082aa24f35e1b516d23)
Start importing Assets/BearsStudios_LowPoly_PineTrees/Prefabs/autumn_pine_01.prefab using Guid(2e93e015265b28649938e691d16d1a87) Importer(2089858483,0ecaa5967403d082aa24f35e1b516d23) [PhysX] Initialized MultithreadedTaskDispatcher with 12 workers.
 -> (artifact id: '881130373ab92c7697f990e53cce2b41') in 0.136514 seconds
Number of updated asset objects reloaded before import = 0
Number of asset objects unloaded after import = 8
========================================================================
Received Import Request.
  Time since last request: 0.000025 seconds.
  path: Assets/Music and Sound/Music/Spotted/creepy-buzz-from-a-horror-movie_muted.mp3
  artifactKey: Guid(a90a6d1eb58a9a14cb749f1b0d0f85f8) Importer(2089858483,0ecaa5967403d082aa24f35e1b516d23)
Start importing Assets/Music and Sound/Music/Spotted/creepy-buzz-from-a-horror-movie_muted.mp3 using Guid(a90a6d1eb58a9a14cb749f1b0d0f85f8) Importer(2089858483,0ecaa5967403d082aa24f35e1b516d23) [PhysX] Initialized MultithreadedTaskDispatcher with 12 workers.
 -> (artifact id: 'b9e10ac5960c7637aa9b97cfe252c951') in 0.203500 seconds
Number of updated asset objects reloaded before import = 0
Number of asset objects unloaded after import = 1
========================================================================
Received Import Request.
  Time since last request: 0.000014 seconds.
  path: Assets/Scenes/testCameraFilter/TestCameraFilter.prefab
  artifactKey: Guid(85bf44b882734dd47a70eb30f7b3192c) Importer(2089858483,0ecaa5967403d082aa24f35e1b516d23)
Start importing Assets/Scenes/testCameraFilter/TestCameraFilter.prefab using Guid(85bf44b882734dd47a70eb30f7b3192c) Importer(2089858483,0ecaa5967403d082aa24f35e1b516d23) [PhysX] Initialized MultithreadedTaskDispatcher with 12 workers.
 -> (artifact id: '1fe7077c805306abdd1b435f8b3f5309') in 0.023927 seconds
Number of updated asset objects reloaded before import = 0
Number of asset objects unloaded after import = 24
========================================================================
Received Import Request.
  Time since last request: 0.000016 seconds.
  path: Assets/Systems/Objects/AutoTextureTiling.cs
  artifactKey: Guid(dd2bb83644de945459d045cfc80c8c19) Importer(2089858483,0ecaa5967403d082aa24f35e1b516d23)
Start importing Assets/Systems/Objects/AutoTextureTiling.cs using Guid(dd2bb83644de945459d045cfc80c8c19) Importer(2089858483,0ecaa5967403d082aa24f35e1b516d23) [PhysX] Initialized MultithreadedTaskDispatcher with 12 workers.
 -> (artifact id: '755fdfde0a3f263cd970f9fa17121734') in 0.017255 seconds
Number of updated asset objects reloaded before import = 0
Number of asset objects unloaded after import = 1
========================================================================
Received Import Request.
  Time since last request: 0.000023 seconds.
  path: Assets/Systems/UI/Canvas.prefab
  artifactKey: Guid(a37446fe62139b94e8c09bbc11c87ce2) Importer(2089858483,0ecaa5967403d082aa24f35e1b516d23)
Start importing Assets/Systems/UI/Canvas.prefab using Guid(a37446fe62139b94e8c09bbc11c87ce2) Importer(2089858483,0ecaa5967403d082aa24f35e1b516d23) [PhysX] Initialized MultithreadedTaskDispatcher with 12 workers.
 -> (artifact id: 'ed9383cfe4100b1384e37f59251c9e85') in 0.142768 seconds
Number of updated asset objects reloaded before import = 0
Number of asset objects unloaded after import = 450
========================================================================
Received Import Request.
  Time since last request: 0.000018 seconds.
  path: Assets/Music and Sound/Music/Spotted/creepy-buzz-from-a-horror-movie.mp3
  artifactKey: Guid(a500c1b6cdf780b44bd3ab114b98bf71) Importer(2089858483,0ecaa5967403d082aa24f35e1b516d23)
Start importing Assets/Music and Sound/Music/Spotted/creepy-buzz-from-a-horror-movie.mp3 using Guid(a500c1b6cdf780b44bd3ab114b98bf71) Importer(2089858483,0ecaa5967403d082aa24f35e1b516d23) [PhysX] Initialized MultithreadedTaskDispatcher with 12 workers.
 -> (artifact id: '86bcdefdf8b851164942e6f40eb1ed56') in 0.097742 seconds
Number of updated asset objects reloaded before import = 0
Number of asset objects unloaded after import = 1
========================================================================
Received Import Request.
  Time since last request: 0.000014 seconds.
  path: Assets/Materials/Wall3.mat
  artifactKey: Guid(98d30e291f69f764b9bb2a9c66d863a0) Importer(2089858483,0ecaa5967403d082aa24f35e1b516d23)
Start importing Assets/Materials/Wall3.mat using Guid(98d30e291f69f764b9bb2a9c66d863a0) Importer(2089858483,0ecaa5967403d082aa24f35e1b516d23) [PhysX] Initialized MultithreadedTaskDispatcher with 12 workers.
 -> (artifact id: 'cb1703897d72f0d722a581a5a82a2e28') in 0.167674 seconds
Number of updated asset objects reloaded before import = 0
Number of asset objects unloaded after import = 2
========================================================================
Received Import Request.
  Time since last request: 0.000023 seconds.
  path: Assets/Scenes/Level1/NavMesh-NavMesh 2.asset
  artifactKey: Guid(425915c6345ae494e9f0a7136b847e5a) Importer(2089858483,0ecaa5967403d082aa24f35e1b516d23)
Start importing Assets/Scenes/Level1/NavMesh-NavMesh 2.asset using Guid(425915c6345ae494e9f0a7136b847e5a) Importer(2089858483,0ecaa5967403d082aa24f35e1b516d23) [PhysX] Initialized MultithreadedTaskDispatcher with 12 workers.
 -> (artifact id: '2c014228b63760623368acc8061173cc') in 0.079216 seconds
Number of updated asset objects reloaded before import = 0
Number of asset objects unloaded after import = 1
========================================================================
Received Import Request.
  Time since last request: 0.000014 seconds.
  path: Assets/Systems/Services/SceneSearchService.cs
  artifactKey: Guid(da2d31c28e4233a4ea3b439361645081) Importer(2089858483,0ecaa5967403d082aa24f35e1b516d23)
Start importing Assets/Systems/Services/SceneSearchService.cs using Guid(da2d31c28e4233a4ea3b439361645081) Importer(2089858483,0ecaa5967403d082aa24f35e1b516d23) [PhysX] Initialized MultithreadedTaskDispatcher with 12 workers.
 -> (artifact id: 'f771223223e124a9687d757533ec6e69') in 0.098287 seconds
Number of updated asset objects reloaded before import = 0
Number of asset objects unloaded after import = 1
========================================================================
Received Import Request.
  Time since last request: 0.000014 seconds.
  path: Assets/Graphics/Textures/bathroom-tiles-6049638.jpg
  artifactKey: Guid(985ad8142bd8aea44a9e0ee787b6d9be) Importer(2089858483,0ecaa5967403d082aa24f35e1b516d23)
Start importing Assets/Graphics/Textures/bathroom-tiles-6049638.jpg using Guid(985ad8142bd8aea44a9e0ee787b6d9be) Importer(2089858483,0ecaa5967403d082aa24f35e1b516d23) [PhysX] Initialized MultithreadedTaskDispatcher with 12 workers.
 -> (artifact id: '237b8e86b979840c8a9bf65e6798023f') in 0.040587 seconds
Number of updated asset objects reloaded before import = 0
Number of asset objects unloaded after import = 3
========================================================================
Received Import Request.
  Time since last request: 0.000019 seconds.
  path: Assets/AddressableAssetsData/DataBuilders/BuildScriptVirtualMode.asset
  artifactKey: Guid(74c3e4a1056e53e42afdd75c733640a4) Importer(2089858483,0ecaa5967403d082aa24f35e1b516d23)
Start importing Assets/AddressableAssetsData/DataBuilders/BuildScriptVirtualMode.asset using Guid(74c3e4a1056e53e42afdd75c733640a4) Importer(2089858483,0ecaa5967403d082aa24f35e1b516d23) [PhysX] Initialized MultithreadedTaskDispatcher with 12 workers.
 -> (artifact id: '8917475f7b390c4379d1312331993566') in 0.029484 seconds
Number of updated asset objects reloaded before import = 0
Number of asset objects unloaded after import = 1
========================================================================
Received Import Request.
  Time since last request: 0.000022 seconds.
  path: Assets/Editor/RoomBuilderEditor.cs
  artifactKey: Guid(1338dbe5978396a41980fe32bb3786eb) Importer(2089858483,0ecaa5967403d082aa24f35e1b516d23)
Start importing Assets/Editor/RoomBuilderEditor.cs using Guid(1338dbe5978396a41980fe32bb3786eb) Importer(2089858483,0ecaa5967403d082aa24f35e1b516d23) [PhysX] Initialized MultithreadedTaskDispatcher with 12 workers.
 -> (artifact id: '10807f47fe2ae3f54e9850a5576fb49a') in 0.055551 seconds
Number of updated asset objects reloaded before import = 0
Number of asset objects unloaded after import = 1
========================================================================
Received Import Request.
  Time since last request: 0.000015 seconds.
  path: Assets/Localization/Languages/English (en).asset
  artifactKey: Guid(088a0bf309cec484bb1aa184ff6c1540) Importer(2089858483,0ecaa5967403d082aa24f35e1b516d23)
Start importing Assets/Localization/Languages/English (en).asset using Guid(088a0bf309cec484bb1aa184ff6c1540) Importer(2089858483,0ecaa5967403d082aa24f35e1b516d23) [PhysX] Initialized MultithreadedTaskDispatcher with 12 workers.
 -> (artifact id: '31c3f73df68000c9b456d597440ee48e') in 0.039766 seconds
Number of updated asset objects reloaded before import = 0
Number of asset objects unloaded after import = 1
========================================================================
Received Import Request.
  Time since last request: 0.000014 seconds.
  path: Assets/Audio/AudioMixer.mixer
  artifactKey: Guid(954b9f538929f6a43aa17ff0d1f613e8) Importer(2089858483,0ecaa5967403d082aa24f35e1b516d23)
Start importing Assets/Audio/AudioMixer.mixer using Guid(954b9f538929f6a43aa17ff0d1f613e8) Importer(2089858483,0ecaa5967403d082aa24f35e1b516d23) [PhysX] Initialized MultithreadedTaskDispatcher with 12 workers.
Refreshing native plugins compatible for Editor in 4.54 ms, found 5 plugins.
Preloading 0 native plugins for Editor in 0.00 ms.
 -> (artifact id: '2f7ffc00db27bb304c2ba8d83cc2da80') in 0.104105 seconds
Number of updated asset objects reloaded before import = 0
Number of asset objects unloaded after import = 9
========================================================================
Received Import Request.
  Time since last request: 0.000015 seconds.
  path: Assets/Materials/Grass.mat
  artifactKey: Guid(ee6dd3748e3b9964e9670846dc2570f3) Importer(2089858483,0ecaa5967403d082aa24f35e1b516d23)
Start importing Assets/Materials/Grass.mat using Guid(ee6dd3748e3b9964e9670846dc2570f3) Importer(2089858483,0ecaa5967403d082aa24f35e1b516d23) [PhysX] Initialized MultithreadedTaskDispatcher with 12 workers.
 -> (artifact id: '52467d3404e5161e9502d3a24ea2a8c7') in 0.030501 seconds
Number of updated asset objects reloaded before import = 0
Number of asset objects unloaded after import = 2
========================================================================
Received Import Request.
  Time since last request: 0.000022 seconds.
  path: Assets/Systems/UI/ScreenFader.cs
  artifactKey: Guid(7d977cfb1fc7b194b9850fb921c6269f) Importer(2089858483,0ecaa5967403d082aa24f35e1b516d23)
Start importing Assets/Systems/UI/ScreenFader.cs using Guid(7d977cfb1fc7b194b9850fb921c6269f) Importer(2089858483,0ecaa5967403d082aa24f35e1b516d23) [PhysX] Initialized MultithreadedTaskDispatcher with 12 workers.
 -> (artifact id: '532cc6cfa83b7ff4c48c6335cb178d20') in 0.023648 seconds
Number of updated asset objects reloaded before import = 0
Number of asset objects unloaded after import = 1
========================================================================
Received Import Request.
  Time since last request: 0.000016 seconds.
  path: Assets/Scenes/Level3.unity
  artifactKey: Guid(0c997877fe429c848badd5a033cf6348) Importer(2089858483,0ecaa5967403d082aa24f35e1b516d23)
Start importing Assets/Scenes/Level3.unity using Guid(0c997877fe429c848badd5a033cf6348) Importer(2089858483,0ecaa5967403d082aa24f35e1b516d23) [PhysX] Initialized MultithreadedTaskDispatcher with 12 workers.
 -> (artifact id: '6b33abde294eed29cfd63cdabb43cc17') in 0.106711 seconds
Number of updated asset objects reloaded before import = 0
Number of asset objects unloaded after import = 1
========================================================================
Received Import Request.
  Time since last request: 0.000015 seconds.
  path: Assets/Music and Sound/SFX/Alarm/microsammy-clock-alarm-8761.mp3
  artifactKey: Guid(102b1d2519e86234691c455539f90c00) Importer(2089858483,0ecaa5967403d082aa24f35e1b516d23)
Start importing Assets/Music and Sound/SFX/Alarm/microsammy-clock-alarm-8761.mp3 using Guid(102b1d2519e86234691c455539f90c00) Importer(2089858483,0ecaa5967403d082aa24f35e1b516d23) [PhysX] Initialized MultithreadedTaskDispatcher with 12 workers.
 -> (artifact id: '3d1784ecd7fa59ca8e299efd09039fb9') in 0.102927 seconds
Number of updated asset objects reloaded before import = 0
Number of asset objects unloaded after import = 1
========================================================================
Received Import Request.
  Time since last request: 0.000017 seconds.
  path: Assets/Music and Sound/SFX/Door/Door close SFX 2.wav
  artifactKey: Guid(345ff3790c28da84f809da195d62bea3) Importer(2089858483,0ecaa5967403d082aa24f35e1b516d23)
Start importing Assets/Music and Sound/SFX/Door/Door close SFX 2.wav using Guid(345ff3790c28da84f809da195d62bea3) Importer(2089858483,0ecaa5967403d082aa24f35e1b516d23) [PhysX] Initialized MultithreadedTaskDispatcher with 12 workers.
 -> (artifact id: 'fc918a52e828fdbe3b5aaf08d5a79c68') in 0.116204 seconds
Number of updated asset objects reloaded before import = 0
Number of asset objects unloaded after import = 1
========================================================================
Received Import Request.
  Time since last request: 0.000022 seconds.
  path: Assets/Music and Sound/SFX/Scary AMB/Scary AMB 3.wav
  artifactKey: Guid(40586bb837a101a4db92be59afe8fdda) Importer(2089858483,0ecaa5967403d082aa24f35e1b516d23)
Start importing Assets/Music and Sound/SFX/Scary AMB/Scary AMB 3.wav using Guid(40586bb837a101a4db92be59afe8fdda) Importer(2089858483,0ecaa5967403d082aa24f35e1b516d23) [PhysX] Initialized MultithreadedTaskDispatcher with 12 workers.
 -> (artifact id: 'ebe9546d6f5ca2f09d492bee8d6cbb58') in 0.079335 seconds
Number of updated asset objects reloaded before import = 0
Number of asset objects unloaded after import = 1
========================================================================
Received Import Request.
  Time since last request: 0.000018 seconds.
  path: Assets/Music and Sound/SFX/Radio/Radio SFX 1.wav
  artifactKey: Guid(055e0ea915d459f4d82dc17ca778d7b1) Importer(2089858483,0ecaa5967403d082aa24f35e1b516d23)
Start importing Assets/Music and Sound/SFX/Radio/Radio SFX 1.wav using Guid(055e0ea915d459f4d82dc17ca778d7b1) Importer(2089858483,0ecaa5967403d082aa24f35e1b516d23) [PhysX] Initialized MultithreadedTaskDispatcher with 12 workers.
 -> (artifact id: 'cf99ca3af53cd3291c4a42284228273e') in 0.134710 seconds
Number of updated asset objects reloaded before import = 0
Number of asset objects unloaded after import = 1
========================================================================
Received Import Request.
  Time since last request: 0.000026 seconds.
  path: Assets/Music and Sound/Music/Spotted/Escaped Draft 2.wav
  artifactKey: Guid(7079a3ebb1449fe478f3238e0003840e) Importer(2089858483,0ecaa5967403d082aa24f35e1b516d23)
Start importing Assets/Music and Sound/Music/Spotted/Escaped Draft 2.wav using Guid(7079a3ebb1449fe478f3238e0003840e) Importer(2089858483,0ecaa5967403d082aa24f35e1b516d23) [PhysX] Initialized MultithreadedTaskDispatcher with 12 workers.
 -> (artifact id: 'e041ee3e180e1f6e4cf8939a5eb61df2') in 0.169885 seconds
Number of updated asset objects reloaded before import = 0
Number of asset objects unloaded after import = 1
========================================================================
Received Import Request.
  Time since last request: 0.000022 seconds.
  path: Assets/Music and Sound/SFX/Radio/Radio SFX 8.wav
  artifactKey: Guid(b7a489833906d8b40a6db26ef9627d07) Importer(2089858483,0ecaa5967403d082aa24f35e1b516d23)
Start importing Assets/Music and Sound/SFX/Radio/Radio SFX 8.wav using Guid(b7a489833906d8b40a6db26ef9627d07) Importer(2089858483,0ecaa5967403d082aa24f35e1b516d23) [PhysX] Initialized MultithreadedTaskDispatcher with 12 workers.
 -> (artifact id: 'bf79f1fe0380645b31297d0d133ecd63') in 0.106170 seconds
Number of updated asset objects reloaded before import = 0
Number of asset objects unloaded after import = 1
========================================================================
Received Import Request.
  Time since last request: 0.000014 seconds.
  path: Assets/Music and Sound/Music/Spotted/Monster sees us Music Draft 3.wav
  artifactKey: Guid(5949cb740f49108419ceab35039f60ee) Importer(2089858483,0ecaa5967403d082aa24f35e1b516d23)
Start importing Assets/Music and Sound/Music/Spotted/Monster sees us Music Draft 3.wav using Guid(5949cb740f49108419ceab35039f60ee) Importer(2089858483,0ecaa5967403d082aa24f35e1b516d23) [PhysX] Initialized MultithreadedTaskDispatcher with 12 workers.
 -> (artifact id: 'a33ea03730f2e3f2b0fe0f7321ab9b42') in 0.142072 seconds
Number of updated asset objects reloaded before import = 0
Number of asset objects unloaded after import = 1
========================================================================
Received Import Request.
  Time since last request: 0.000017 seconds.
  path: Assets/Music and Sound/Music/Spotted/Just came into view.wav
  artifactKey: Guid(2c34db32649ce364fbec139cf4cf5f74) Importer(2089858483,0ecaa5967403d082aa24f35e1b516d23)
Start importing Assets/Music and Sound/Music/Spotted/Just came into view.wav using Guid(2c34db32649ce364fbec139cf4cf5f74) Importer(2089858483,0ecaa5967403d082aa24f35e1b516d23) [PhysX] Initialized MultithreadedTaskDispatcher with 12 workers.
 -> (artifact id: 'd869a4d5a04685557139548623d8b9ff') in 0.200587 seconds
Number of updated asset objects reloaded before import = 0
Number of asset objects unloaded after import = 1
========================================================================
Received Import Request.
  Time since last request: 0.000027 seconds.
  path: Assets/Music and Sound/SFX/Player SFX/Disentegrate SFX.wav
  artifactKey: Guid(5a2d4aa66f7bc3b4e95e2a43f5f75510) Importer(2089858483,0ecaa5967403d082aa24f35e1b516d23)
Start importing Assets/Music and Sound/SFX/Player SFX/Disentegrate SFX.wav using Guid(5a2d4aa66f7bc3b4e95e2a43f5f75510) Importer(2089858483,0ecaa5967403d082aa24f35e1b516d23) [PhysX] Initialized MultithreadedTaskDispatcher with 12 workers.
 -> (artifact id: '3ca2211919b393dd50a22e2e17835014') in 0.080699 seconds
Number of updated asset objects reloaded before import = 0
Number of asset objects unloaded after import = 1
========================================================================
Received Import Request.
  Time since last request: 0.000015 seconds.
  path: Assets/BearsStudios_LowPoly_PineTrees/Prefabs/burned_pine_01.prefab
  artifactKey: Guid(643898ab38f10b2429133edfd54273d5) Importer(2089858483,0ecaa5967403d082aa24f35e1b516d23)
Start importing Assets/BearsStudios_LowPoly_PineTrees/Prefabs/burned_pine_01.prefab using Guid(643898ab38f10b2429133edfd54273d5) Importer(2089858483,0ecaa5967403d082aa24f35e1b516d23) [PhysX] Initialized MultithreadedTaskDispatcher with 12 workers.
 -> (artifact id: '3c84e8bb15425f68f2af13804137fa65') in 0.093403 seconds
Number of updated asset objects reloaded before import = 0
Number of asset objects unloaded after import = 8
========================================================================
Received Import Request.
  Time since last request: 0.000017 seconds.
  path: Assets/Audio/DistantSoundReductionSystem.cs
  artifactKey: Guid(0b6c1995e2f4b744fb8db25d4c803b81) Importer(2089858483,0ecaa5967403d082aa24f35e1b516d23)
Start importing Assets/Audio/DistantSoundReductionSystem.cs using Guid(0b6c1995e2f4b744fb8db25d4c803b81) Importer(2089858483,0ecaa5967403d082aa24f35e1b516d23) [PhysX] Initialized MultithreadedTaskDispatcher with 12 workers.
 -> (artifact id: '719e02d27b1294a5ae2254d1b71ea46f') in 0.017306 seconds
Number of updated asset objects reloaded before import = 0
Number of asset objects unloaded after import = 1
========================================================================
Received Import Request.
  Time since last request: 0.000017 seconds.
  path: Assets/Materials/Door.mat
  artifactKey: Guid(c19096537355a214cbd29e9b7f3b34db) Importer(2089858483,0ecaa5967403d082aa24f35e1b516d23)
Start importing Assets/Materials/Door.mat using Guid(c19096537355a214cbd29e9b7f3b34db) Importer(2089858483,0ecaa5967403d082aa24f35e1b516d23) [PhysX] Initialized MultithreadedTaskDispatcher with 12 workers.
 -> (artifact id: '43d8137681ba9f0aad0791b633d8ef1c') in 0.025930 seconds
Number of updated asset objects reloaded before import = 0
Number of asset objects unloaded after import = 1
========================================================================
Received Import Request.
  Time since last request: 0.000017 seconds.
  path: Assets/Plugins/TextMesh Pro/Resources/LineBreaking Leading Characters.txt
  artifactKey: Guid(d82c1b31c7e74239bff1220585707d2b) Importer(2089858483,0ecaa5967403d082aa24f35e1b516d23)
Start importing Assets/Plugins/TextMesh Pro/Resources/LineBreaking Leading Characters.txt using Guid(d82c1b31c7e74239bff1220585707d2b) Importer(2089858483,0ecaa5967403d082aa24f35e1b516d23) [PhysX] Initialized MultithreadedTaskDispatcher with 12 workers.
 -> (artifact id: '24c4814ba5d39a3234247438eb2ffc6d') in 0.039867 seconds
Number of updated asset objects reloaded before import = 0
Number of asset objects unloaded after import = 1
========================================================================
Received Import Request.
  Time since last request: 0.000023 seconds.
  path: Assets/Plugins/TextMesh Pro/Shaders/TMP_SDF-Mobile Overlay.shader
  artifactKey: Guid(a02a7d8c237544f1962732b55a9aebf1) Importer(2089858483,0ecaa5967403d082aa24f35e1b516d23)
Start importing Assets/Plugins/TextMesh Pro/Shaders/TMP_SDF-Mobile Overlay.shader using Guid(a02a7d8c237544f1962732b55a9aebf1) Importer(2089858483,0ecaa5967403d082aa24f35e1b516d23) [PhysX] Initialized MultithreadedTaskDispatcher with 12 workers.
 -> (artifact id: 'f465d7ede52b4a3aadbd497e1bab4e0e') in 0.108810 seconds
Number of updated asset objects reloaded before import = 0
Number of asset objects unloaded after import = 1
========================================================================
Received Import Request.
  Time since last request: 0.000017 seconds.
  path: Assets/Plugins/Extentions/Reflection/ReflectionService.cs
  artifactKey: Guid(022c27cef65dffe489932735b215937c) Importer(2089858483,0ecaa5967403d082aa24f35e1b516d23)
Start importing Assets/Plugins/Extentions/Reflection/ReflectionService.cs using Guid(022c27cef65dffe489932735b215937c) Importer(2089858483,0ecaa5967403d082aa24f35e1b516d23) [PhysX] Initialized MultithreadedTaskDispatcher with 12 workers.
 -> (artifact id: '49340d434acd4c409c2dae391c03fda5') in 0.018108 seconds
Number of updated asset objects reloaded before import = 0
Number of asset objects unloaded after import = 1
========================================================================
Received Import Request.
  Time since last request: 0.000024 seconds.
  path: Assets/Plugins/CustomIK/Scripts/CustomIK.cs
  artifactKey: Guid(87e97e2f3f1d5604a8539c7b0bd00747) Importer(2089858483,0ecaa5967403d082aa24f35e1b516d23)
Start importing Assets/Plugins/CustomIK/Scripts/CustomIK.cs using Guid(87e97e2f3f1d5604a8539c7b0bd00747) Importer(2089858483,0ecaa5967403d082aa24f35e1b516d23) [PhysX] Initialized MultithreadedTaskDispatcher with 12 workers.
 -> (artifact id: '25caa487713cade574642d5f2fdab3aa') in 0.046811 seconds
Number of updated asset objects reloaded before import = 0
Number of asset objects unloaded after import = 1
========================================================================
Received Import Request.
  Time since last request: 0.000017 seconds.
  path: Assets/Plugins/TextMesh Pro/Shaders/TMP_SDF-Mobile Masking.shader
  artifactKey: Guid(bc1ede39bf3643ee8e493720e4259791) Importer(2089858483,0ecaa5967403d082aa24f35e1b516d23)
Start importing Assets/Plugins/TextMesh Pro/Shaders/TMP_SDF-Mobile Masking.shader using Guid(bc1ede39bf3643ee8e493720e4259791) Importer(2089858483,0ecaa5967403d082aa24f35e1b516d23) [PhysX] Initialized MultithreadedTaskDispatcher with 12 workers.
 -> (artifact id: '7d900f11333a359b044a38b843e00366') in 0.096364 seconds
Number of updated asset objects reloaded before import = 0
Number of asset objects unloaded after import = 1
========================================================================
Received Import Request.
  Time since last request: 0.000027 seconds.
  path: Assets/Plugins/TextMesh Pro/Shaders/TMP_Bitmap.shader
  artifactKey: Guid(128e987d567d4e2c824d754223b3f3b0) Importer(2089858483,0ecaa5967403d082aa24f35e1b516d23)
Start importing Assets/Plugins/TextMesh Pro/Shaders/TMP_Bitmap.shader using Guid(128e987d567d4e2c824d754223b3f3b0) Importer(2089858483,0ecaa5967403d082aa24f35e1b516d23) [PhysX] Initialized MultithreadedTaskDispatcher with 12 workers.
 -> (artifact id: 'a5cb99adc708a194824f99678b023f25') in 0.029745 seconds
Number of updated asset objects reloaded before import = 0
Number of asset objects unloaded after import = 1
========================================================================
Received Import Request.
  Time since last request: 0.000022 seconds.
  path: Assets/Plugins/TextMesh Pro/Shaders/TMP_SDF-Mobile.shader
  artifactKey: Guid(fe393ace9b354375a9cb14cdbbc28be4) Importer(2089858483,0ecaa5967403d082aa24f35e1b516d23)
Start importing Assets/Plugins/TextMesh Pro/Shaders/TMP_SDF-Mobile.shader using Guid(fe393ace9b354375a9cb14cdbbc28be4) Importer(2089858483,0ecaa5967403d082aa24f35e1b516d23) [PhysX] Initialized MultithreadedTaskDispatcher with 12 workers.
 -> (artifact id: '437a18dc6e6572350d3dfe162f5d482f') in 0.051009 seconds
Number of updated asset objects reloaded before import = 0
Number of asset objects unloaded after import = 1
========================================================================
Received Import Request.
  Time since last request: 0.000015 seconds.
  path: Assets/Plugins/TextMesh Pro/Shaders/TMP_Bitmap-Mobile.shader
  artifactKey: Guid(1e3b057af24249748ff873be7fafee47) Importer(2089858483,0ecaa5967403d082aa24f35e1b516d23)
Start importing Assets/Plugins/TextMesh Pro/Shaders/TMP_Bitmap-Mobile.shader using Guid(1e3b057af24249748ff873be7fafee47) Importer(2089858483,0ecaa5967403d082aa24f35e1b516d23) [PhysX] Initialized MultithreadedTaskDispatcher with 12 workers.
 -> (artifact id: '153bf78e0ee302ee7c9bbccc030e8278') in 0.121918 seconds
Number of updated asset objects reloaded before import = 0
Number of asset objects unloaded after import = 1
========================================================================
Received Import Request.
  Time since last request: 0.000016 seconds.
  path: Assets/Plugins/TextMesh Pro/Shaders/TMPro_Properties.cginc
  artifactKey: Guid(3997e2241185407d80309a82f9148466) Importer(2089858483,0ecaa5967403d082aa24f35e1b516d23)
Start importing Assets/Plugins/TextMesh Pro/Shaders/TMPro_Properties.cginc using Guid(3997e2241185407d80309a82f9148466) Importer(2089858483,0ecaa5967403d082aa24f35e1b516d23) [PhysX] Initialized MultithreadedTaskDispatcher with 12 workers.
 -> (artifact id: 'fc4b489223015fc1c27be3964735e557') in 0.059779 seconds
Number of updated asset objects reloaded before import = 0
Number of asset objects unloaded after import = 1
========================================================================
Received Import Request.
  Time since last request: 0.000018 seconds.
  path: Assets/Plugins/Zenject/package.json
  artifactKey: Guid(b5ee7f1788474bd44a48b0a201461151) Importer(2089858483,0ecaa5967403d082aa24f35e1b516d23)
Start importing Assets/Plugins/Zenject/package.json using Guid(b5ee7f1788474bd44a48b0a201461151) Importer(2089858483,0ecaa5967403d082aa24f35e1b516d23) [PhysX] Initialized MultithreadedTaskDispatcher with 12 workers.
 -> (artifact id: 'de702459dc89242eee3d92ab9dae9bdf') in 0.075684 seconds
Number of updated asset objects reloaded before import = 0
Number of asset objects unloaded after import = 1
========================================================================
Received Import Request.
  Time since last request: 0.000024 seconds.
  path: Assets/Music and Sound/SFX/Lamp/Lamp Flicker.wav
  artifactKey: Guid(701d3838215680944a784987d9a2fbfc) Importer(2089858483,0ecaa5967403d082aa24f35e1b516d23)
Start importing Assets/Music and Sound/SFX/Lamp/Lamp Flicker.wav using Guid(701d3838215680944a784987d9a2fbfc) Importer(2089858483,0ecaa5967403d082aa24f35e1b516d23) [PhysX] Initialized MultithreadedTaskDispatcher with 12 workers.
 -> (artifact id: '834fc898e0813dbc1dc345b3c35402b5') in 0.235916 seconds
Number of updated asset objects reloaded before import = 0
Number of asset objects unloaded after import = 1
========================================================================
Received Import Request.
  Time since last request: 0.000017 seconds.
  path: Assets/AddressableAssetsData/AssetGroups/Schemas/Default Local Group_BundledAssetGroupSchema.asset
  artifactKey: Guid(b8212091dd29ec44db34a8cfdd7bde7a) Importer(2089858483,0ecaa5967403d082aa24f35e1b516d23)
Start importing Assets/AddressableAssetsData/AssetGroups/Schemas/Default Local Group_BundledAssetGroupSchema.asset using Guid(b8212091dd29ec44db34a8cfdd7bde7a) Importer(2089858483,0ecaa5967403d082aa24f35e1b516d23) [PhysX] Initialized MultithreadedTaskDispatcher with 12 workers.
 -> (artifact id: '58fb92d37b0c9433b3e554e371b309e8') in 0.044457 seconds
Number of updated asset objects reloaded before import = 0
Number of asset objects unloaded after import = 1
========================================================================
Received Import Request.
  Time since last request: 0.000022 seconds.
  path: Assets/Music and Sound/Music/Night/V1 Dreamcore (Night) Draft 2.wav
  artifactKey: Guid(54b12cfef900b384ebef76d31ec5b418) Importer(2089858483,0ecaa5967403d082aa24f35e1b516d23)
Start importing Assets/Music and Sound/Music/Night/V1 Dreamcore (Night) Draft 2.wav using Guid(54b12cfef900b384ebef76d31ec5b418) Importer(2089858483,0ecaa5967403d082aa24f35e1b516d23) [PhysX] Initialized MultithreadedTaskDispatcher with 12 workers.
 -> (artifact id: '97438bb79987bcff3e49e25eec0f74c8') in 0.084611 seconds
Number of updated asset objects reloaded before import = 0
Number of asset objects unloaded after import = 1
========================================================================
Received Import Request.
  Time since last request: 0.000014 seconds.
  path: Assets/AddressableAssetsData/AssetGroups/Schemas/Localization-Assets-Shared_BundledAssetGroupSchema.asset
  artifactKey: Guid(314338b3497236a4eb0ce1aa3bf25d94) Importer(2089858483,0ecaa5967403d082aa24f35e1b516d23)
Start importing Assets/AddressableAssetsData/AssetGroups/Schemas/Localization-Assets-Shared_BundledAssetGroupSchema.asset using Guid(314338b3497236a4eb0ce1aa3bf25d94) Importer(2089858483,0ecaa5967403d082aa24f35e1b516d23) [PhysX] Initialized MultithreadedTaskDispatcher with 12 workers.
 -> (artifact id: '60e5b5b8e9120b93244d52d371b8132e') in 0.062263 seconds
Number of updated asset objects reloaded before import = 0
Number of asset objects unloaded after import = 1
========================================================================
Received Import Request.
  Time since last request: 0.000014 seconds.
  path: Assets/Plugins/CustomIK/Models/BoneEnd.FBX
  artifactKey: Guid(b9054d4eb9bdb5542873de27a229b3a0) Importer(2089858483,0ecaa5967403d082aa24f35e1b516d23)
Start importing Assets/Plugins/CustomIK/Models/BoneEnd.FBX using Guid(b9054d4eb9bdb5542873de27a229b3a0) Importer(2089858483,0ecaa5967403d082aa24f35e1b516d23) [PhysX] Initialized MultithreadedTaskDispatcher with 12 workers.
 -> (artifact id: 'e3b9088e836ba99394a5e89594a41ca2') in 0.116786 seconds
Number of updated asset objects reloaded before import = 0
Number of asset objects unloaded after import = 7
========================================================================
Received Import Request.
  Time since last request: 0.000017 seconds.
  path: Assets/Music and Sound/SFX/Door/Door open SFX 2.wav
  artifactKey: Guid(95cd972e470262a47892e442a5d39b2e) Importer(2089858483,0ecaa5967403d082aa24f35e1b516d23)
Start importing Assets/Music and Sound/SFX/Door/Door open SFX 2.wav using Guid(95cd972e470262a47892e442a5d39b2e) Importer(2089858483,0ecaa5967403d082aa24f35e1b516d23) [PhysX] Initialized MultithreadedTaskDispatcher with 12 workers.
 -> (artifact id: '4dbf6d0e3927d4b361922b9c190bf404') in 0.093894 seconds
Number of updated asset objects reloaded before import = 0
Number of asset objects unloaded after import = 1
========================================================================
Received Import Request.
  Time since last request: 0.000021 seconds.
  path: Assets/Scenes/testPixilization/Pixelization/PizelizationExample.unity
  artifactKey: Guid(fdde6210d57ae6449a177893d36bfae4) Importer(2089858483,0ecaa5967403d082aa24f35e1b516d23)
Start importing Assets/Scenes/testPixilization/Pixelization/PizelizationExample.unity using Guid(fdde6210d57ae6449a177893d36bfae4) Importer(2089858483,0ecaa5967403d082aa24f35e1b516d23) [PhysX] Initialized MultithreadedTaskDispatcher with 12 workers.
 -> (artifact id: '52a78aef8dd1330000a96d08b0a44076') in 0.015811 seconds
Number of updated asset objects reloaded before import = 0
Number of asset objects unloaded after import = 1
========================================================================
Received Import Request.
  Time since last request: 0.000017 seconds.
  path: Assets/Scenes/testPixilization/Pixelization/New Material.mat
  artifactKey: Guid(89f2d64d4c7d5aa4daed313c3fcebb02) Importer(2089858483,0ecaa5967403d082aa24f35e1b516d23)
Start importing Assets/Scenes/testPixilization/Pixelization/New Material.mat using Guid(89f2d64d4c7d5aa4daed313c3fcebb02) Importer(2089858483,0ecaa5967403d082aa24f35e1b516d23) [PhysX] Initialized MultithreadedTaskDispatcher with 12 workers.
 -> (artifact id: '1874bdb3edee75c8b1146fc1a3ac0eae') in 0.047026 seconds
Number of updated asset objects reloaded before import = 0
Number of asset objects unloaded after import = 1
========================================================================
Received Import Request.
  Time since last request: 0.000015 seconds.
  path: Assets/Scenes/PlayerTest/Character/head.png
  artifactKey: Guid(a7a23e2bb9338d7479e474c3082f439e) Importer(2089858483,0ecaa5967403d082aa24f35e1b516d23)
Start importing Assets/Scenes/PlayerTest/Character/head.png using Guid(a7a23e2bb9338d7479e474c3082f439e) Importer(2089858483,0ecaa5967403d082aa24f35e1b516d23) [PhysX] Initialized MultithreadedTaskDispatcher with 12 workers.
 -> (artifact id: 'bd6820b6a497474c35088072eb6c0dd1') in 0.034696 seconds
Number of updated asset objects reloaded before import = 0
Number of asset objects unloaded after import = 3
========================================================================
Received Import Request.
  Time since last request: 0.000019 seconds.
  path: Assets/Plugins/Zenject/OptionalExtras/AutoSubstitute.zip
  artifactKey: Guid(3d9bd58f4dad04d4aa76be96981ea7d1) Importer(2089858483,0ecaa5967403d082aa24f35e1b516d23)
Start importing Assets/Plugins/Zenject/OptionalExtras/AutoSubstitute.zip using Guid(3d9bd58f4dad04d4aa76be96981ea7d1) Importer(2089858483,0ecaa5967403d082aa24f35e1b516d23) [PhysX] Initialized MultithreadedTaskDispatcher with 12 workers.
 -> (artifact id: '92d4546fdef8ea18800e2e952a805fd7') in 0.036637 seconds
Number of updated asset objects reloaded before import = 0
Number of asset objects unloaded after import = 1
========================================================================
Received Import Request.
  Time since last request: 0.000017 seconds.
  path: Assets/Plugins/Zenject/OptionalExtras/AutoMocking.zip
  artifactKey: Guid(0aeabfd115c8a4b0ea6377d7970134a2) Importer(2089858483,0ecaa5967403d082aa24f35e1b516d23)
Start importing Assets/Plugins/Zenject/OptionalExtras/AutoMocking.zip using Guid(0aeabfd115c8a4b0ea6377d7970134a2) Importer(2089858483,0ecaa5967403d082aa24f35e1b516d23) [PhysX] Initialized MultithreadedTaskDispatcher with 12 workers.
 -> (artifact id: '941cea6f8da17d0f544ade88170bbf98') in 0.016855 seconds
Number of updated asset objects reloaded before import = 0
Number of asset objects unloaded after import = 1
========================================================================
Received Import Request.
  Time since last request: 0.000016 seconds.
  path: Assets/Scenes/PlayerTest/Character/eye_down.png
  artifactKey: Guid(4779cbedeb5d12649afb8f2a56a01fd8) Importer(2089858483,0ecaa5967403d082aa24f35e1b516d23)
Start importing Assets/Scenes/PlayerTest/Character/eye_down.png using Guid(4779cbedeb5d12649afb8f2a56a01fd8) Importer(2089858483,0ecaa5967403d082aa24f35e1b516d23) [PhysX] Initialized MultithreadedTaskDispatcher with 12 workers.
 -> (artifact id: '804a5af07ae5a0c066003a96cf8fb86f') in 0.026814 seconds
Number of updated asset objects reloaded before import = 0
Number of asset objects unloaded after import = 3
========================================================================
Received Import Request.
  Time since last request: 0.000016 seconds.
  path: Assets/Systems/Creatures/MonsterSystem/CreatureSound.cs
  artifactKey: Guid(258e1d2afa2b1d24f830c86b62d7bc8e) Importer(2089858483,0ecaa5967403d082aa24f35e1b516d23)
Start importing Assets/Systems/Creatures/MonsterSystem/CreatureSound.cs using Guid(258e1d2afa2b1d24f830c86b62d7bc8e) Importer(2089858483,0ecaa5967403d082aa24f35e1b516d23) [PhysX] Initialized MultithreadedTaskDispatcher with 12 workers.
 -> (artifact id: '8d4481a1cdeabf31a971ba4e7846e7f8') in 0.029645 seconds
Number of updated asset objects reloaded before import = 0
Number of asset objects unloaded after import = 1
========================================================================
Received Import Request.
  Time since last request: 0.000018 seconds.
  path: Assets/Plugins/Zenject/Source/Zenject.csproj
  artifactKey: Guid(8645273165cb7f54290d6eaa1e10ab37) Importer(2089858483,0ecaa5967403d082aa24f35e1b516d23)
Start importing Assets/Plugins/Zenject/Source/Zenject.csproj using Guid(8645273165cb7f54290d6eaa1e10ab37) Importer(2089858483,0ecaa5967403d082aa24f35e1b516d23) [PhysX] Initialized MultithreadedTaskDispatcher with 12 workers.
 -> (artifact id: 'afabf5a323735e94875f9afb05314e19') in 0.023717 seconds
Number of updated asset objects reloaded before import = 0
Number of asset objects unloaded after import = 1
========================================================================
Received Import Request.
  Time since last request: 0.000021 seconds.
  path: Assets/Scenes/testPixilization/Pixelization/Screen.mat
  artifactKey: Guid(e70e749888f2afb47882874a54f72d89) Importer(2089858483,0ecaa5967403d082aa24f35e1b516d23)
Start importing Assets/Scenes/testPixilization/Pixelization/Screen.mat using Guid(e70e749888f2afb47882874a54f72d89) Importer(2089858483,0ecaa5967403d082aa24f35e1b516d23) [PhysX] Initialized MultithreadedTaskDispatcher with 12 workers.
 -> (artifact id: '677c65eb95f0e3792eae1f0e26d3efa9') in 0.030806 seconds
Number of updated asset objects reloaded before import = 0
Number of asset objects unloaded after import = 2
========================================================================
Received Import Request.
  Time since last request: 0.000016 seconds.
  path: Assets/Systems/CoreManadgers/SaveSystem/JsonFileSaveSystem.cs
  artifactKey: Guid(be8c69168fee5b24dac4bb20e5c50fcd) Importer(2089858483,0ecaa5967403d082aa24f35e1b516d23)
Start importing Assets/Systems/CoreManadgers/SaveSystem/JsonFileSaveSystem.cs using Guid(be8c69168fee5b24dac4bb20e5c50fcd) Importer(2089858483,0ecaa5967403d082aa24f35e1b516d23) [PhysX] Initialized MultithreadedTaskDispatcher with 12 workers.
 -> (artifact id: '4371c5e0a3d4433d369b2a02b52abe3a') in 0.025710 seconds
Number of updated asset objects reloaded before import = 0
Number of asset objects unloaded after import = 1
========================================================================
Received Import Request.
  Time since last request: 0.000017 seconds.
  path: Assets/Systems/Creatures/MonsterSystem/CreatureSoundSenseProvider.cs
  artifactKey: Guid(edfe347a7056dc34f9afb511e2c5c3a5) Importer(2089858483,0ecaa5967403d082aa24f35e1b516d23)
Start importing Assets/Systems/Creatures/MonsterSystem/CreatureSoundSenseProvider.cs using Guid(edfe347a7056dc34f9afb511e2c5c3a5) Importer(2089858483,0ecaa5967403d082aa24f35e1b516d23) [PhysX] Initialized MultithreadedTaskDispatcher with 12 workers.
 -> (artifact id: '2c1b03e92a968c39b5f039ed654b2b4a') in 0.019366 seconds
Number of updated asset objects reloaded before import = 0
Number of asset objects unloaded after import = 1
========================================================================
Received Import Request.
  Time since last request: 0.000015 seconds.
  path: Assets/Scenes/testPixilization/Pixelization/RandomRotationLerp.cs
  artifactKey: Guid(c7200c0af4d231947bad9262a318a57a) Importer(2089858483,0ecaa5967403d082aa24f35e1b516d23)
Start importing Assets/Scenes/testPixilization/Pixelization/RandomRotationLerp.cs using Guid(c7200c0af4d231947bad9262a318a57a) Importer(2089858483,0ecaa5967403d082aa24f35e1b516d23) [PhysX] Initialized MultithreadedTaskDispatcher with 12 workers.
 -> (artifact id: 'c60d23a0602e2937dcd2cae2f7a0929e') in 0.016970 seconds
Number of updated asset objects reloaded before import = 0
Number of asset objects unloaded after import = 1
========================================================================
Received Import Request.
  Time since last request: 0.000016 seconds.
  path: Assets/Music and Sound/SFX/Radio/Radio SFX 4.wav
  artifactKey: Guid(d9dde6ce36783f9469cdad3d59455eca) Importer(2089858483,0ecaa5967403d082aa24f35e1b516d23)
Start importing Assets/Music and Sound/SFX/Radio/Radio SFX 4.wav using Guid(d9dde6ce36783f9469cdad3d59455eca) Importer(2089858483,0ecaa5967403d082aa24f35e1b516d23) [PhysX] Initialized MultithreadedTaskDispatcher with 12 workers.
 -> (artifact id: '71f4950ae762d8ae7e7ecaa32db8bc22') in 0.083524 seconds
Number of updated asset objects reloaded before import = 0
Number of asset objects unloaded after import = 1
========================================================================
Received Import Request.
  Time since last request: 0.000013 seconds.
  path: Assets/Plugins/CustomIK/Prefabs/Arm.prefab
  artifactKey: Guid(b7fb115411aa15e4aaa7e5f8faf5775e) Importer(2089858483,0ecaa5967403d082aa24f35e1b516d23)
Start importing Assets/Plugins/CustomIK/Prefabs/Arm.prefab using Guid(b7fb115411aa15e4aaa7e5f8faf5775e) Importer(2089858483,0ecaa5967403d082aa24f35e1b516d23) [PhysX] Initialized MultithreadedTaskDispatcher with 12 workers.
 -> (artifact id: 'e3e41110acd8209e94ae077a5e89adf8') in 0.106138 seconds
Number of updated asset objects reloaded before import = 0
Number of asset objects unloaded after import = 22
========================================================================
Received Import Request.
  Time since last request: 0.000017 seconds.
  path: Assets/Plugins/TextMesh Pro/Shaders/TMP_SDF-Mobile SSD.shader
  artifactKey: Guid(c8d12adcee749c344b8117cf7c7eb912) Importer(2089858483,0ecaa5967403d082aa24f35e1b516d23)
Start importing Assets/Plugins/TextMesh Pro/Shaders/TMP_SDF-Mobile SSD.shader using Guid(c8d12adcee749c344b8117cf7c7eb912) Importer(2089858483,0ecaa5967403d082aa24f35e1b516d23) [PhysX] Initialized MultithreadedTaskDispatcher with 12 workers.
 -> (artifact id: '143a892c03bf21e77f6797620285dc03') in 0.052110 seconds
Number of updated asset objects reloaded before import = 0
Number of asset objects unloaded after import = 1
========================================================================
Received Import Request.
  Time since last request: 0.000026 seconds.
  path: Assets/Plugins/TextMesh Pro/Resources/LineBreaking Following Characters.txt
  artifactKey: Guid(fade42e8bc714b018fac513c043d323b) Importer(2089858483,0ecaa5967403d082aa24f35e1b516d23)
Start importing Assets/Plugins/TextMesh Pro/Resources/LineBreaking Following Characters.txt using Guid(fade42e8bc714b018fac513c043d323b) Importer(2089858483,0ecaa5967403d082aa24f35e1b516d23) [PhysX] Initialized MultithreadedTaskDispatcher with 12 workers.
 -> (artifact id: '2b768d955b80135902870862d4d088c6') in 0.029760 seconds
Number of updated asset objects reloaded before import = 0
Number of asset objects unloaded after import = 1
========================================================================
Received Import Request.
  Time since last request: 0.000016 seconds.
  path: Assets/Music and Sound/SFX/Door/Door close SFX 1.wav
  artifactKey: Guid(15bf4b74150237c4592eef86e5c626e9) Importer(2089858483,0ecaa5967403d082aa24f35e1b516d23)
Start importing Assets/Music and Sound/SFX/Door/Door close SFX 1.wav using Guid(15bf4b74150237c4592eef86e5c626e9) Importer(2089858483,0ecaa5967403d082aa24f35e1b516d23) [PhysX] Initialized MultithreadedTaskDispatcher with 12 workers.
 -> (artifact id: '312c6970d0a2f5233e6e5ef746ec0ec8') in 0.057266 seconds
Number of updated asset objects reloaded before import = 0
Number of asset objects unloaded after import = 1
========================================================================
Received Import Request.
  Time since last request: 0.000016 seconds.
  path: Assets/Music and Sound/Music/New area.wav
  artifactKey: Guid(67d520f9b2bdb164690af5f2148780f5) Importer(2089858483,0ecaa5967403d082aa24f35e1b516d23)
Start importing Assets/Music and Sound/Music/New area.wav using Guid(67d520f9b2bdb164690af5f2148780f5) Importer(2089858483,0ecaa5967403d082aa24f35e1b516d23) [PhysX] Initialized MultithreadedTaskDispatcher with 12 workers.
 -> (artifact id: '10736a7537a3044e2b148c7ac5ed2249') in 0.307229 seconds
Number of updated asset objects reloaded before import = 0
Number of asset objects unloaded after import = 1
========================================================================
Received Import Request.
  Time since last request: 0.000018 seconds.
  path: Assets/Music and Sound/Music/Success.wav
  artifactKey: Guid(755594bb40f4238458401e575f165a49) Importer(2089858483,0ecaa5967403d082aa24f35e1b516d23)
Start importing Assets/Music and Sound/Music/Success.wav using Guid(755594bb40f4238458401e575f165a49) Importer(2089858483,0ecaa5967403d082aa24f35e1b516d23) [PhysX] Initialized MultithreadedTaskDispatcher with 12 workers.
 -> (artifact id: 'adaace27aa00c8dd898ee5ee940dd869') in 0.151849 seconds
Number of updated asset objects reloaded before import = 0
Number of asset objects unloaded after import = 1
========================================================================
Received Import Request.
  Time since last request: 0.000026 seconds.
  path: Assets/Systems/UI/SceneLoader.cs
  artifactKey: Guid(e510c7b1c0255ed4fa3f59f64f2e172f) Importer(2089858483,0ecaa5967403d082aa24f35e1b516d23)
Start importing Assets/Systems/UI/SceneLoader.cs using Guid(e510c7b1c0255ed4fa3f59f64f2e172f) Importer(2089858483,0ecaa5967403d082aa24f35e1b516d23) [PhysX] Initialized MultithreadedTaskDispatcher with 12 workers.
 -> (artifact id: '28d2268166d6d02ccfe2da08821210d3') in 0.026366 seconds
Number of updated asset objects reloaded before import = 0
Number of asset objects unloaded after import = 1
========================================================================
Received Import Request.
  Time since last request: 0.000017 seconds.
  path: Assets/Input/PlayerInputActions.inputactions
  artifactKey: Guid(16d482963d4bbb841b02013d8145116d) Importer(2089858483,0ecaa5967403d082aa24f35e1b516d23)
Start importing Assets/Input/PlayerInputActions.inputactions using Guid(16d482963d4bbb841b02013d8145116d) Importer(2089858483,0ecaa5967403d082aa24f35e1b516d23) [PhysX] Initialized MultithreadedTaskDispatcher with 12 workers.
 -> (artifact id: 'e5dd66cbeeb5f04af3fc94124a320945') in 0.344199 seconds
Number of updated asset objects reloaded before import = 0
Number of asset objects unloaded after import = 13
========================================================================
Received Import Request.
  Time since last request: 0.000023 seconds.
  path: Assets/Systems/Objects/Rooms/HideMeshOnStart.cs
  artifactKey: Guid(4ff0bb7d95174b84cb0c681e6d7e5c5e) Importer(2089858483,0ecaa5967403d082aa24f35e1b516d23)
Start importing Assets/Systems/Objects/Rooms/HideMeshOnStart.cs using Guid(4ff0bb7d95174b84cb0c681e6d7e5c5e) Importer(2089858483,0ecaa5967403d082aa24f35e1b516d23) [PhysX] Initialized MultithreadedTaskDispatcher with 12 workers.
 -> (artifact id: 'aab7dd2d84ac742b13d2f2e17c30b5db') in 0.023506 seconds
Number of updated asset objects reloaded before import = 0
Number of asset objects unloaded after import = 1
========================================================================
Received Import Request.
  Time since last request: 0.000032 seconds.
  path: Assets/Systems/Other/WorldManadgerAndLightSystem/SceneLightManadger.cs
  artifactKey: Guid(17775c53d6bf2e84f96d8dab614f6ee2) Importer(2089858483,0ecaa5967403d082aa24f35e1b516d23)
Start importing Assets/Systems/Other/WorldManadgerAndLightSystem/SceneLightManadger.cs using Guid(17775c53d6bf2e84f96d8dab614f6ee2) Importer(2089858483,0ecaa5967403d082aa24f35e1b516d23) [PhysX] Initialized MultithreadedTaskDispatcher with 12 workers.
 -> (artifact id: '5bbd634ac5fb0bc95c270fd448e31023') in 0.013581 seconds
Number of updated asset objects reloaded before import = 0
Number of asset objects unloaded after import = 1
========================================================================
Received Import Request.
  Time since last request: 0.000020 seconds.
  path: Assets/Systems/Objects/Rooms/RoomZone.cs
  artifactKey: Guid(6d580f108add89b409b6ed568c5087ab) Importer(2089858483,0ecaa5967403d082aa24f35e1b516d23)
Start importing Assets/Systems/Objects/Rooms/RoomZone.cs using Guid(6d580f108add89b409b6ed568c5087ab) Importer(2089858483,0ecaa5967403d082aa24f35e1b516d23) [PhysX] Initialized MultithreadedTaskDispatcher with 12 workers.
 -> (artifact id: 'ecbef67ac230baafe38f00a507b33f26') in 0.016951 seconds
Number of updated asset objects reloaded before import = 0
Number of asset objects unloaded after import = 1
========================================================================
Received Import Request.
  Time since last request: 0.000019 seconds.
  path: Assets/Systems/UI/InputHint/InputHint.prefab
  artifactKey: Guid(27624f3d994f94c4c9e5d05f9ff16efc) Importer(2089858483,0ecaa5967403d082aa24f35e1b516d23)
Start importing Assets/Systems/UI/InputHint/InputHint.prefab using Guid(27624f3d994f94c4c9e5d05f9ff16efc) Importer(2089858483,0ecaa5967403d082aa24f35e1b516d23) [PhysX] Initialized MultithreadedTaskDispatcher with 12 workers.
 -> (artifact id: '5640c5a91385bf7dfbee08ba0cae8951') in 0.038022 seconds
Number of updated asset objects reloaded before import = 0
Number of asset objects unloaded after import = 37
========================================================================
Received Import Request.
  Time since last request: 0.000020 seconds.
  path: Assets/Systems/Objects/Items/ItemObject.cs
  artifactKey: Guid(cfb65c2854905114988613c942c81062) Importer(2089858483,0ecaa5967403d082aa24f35e1b516d23)
Start importing Assets/Systems/Objects/Items/ItemObject.cs using Guid(cfb65c2854905114988613c942c81062) Importer(2089858483,0ecaa5967403d082aa24f35e1b516d23) [PhysX] Initialized MultithreadedTaskDispatcher with 12 workers.
 -> (artifact id: '9cdffa6522df31c3e4a6726577ccf4e7') in 0.034293 seconds
Number of updated asset objects reloaded before import = 0
Number of asset objects unloaded after import = 1
========================================================================
Received Import Request.
  Time since last request: 0.000021 seconds.
  path: Assets/Systems/Player/GroundQuad/GroundQuad.prefab
  artifactKey: Guid(e1ad473ee81ef34459d20931a8d44ba9) Importer(2089858483,0ecaa5967403d082aa24f35e1b516d23)
Start importing Assets/Systems/Player/GroundQuad/GroundQuad.prefab using Guid(e1ad473ee81ef34459d20931a8d44ba9) Importer(2089858483,0ecaa5967403d082aa24f35e1b516d23) [PhysX] Initialized MultithreadedTaskDispatcher with 12 workers.
 -> (artifact id: '25d51a100cd9a0a7a281feb7d6821d33') in 0.035458 seconds
Number of updated asset objects reloaded before import = 0
Number of asset objects unloaded after import = 6
========================================================================
Received Import Request.
  Time since last request: 0.000020 seconds.
  path: Assets/Systems/Player/GroundQuad/GroundQuad.cs
  artifactKey: Guid(05e0733887bfefe47ae9cb444be00e8a) Importer(2089858483,0ecaa5967403d082aa24f35e1b516d23)
Start importing Assets/Systems/Player/GroundQuad/GroundQuad.cs using Guid(05e0733887bfefe47ae9cb444be00e8a) Importer(2089858483,0ecaa5967403d082aa24f35e1b516d23) [PhysX] Initialized MultithreadedTaskDispatcher with 12 workers.
 -> (artifact id: '09aa5fff24c12f8bfd9e448100f38dc6') in 0.028067 seconds
Number of updated asset objects reloaded before import = 0
Number of asset objects unloaded after import = 1
========================================================================
Received Import Request.
  Time since last request: 0.000136 seconds.
  path: Assets/Systems/UI/InputHint/InputHintManadger.cs
  artifactKey: Guid(45ad034d30db01b41aaac3015ed613b8) Importer(2089858483,0ecaa5967403d082aa24f35e1b516d23)
Start importing Assets/Systems/UI/InputHint/InputHintManadger.cs using Guid(45ad034d30db01b41aaac3015ed613b8) Importer(2089858483,0ecaa5967403d082aa24f35e1b516d23) [PhysX] Initialized MultithreadedTaskDispatcher with 12 workers.
 -> (artifact id: '056a08313a8168235ed7474b92bc0334') in 0.027128 seconds
Number of updated asset objects reloaded before import = 0
Number of asset objects unloaded after import = 1
========================================================================
Received Import Request.
  Time since last request: 0.000022 seconds.
  path: Assets/Systems/Creatures/MonsterSystem/PerceivableObject.cs
  artifactKey: Guid(a48b626cd7146124db30a8c9dd608354) Importer(2089858483,0ecaa5967403d082aa24f35e1b516d23)
Start importing Assets/Systems/Creatures/MonsterSystem/PerceivableObject.cs using Guid(a48b626cd7146124db30a8c9dd608354) Importer(2089858483,0ecaa5967403d082aa24f35e1b516d23) [PhysX] Initialized MultithreadedTaskDispatcher with 12 workers.
 -> (artifact id: 'a56fa3f5288177a7d69ae3c35d2ee95d') in 0.023509 seconds
Number of updated asset objects reloaded before import = 0
Number of asset objects unloaded after import = 1
========================================================================
Received Import Request.
  Time since last request: 0.000022 seconds.
  path: Assets/Systems/Creatures/MonsterSystem/NavMeshAgentLinearMovementOverrite.cs
  artifactKey: Guid(76c7d608236684d4ba10c0ca777912a5) Importer(2089858483,0ecaa5967403d082aa24f35e1b516d23)
Start importing Assets/Systems/Creatures/MonsterSystem/NavMeshAgentLinearMovementOverrite.cs using Guid(76c7d608236684d4ba10c0ca777912a5) Importer(2089858483,0ecaa5967403d082aa24f35e1b516d23) [PhysX] Initialized MultithreadedTaskDispatcher with 12 workers.
 -> (artifact id: '7a96df918816cca7f4b1bab022387792') in 0.038112 seconds
Number of updated asset objects reloaded before import = 0
Number of asset objects unloaded after import = 1
========================================================================
Received Import Request.
  Time since last request: 0.000032 seconds.
  path: Assets/Systems/Objects/Rooms/RoomConnectedPart.cs
  artifactKey: Guid(21a9fb8ca00229b4f8f67b560c681c5f) Importer(2089858483,0ecaa5967403d082aa24f35e1b516d23)
Start importing Assets/Systems/Objects/Rooms/RoomConnectedPart.cs using Guid(21a9fb8ca00229b4f8f67b560c681c5f) Importer(2089858483,0ecaa5967403d082aa24f35e1b516d23) [PhysX] Initialized MultithreadedTaskDispatcher with 12 workers.
 -> (artifact id: '5672cb8ee8d3087470de869021325484') in 0.025794 seconds
Number of updated asset objects reloaded before import = 0
Number of asset objects unloaded after import = 1
========================================================================
Received Import Request.
  Time since last request: 0.000022 seconds.
  path: Assets/Systems/Player/Camera/CameraPoint.cs
  artifactKey: Guid(2cd9b57c0f7d83d44821125d22ceb869) Importer(2089858483,0ecaa5967403d082aa24f35e1b516d23)
Start importing Assets/Systems/Player/Camera/CameraPoint.cs using Guid(2cd9b57c0f7d83d44821125d22ceb869) Importer(2089858483,0ecaa5967403d082aa24f35e1b516d23) [PhysX] Initialized MultithreadedTaskDispatcher with 12 workers.
 -> (artifact id: '7251a669b319a8ba575b132f11c27d6b') in 0.017071 seconds
Number of updated asset objects reloaded before import = 0
Number of asset objects unloaded after import = 1
========================================================================
Received Import Request.
  Time since last request: 0.000030 seconds.
  path: Assets/Systems/Creatures/MonsterSystem/ObjectSmellManadger.cs
  artifactKey: Guid(2ca58e60df73aab418bfd6efb9f85563) Importer(2089858483,0ecaa5967403d082aa24f35e1b516d23)
Start importing Assets/Systems/Creatures/MonsterSystem/ObjectSmellManadger.cs using Guid(2ca58e60df73aab418bfd6efb9f85563) Importer(2089858483,0ecaa5967403d082aa24f35e1b516d23) [PhysX] Initialized MultithreadedTaskDispatcher with 12 workers.
 -> (artifact id: 'f53774965b4607e26de53df7f8af37d7') in 0.029091 seconds
Number of updated asset objects reloaded before import = 0
Number of asset objects unloaded after import = 1
========================================================================
Received Import Request.
  Time since last request: 0.000021 seconds.
  path: Assets/Systems/Creatures/Other/TestMonster.prefab
  artifactKey: Guid(9ed3323b3c4754941832fbe574c89011) Importer(2089858483,0ecaa5967403d082aa24f35e1b516d23)
Start importing Assets/Systems/Creatures/Other/TestMonster.prefab using Guid(9ed3323b3c4754941832fbe574c89011) Importer(2089858483,0ecaa5967403d082aa24f35e1b516d23) [PhysX] Initialized MultithreadedTaskDispatcher with 12 workers.
 -> (artifact id: '444f4d64bee8fb6e204ce75df91cc0c4') in 0.122981 seconds
Number of updated asset objects reloaded before import = 0
Number of asset objects unloaded after import = 21
========================================================================
Received Import Request.
  Time since last request: 0.000017 seconds.
  path: Assets/Systems/UI/Settigns/ScrollViewSettings.prefab
  artifactKey: Guid(b3cec92b4f5239c4ea496b75a5def669) Importer(2089858483,0ecaa5967403d082aa24f35e1b516d23)
Start importing Assets/Systems/UI/Settigns/ScrollViewSettings.prefab using Guid(b3cec92b4f5239c4ea496b75a5def669) Importer(2089858483,0ecaa5967403d082aa24f35e1b516d23) [PhysX] Initialized MultithreadedTaskDispatcher with 12 workers.
 -> (artifact id: '5ec76075059d003b921ee189a781d09f') in 0.052999 seconds
Number of updated asset objects reloaded before import = 0
Number of asset objects unloaded after import = 286
========================================================================
Received Import Request.
  Time since last request: 0.000023 seconds.
  path: Assets/Systems/UI/GameMenu/GameMenu.prefab
  artifactKey: Guid(edf0754f2a5fedd489dbe623a3da6cbc) Importer(2089858483,0ecaa5967403d082aa24f35e1b516d23)
Start importing Assets/Systems/UI/GameMenu/GameMenu.prefab using Guid(edf0754f2a5fedd489dbe623a3da6cbc) Importer(2089858483,0ecaa5967403d082aa24f35e1b516d23) [PhysX] Initialized MultithreadedTaskDispatcher with 12 workers.
 -> (artifact id: 'e9c6795eb3b1d2c3b3cdbe4c5774d193') in 0.032815 seconds
Number of updated asset objects reloaded before import = 0
Number of asset objects unloaded after import = 323
========================================================================
Received Import Request.
  Time since last request: 0.000022 seconds.
  path: Assets/Music and Sound/SFX/Scary AMB/Scary AMB 1.wav
  artifactKey: Guid(ab2ab1d860295dd4e8839e1776671df9) Importer(2089858483,0ecaa5967403d082aa24f35e1b516d23)
Start importing Assets/Music and Sound/SFX/Scary AMB/Scary AMB 1.wav using Guid(ab2ab1d860295dd4e8839e1776671df9) Importer(2089858483,0ecaa5967403d082aa24f35e1b516d23) [PhysX] Initialized MultithreadedTaskDispatcher with 12 workers.
 -> (artifact id: 'eb882a8474dd7580cd0cde6010826204') in 0.075713 seconds
Number of updated asset objects reloaded before import = 0
Number of asset objects unloaded after import = 1
========================================================================
Received Import Request.
  Time since last request: 0.000019 seconds.
  path: Assets/Plugins/CustomIK/DemoScene2.unity
  artifactKey: Guid(c1ffd319e428fe54181939f9d54cb1b8) Importer(2089858483,0ecaa5967403d082aa24f35e1b516d23)
Start importing Assets/Plugins/CustomIK/DemoScene2.unity using Guid(c1ffd319e428fe54181939f9d54cb1b8) Importer(2089858483,0ecaa5967403d082aa24f35e1b516d23) [PhysX] Initialized MultithreadedTaskDispatcher with 12 workers.
 -> (artifact id: 'f4218e5c06aeed2e353c8cf4b5441a6f') in 0.051567 seconds
Number of updated asset objects reloaded before import = 0
Number of asset objects unloaded after import = 1
========================================================================
Received Import Request.
  Time since last request: 0.000016 seconds.
  path: Assets/Systems/CoreManadgers/SaveSystem/ISaveSystem.cs
  artifactKey: Guid(7547a08c49ab54446bb8d6d91c59428c) Importer(2089858483,0ecaa5967403d082aa24f35e1b516d23)
Start importing Assets/Systems/CoreManadgers/SaveSystem/ISaveSystem.cs using Guid(7547a08c49ab54446bb8d6d91c59428c) Importer(2089858483,0ecaa5967403d082aa24f35e1b516d23) [PhysX] Initialized MultithreadedTaskDispatcher with 12 workers.
 -> (artifact id: '4f67e519614b68ff9d7fdd5d3827b87a') in 0.051591 seconds
Number of updated asset objects reloaded before import = 0
Number of asset objects unloaded after import = 1
========================================================================
Received Import Request.
  Time since last request: 0.000017 seconds.
  path: Assets/Systems/Objects/Items/Item.cs
  artifactKey: Guid(37f1996aa17303f43b04cf46db321398) Importer(2089858483,0ecaa5967403d082aa24f35e1b516d23)
Start importing Assets/Systems/Objects/Items/Item.cs using Guid(37f1996aa17303f43b04cf46db321398) Importer(2089858483,0ecaa5967403d082aa24f35e1b516d23) [PhysX] Initialized MultithreadedTaskDispatcher with 12 workers.
 -> (artifact id: 'adaf33c184b83457aed289db8477172b') in 0.023673 seconds
Number of updated asset objects reloaded before import = 0
Number of asset objects unloaded after import = 1
========================================================================
Received Import Request.
  Time since last request: 0.000017 seconds.
  path: Assets/Plugins/CustomIK/DemoScene1.unity
  artifactKey: Guid(2182c4cabd763e044ad3d8275402553e) Importer(2089858483,0ecaa5967403d082aa24f35e1b516d23)
Start importing Assets/Plugins/CustomIK/DemoScene1.unity using Guid(2182c4cabd763e044ad3d8275402553e) Importer(2089858483,0ecaa5967403d082aa24f35e1b516d23) [PhysX] Initialized MultithreadedTaskDispatcher with 12 workers.
 -> (artifact id: 'b067e74a639d59c94a7e562099516b7e') in 0.035566 seconds
Number of updated asset objects reloaded before import = 0
Number of asset objects unloaded after import = 1
========================================================================
Received Import Request.
  Time since last request: 0.000022 seconds.
  path: Assets/Systems/UI/GameMenu.cs
  artifactKey: Guid(c5793765b790cd341adf27a0353ef0e9) Importer(2089858483,0ecaa5967403d082aa24f35e1b516d23)
Start importing Assets/Systems/UI/GameMenu.cs using Guid(c5793765b790cd341adf27a0353ef0e9) Importer(2089858483,0ecaa5967403d082aa24f35e1b516d23) [PhysX] Initialized MultithreadedTaskDispatcher with 12 workers.
 -> (artifact id: '242bb99d898b01c1b86b7a355ea293e1') in 0.034502 seconds
Number of updated asset objects reloaded before import = 0
Number of asset objects unloaded after import = 1
========================================================================
Received Import Request.
  Time since last request: 0.000021 seconds.
  path: Assets/Music and Sound/SFX/Monsters/Updated Dog Sounds/Dog Sniff SFX 6.wav
  artifactKey: Guid(9595b7d06acec1d4eb8602fbbd05f32d) Importer(2089858483,0ecaa5967403d082aa24f35e1b516d23)
Start importing Assets/Music and Sound/SFX/Monsters/Updated Dog Sounds/Dog Sniff SFX 6.wav using Guid(9595b7d06acec1d4eb8602fbbd05f32d) Importer(2089858483,0ecaa5967403d082aa24f35e1b516d23) [PhysX] Initialized MultithreadedTaskDispatcher with 12 workers.
 -> (artifact id: '469f39fe8fa89bdd2f491bf7e948d6df') in 0.059309 seconds
Number of updated asset objects reloaded before import = 0
Number of asset objects unloaded after import = 1
========================================================================
Received Import Request.
  Time since last request: 0.000014 seconds.
  path: Assets/Music and Sound/SFX/Monsters/Dark monster/Dark monster Breathing SFX.wav
  artifactKey: Guid(594a22e633dc019418fbde33bd141e9f) Importer(2089858483,0ecaa5967403d082aa24f35e1b516d23)
Start importing Assets/Music and Sound/SFX/Monsters/Dark monster/Dark monster Breathing SFX.wav using Guid(594a22e633dc019418fbde33bd141e9f) Importer(2089858483,0ecaa5967403d082aa24f35e1b516d23) [PhysX] Initialized MultithreadedTaskDispatcher with 12 workers.
 -> (artifact id: '0134066dd68930df07dbc64b4acc0f3a') in 0.123091 seconds
Number of updated asset objects reloaded before import = 0
Number of asset objects unloaded after import = 1
========================================================================
Received Import Request.
  Time since last request: 0.000016 seconds.
  path: Assets/Music and Sound/SFX/Monsters/Chicken/Chicken Cluck SFX 2.wav
  artifactKey: Guid(068396aecaf966345881981674a8c1d5) Importer(2089858483,0ecaa5967403d082aa24f35e1b516d23)
Start importing Assets/Music and Sound/SFX/Monsters/Chicken/Chicken Cluck SFX 2.wav using Guid(068396aecaf966345881981674a8c1d5) Importer(2089858483,0ecaa5967403d082aa24f35e1b516d23) [PhysX] Initialized MultithreadedTaskDispatcher with 12 workers.
 -> (artifact id: 'ca71019e4e0c0a89d468de540cd4a2c9') in 0.107944 seconds
Number of updated asset objects reloaded before import = 0
Number of asset objects unloaded after import = 1
========================================================================
Received Import Request.
  Time since last request: 0.000023 seconds.
  path: Assets/Music and Sound/SFX/Monsters/Dark monster/Dark monster Walking SFX.wav
  artifactKey: Guid(41a8422f40cf5a54f8deb06b81504e2e) Importer(2089858483,0ecaa5967403d082aa24f35e1b516d23)
Start importing Assets/Music and Sound/SFX/Monsters/Dark monster/Dark monster Walking SFX.wav using Guid(41a8422f40cf5a54f8deb06b81504e2e) Importer(2089858483,0ecaa5967403d082aa24f35e1b516d23) [PhysX] Initialized MultithreadedTaskDispatcher with 12 workers.
 -> (artifact id: '825c76b39977ac6d28d0c2f97605376c') in 0.156281 seconds
Number of updated asset objects reloaded before import = 0
Number of asset objects unloaded after import = 1
========================================================================
Received Import Request.
  Time since last request: 0.000015 seconds.
  path: Assets/Music and Sound/Music/Day/Dreamcore Background/Lazy Dreamcore Draft 1.wav
  artifactKey: Guid(ab8a995b6b4a3f649a616d323341cafb) Importer(2089858483,0ecaa5967403d082aa24f35e1b516d23)
Start importing Assets/Music and Sound/Music/Day/Dreamcore Background/Lazy Dreamcore Draft 1.wav using Guid(ab8a995b6b4a3f649a616d323341cafb) Importer(2089858483,0ecaa5967403d082aa24f35e1b516d23) [PhysX] Initialized MultithreadedTaskDispatcher with 12 workers.
 -> (artifact id: 'e4f17164ddc1974a8bf00cc0cedf1773') in 0.119821 seconds
Number of updated asset objects reloaded before import = 0
Number of asset objects unloaded after import = 1
========================================================================
Received Import Request.
  Time since last request: 0.000019 seconds.
  path: Assets/Music and Sound/SFX/Monsters/Dark monster/Dark monster Running SFX.wav
  artifactKey: Guid(bdfad2ae3153bad409b144e63600715b) Importer(2089858483,0ecaa5967403d082aa24f35e1b516d23)
Start importing Assets/Music and Sound/SFX/Monsters/Dark monster/Dark monster Running SFX.wav using Guid(bdfad2ae3153bad409b144e63600715b) Importer(2089858483,0ecaa5967403d082aa24f35e1b516d23) [PhysX] Initialized MultithreadedTaskDispatcher with 12 workers.
 -> (artifact id: 'd6d4e267308003a256a40e6b8120844e') in 0.094283 seconds
Number of updated asset objects reloaded before import = 0
Number of asset objects unloaded after import = 1
========================================================================
Received Import Request.
  Time since last request: 0.000022 seconds.
  path: Assets/Music and Sound/Music/Day/Dreamcore Background/Lazy Dreamcore Draft 2.wav
  artifactKey: Guid(e6b9b45ea5b0dc74b937802ab755bc10) Importer(2089858483,0ecaa5967403d082aa24f35e1b516d23)
Start importing Assets/Music and Sound/Music/Day/Dreamcore Background/Lazy Dreamcore Draft 2.wav using Guid(e6b9b45ea5b0dc74b937802ab755bc10) Importer(2089858483,0ecaa5967403d082aa24f35e1b516d23) [PhysX] Initialized MultithreadedTaskDispatcher with 12 workers.
 -> (artifact id: '632e504e762bd32fed07d95115d8a025') in 0.140609 seconds
Number of updated asset objects reloaded before import = 0
Number of asset objects unloaded after import = 1
========================================================================
Received Import Request.
  Time since last request: 0.000015 seconds.
  path: Assets/Music and Sound/Music/Day/Dreamcore Main Theme/Dreamcore Draft 1.wav
  artifactKey: Guid(0958a15353356834bb2bf5b9f27b347d) Importer(2089858483,0ecaa5967403d082aa24f35e1b516d23)
Start importing Assets/Music and Sound/Music/Day/Dreamcore Main Theme/Dreamcore Draft 1.wav using Guid(0958a15353356834bb2bf5b9f27b347d) Importer(2089858483,0ecaa5967403d082aa24f35e1b516d23) [PhysX] Initialized MultithreadedTaskDispatcher with 12 workers.
 -> (artifact id: 'aee45d00628e8735a17df4f3b29f4a79') in 0.161861 seconds
Number of updated asset objects reloaded before import = 0
Number of asset objects unloaded after import = 1
========================================================================
Received Import Request.
  Time since last request: 0.000020 seconds.
  path: Assets/Music and Sound/SFX/Monsters/Dog/Dog Walk SFX.wav
  artifactKey: Guid(de2055442c8fc374aab8625724d0b929) Importer(2089858483,0ecaa5967403d082aa24f35e1b516d23)
Start importing Assets/Music and Sound/SFX/Monsters/Dog/Dog Walk SFX.wav using Guid(de2055442c8fc374aab8625724d0b929) Importer(2089858483,0ecaa5967403d082aa24f35e1b516d23) [PhysX] Initialized MultithreadedTaskDispatcher with 12 workers.
 -> (artifact id: '0fd24d70ed6b3da1bd1f23b4f796cb0e') in 0.383164 seconds
Number of updated asset objects reloaded before import = 0
Number of asset objects unloaded after import = 1
========================================================================
Received Import Request.
  Time since last request: 0.000025 seconds.
  path: Assets/Music and Sound/SFX/Player SFX/Pick up SFX/Bulky Pick up SFX.wav
  artifactKey: Guid(53b2b60640d4a2545bd3f8db0c374c6c) Importer(2089858483,0ecaa5967403d082aa24f35e1b516d23)
Start importing Assets/Music and Sound/SFX/Player SFX/Pick up SFX/Bulky Pick up SFX.wav using Guid(53b2b60640d4a2545bd3f8db0c374c6c) Importer(2089858483,0ecaa5967403d082aa24f35e1b516d23) [PhysX] Initialized MultithreadedTaskDispatcher with 12 workers.
 -> (artifact id: 'cb4d51f59b4161bde196adf1aab5dc5f') in 0.093671 seconds
Number of updated asset objects reloaded before import = 0
Number of asset objects unloaded after import = 1
========================================================================
Received Import Request.
  Time since last request: 0.000017 seconds.
  path: Assets/Music and Sound/SFX/Player SFX/Walking cycles/Sneak SFX.wav
  artifactKey: Guid(fde11979c86f0054397f19ea41537370) Importer(2089858483,0ecaa5967403d082aa24f35e1b516d23)
Start importing Assets/Music and Sound/SFX/Player SFX/Walking cycles/Sneak SFX.wav using Guid(fde11979c86f0054397f19ea41537370) Importer(2089858483,0ecaa5967403d082aa24f35e1b516d23) [PhysX] Initialized MultithreadedTaskDispatcher with 12 workers.
 -> (artifact id: '7eeda7123da68007dbf714ad4b3bb098') in 0.594105 seconds
Number of updated asset objects reloaded before import = 0
Number of asset objects unloaded after import = 1
========================================================================
Received Import Request.
  Time since last request: 0.000030 seconds.
  path: Assets/Music and Sound/SFX/Player SFX/Pick up SFX Updated/Cardboard Pick up SFX.wav
  artifactKey: Guid(ff301c5cfe591e446bfac55c965afa2e) Importer(2089858483,0ecaa5967403d082aa24f35e1b516d23)
Start importing Assets/Music and Sound/SFX/Player SFX/Pick up SFX Updated/Cardboard Pick up SFX.wav using Guid(ff301c5cfe591e446bfac55c965afa2e) Importer(2089858483,0ecaa5967403d082aa24f35e1b516d23) [PhysX] Initialized MultithreadedTaskDispatcher with 12 workers.
 -> (artifact id: '95927ab840758fcb039a2ba5ca422ae3') in 0.081505 seconds
Number of updated asset objects reloaded before import = 0
Number of asset objects unloaded after import = 1
========================================================================
Received Import Request.
  Time since last request: 0.000021 seconds.
  path: Assets/Music and Sound/SFX/Player SFX/Pick up SFX/Cardboard Pick up SFX.wav
  artifactKey: Guid(431cff7c885291d4fb7046f3fce7945c) Importer(2089858483,0ecaa5967403d082aa24f35e1b516d23)
Start importing Assets/Music and Sound/SFX/Player SFX/Pick up SFX/Cardboard Pick up SFX.wav using Guid(431cff7c885291d4fb7046f3fce7945c) Importer(2089858483,0ecaa5967403d082aa24f35e1b516d23) [PhysX] Initialized MultithreadedTaskDispatcher with 12 workers.
 -> (artifact id: 'cf0c9601acafcf38380325989deb7a52') in 0.053967 seconds
Number of updated asset objects reloaded before import = 0
Number of asset objects unloaded after import = 1
========================================================================
Received Import Request.
  Time since last request: 0.000014 seconds.
  path: Assets/Plugins/Zenject/OptionalExtras/Signals/Zenject-Signals.csproj
  artifactKey: Guid(aebd7ef925dd4fe4690c3238e879f914) Importer(2089858483,0ecaa5967403d082aa24f35e1b516d23)
Start importing Assets/Plugins/Zenject/OptionalExtras/Signals/Zenject-Signals.csproj using Guid(aebd7ef925dd4fe4690c3238e879f914) Importer(2089858483,0ecaa5967403d082aa24f35e1b516d23) [PhysX] Initialized MultithreadedTaskDispatcher with 12 workers.
 -> (artifact id: '63b035c71861cfecaf62ccd97522aabc') in 0.027897 seconds
Number of updated asset objects reloaded before import = 0
Number of asset objects unloaded after import = 1
========================================================================
Received Import Request.
  Time since last request: 0.000016 seconds.
  path: Assets/Plugins/TextMesh Pro/Resources/Fonts & Materials/LiberationSans SDF - Outline.mat
  artifactKey: Guid(79459efec17a4d00a321bdcc27bbc385) Importer(2089858483,0ecaa5967403d082aa24f35e1b516d23)
Start importing Assets/Plugins/TextMesh Pro/Resources/Fonts & Materials/LiberationSans SDF - Outline.mat using Guid(79459efec17a4d00a321bdcc27bbc385) Importer(2089858483,0ecaa5967403d082aa24f35e1b516d23) [PhysX] Initialized MultithreadedTaskDispatcher with 12 workers.
 -> (artifact id: '1b6c602b4664347e540d2a13db590ad2') in 0.044335 seconds
Number of updated asset objects reloaded before import = 0
Number of asset objects unloaded after import = 2
========================================================================
Received Import Request.
  Time since last request: 0.000017 seconds.
  path: Assets/Music and Sound/SFX/Player SFX/Pick up SFX/Bulky Drop SFX.wav
  artifactKey: Guid(5b84c1b312678ca438d8bf1bb4b4aec6) Importer(2089858483,0ecaa5967403d082aa24f35e1b516d23)
Start importing Assets/Music and Sound/SFX/Player SFX/Pick up SFX/Bulky Drop SFX.wav using Guid(5b84c1b312678ca438d8bf1bb4b4aec6) Importer(2089858483,0ecaa5967403d082aa24f35e1b516d23) [PhysX] Initialized MultithreadedTaskDispatcher with 12 workers.
 -> (artifact id: '71bc7800c6ca00bc701b6b507e7f2c9a') in 0.111091 seconds
Number of updated asset objects reloaded before import = 0
Number of asset objects unloaded after import = 1
========================================================================
Received Import Request.
  Time since last request: 0.000015 seconds.
  path: Assets/Music and Sound/SFX/Monsters/Updated Chicken sounds/Chicken Roar SFX 1.wav
  artifactKey: Guid(822e7c184b3156e42baa9c6151ffae4d) Importer(2089858483,0ecaa5967403d082aa24f35e1b516d23)
Start importing Assets/Music and Sound/SFX/Monsters/Updated Chicken sounds/Chicken Roar SFX 1.wav using Guid(822e7c184b3156e42baa9c6151ffae4d) Importer(2089858483,0ecaa5967403d082aa24f35e1b516d23) [PhysX] Initialized MultithreadedTaskDispatcher with 12 workers.
 -> (artifact id: '6463271cb98e09a81f46d481a859ce7a') in 0.080637 seconds
Number of updated asset objects reloaded before import = 0
Number of asset objects unloaded after import = 1
========================================================================
Received Import Request.
  Time since last request: 0.000024 seconds.
  path: Assets/Music and Sound/SFX/Monsters/Updated Chicken sounds/Chicken Cluck SFX 4.wav
  artifactKey: Guid(e616808d9b4f43d41ae4c68134c60c27) Importer(2089858483,0ecaa5967403d082aa24f35e1b516d23)
Start importing Assets/Music and Sound/SFX/Monsters/Updated Chicken sounds/Chicken Cluck SFX 4.wav using Guid(e616808d9b4f43d41ae4c68134c60c27) Importer(2089858483,0ecaa5967403d082aa24f35e1b516d23) [PhysX] Initialized MultithreadedTaskDispatcher with 12 workers.
 -> (artifact id: '69e9ed590f3b305249726526cf01bc7a') in 0.078961 seconds
Number of updated asset objects reloaded before import = 0
Number of asset objects unloaded after import = 1
========================================================================
Received Import Request.
  Time since last request: 0.000013 seconds.
  path: Assets/Music and Sound/SFX/Monsters/Updated Dog Sounds/Dog Sniff SFX 2.wav
  artifactKey: Guid(5546a2b71753081408095eb2664a5d5a) Importer(2089858483,0ecaa5967403d082aa24f35e1b516d23)
Start importing Assets/Music and Sound/SFX/Monsters/Updated Dog Sounds/Dog Sniff SFX 2.wav using Guid(5546a2b71753081408095eb2664a5d5a) Importer(2089858483,0ecaa5967403d082aa24f35e1b516d23) [PhysX] Initialized MultithreadedTaskDispatcher with 12 workers.
 -> (artifact id: 'e06c36f80884637ea5e7666916143ba4') in 0.098704 seconds
Number of updated asset objects reloaded before import = 0
Number of asset objects unloaded after import = 1
========================================================================
Received Import Request.
  Time since last request: 0.000013 seconds.
  path: Assets/Music and Sound/SFX/Player SFX/Pick up SFX Updated/Cardboard Put down SFX.wav
  artifactKey: Guid(8e6373e6de2130a4fb30dbb61a567854) Importer(2089858483,0ecaa5967403d082aa24f35e1b516d23)
Start importing Assets/Music and Sound/SFX/Player SFX/Pick up SFX Updated/Cardboard Put down SFX.wav using Guid(8e6373e6de2130a4fb30dbb61a567854) Importer(2089858483,0ecaa5967403d082aa24f35e1b516d23) [PhysX] Initialized MultithreadedTaskDispatcher with 12 workers.
 -> (artifact id: 'e281d680bd75099fce56bbbccb289454') in 0.158768 seconds
Number of updated asset objects reloaded before import = 0
Number of asset objects unloaded after import = 1
========================================================================
Received Import Request.
  Time since last request: 0.000018 seconds.
  path: Assets/Music and Sound/SFX/Player SFX/Pick up SFX Updated/Bulky Pick up SFX.wav
  artifactKey: Guid(83956810d2dffaa42ad67084224d9709) Importer(2089858483,0ecaa5967403d082aa24f35e1b516d23)
Start importing Assets/Music and Sound/SFX/Player SFX/Pick up SFX Updated/Bulky Pick up SFX.wav using Guid(83956810d2dffaa42ad67084224d9709) Importer(2089858483,0ecaa5967403d082aa24f35e1b516d23) [PhysX] Initialized MultithreadedTaskDispatcher with 12 workers.
 -> (artifact id: '36df028b192cf8f35ad8a31c4e6619db') in 0.103886 seconds
Number of updated asset objects reloaded before import = 0
Number of asset objects unloaded after import = 1
========================================================================
Received Import Request.
  Time since last request: 0.000021 seconds.
  path: Assets/Music and Sound/SFX/Monsters/Chicken/Chicken Idle SFX 2.wav
  artifactKey: Guid(0151406dd5d3ce0449842d2cd01e2dbf) Importer(2089858483,0ecaa5967403d082aa24f35e1b516d23)
Start importing Assets/Music and Sound/SFX/Monsters/Chicken/Chicken Idle SFX 2.wav using Guid(0151406dd5d3ce0449842d2cd01e2dbf) Importer(2089858483,0ecaa5967403d082aa24f35e1b516d23) [PhysX] Initialized MultithreadedTaskDispatcher with 12 workers.
 -> (artifact id: 'ba69dff2f6f52191af8166845deac5cd') in 0.184648 seconds
Number of updated asset objects reloaded before import = 0
Number of asset objects unloaded after import = 1
========================================================================
Received Import Request.
  Time since last request: 0.000019 seconds.
  path: Assets/Music and Sound/SFX/Player SFX/Pick up SFX/Plastic Pick up SFX.wav
  artifactKey: Guid(fa362f3be98bf8c4ab16525623c5d5d2) Importer(2089858483,0ecaa5967403d082aa24f35e1b516d23)
Start importing Assets/Music and Sound/SFX/Player SFX/Pick up SFX/Plastic Pick up SFX.wav using Guid(fa362f3be98bf8c4ab16525623c5d5d2) Importer(2089858483,0ecaa5967403d082aa24f35e1b516d23) [PhysX] Initialized MultithreadedTaskDispatcher with 12 workers.
 -> (artifact id: 'feafea46106e6ed5ff97959cc56192cd') in 0.114321 seconds
Number of updated asset objects reloaded before import = 0
Number of asset objects unloaded after import = 1
========================================================================
Received Import Request.
  Time since last request: 0.000018 seconds.
  path: Assets/Music and Sound/SFX/Monsters/Dog/Dog Growl SFX.wav
  artifactKey: Guid(134342378be934c4aa16bd99e9513544) Importer(2089858483,0ecaa5967403d082aa24f35e1b516d23)
Start importing Assets/Music and Sound/SFX/Monsters/Dog/Dog Growl SFX.wav using Guid(134342378be934c4aa16bd99e9513544) Importer(2089858483,0ecaa5967403d082aa24f35e1b516d23) [PhysX] Initialized MultithreadedTaskDispatcher with 12 workers.
 -> (artifact id: '295be735e84f94ce39336bebfe0d930c') in 0.090772 seconds
Number of updated asset objects reloaded before import = 0
Number of asset objects unloaded after import = 1
========================================================================
Received Import Request.
  Time since last request: 0.000020 seconds.
  path: Assets/Plugins/Zenject/Source/Install/IInstaller.cs
  artifactKey: Guid(65a9d43edcbe33640989f12f980de5d1) Importer(2089858483,0ecaa5967403d082aa24f35e1b516d23)
Start importing Assets/Plugins/Zenject/Source/Install/IInstaller.cs using Guid(65a9d43edcbe33640989f12f980de5d1) Importer(2089858483,0ecaa5967403d082aa24f35e1b516d23) [PhysX] Initialized MultithreadedTaskDispatcher with 12 workers.
 -> (artifact id: 'b982142a1653217ac5e1d16d0d28370a') in 0.015993 seconds
Number of updated asset objects reloaded before import = 0
Number of asset objects unloaded after import = 1
========================================================================
Received Import Request.
  Time since last request: 0.000017 seconds.
  path: Assets/Plugins/Zenject/Source/Install/ScriptableObjectInstaller.cs
  artifactKey: Guid(00b9d7602aaf02748aa93779bbf29799) Importer(2089858483,0ecaa5967403d082aa24f35e1b516d23)
Start importing Assets/Plugins/Zenject/Source/Install/ScriptableObjectInstaller.cs using Guid(00b9d7602aaf02748aa93779bbf29799) Importer(2089858483,0ecaa5967403d082aa24f35e1b516d23) [PhysX] Initialized MultithreadedTaskDispatcher with 12 workers.
 -> (artifact id: 'a8f3ec3b1b9a24ca335a120c34bb4bd0') in 0.019682 seconds
Number of updated asset objects reloaded before import = 0
Number of asset objects unloaded after import = 1
========================================================================
Received Import Request.
  Time since last request: 0.000013 seconds.
  path: Assets/Plugins/Zenject/OptionalExtras/TestFramework/ValidateOnlyAttribute.cs
  artifactKey: Guid(2f9f4a0ef011f8846b17c8dc23e69b11) Importer(2089858483,0ecaa5967403d082aa24f35e1b516d23)
Start importing Assets/Plugins/Zenject/OptionalExtras/TestFramework/ValidateOnlyAttribute.cs using Guid(2f9f4a0ef011f8846b17c8dc23e69b11) Importer(2089858483,0ecaa5967403d082aa24f35e1b516d23) [PhysX] Initialized MultithreadedTaskDispatcher with 12 workers.
 -> (artifact id: 'ff46188c0e0bdd5766df82dd5f70e618') in 0.053399 seconds
Number of updated asset objects reloaded before import = 0
Number of asset objects unloaded after import = 1
========================================================================
Received Import Request.
  Time since last request: 0.000016 seconds.
  path: Assets/Plugins/Zenject/Source/Install/Installer.cs
  artifactKey: Guid(743eef94d86c79e4189b311a7c7528ce) Importer(2089858483,0ecaa5967403d082aa24f35e1b516d23)
Start importing Assets/Plugins/Zenject/Source/Install/Installer.cs using Guid(743eef94d86c79e4189b311a7c7528ce) Importer(2089858483,0ecaa5967403d082aa24f35e1b516d23) [PhysX] Initialized MultithreadedTaskDispatcher with 12 workers.
 -> (artifact id: 'eabf3f5f3a41503e7d6131c3bfd40a1e') in 0.029298 seconds
Number of updated asset objects reloaded before import = 0
Number of asset objects unloaded after import = 1
========================================================================
Received Import Request.
  Time since last request: 0.000014 seconds.
  path: Assets/Plugins/Zenject/OptionalExtras/TestFramework/Zenject-TestFramework.asmdef
  artifactKey: Guid(a2f2239355369ba4fb6909aeaa41def5) Importer(2089858483,0ecaa5967403d082aa24f35e1b516d23)
Start importing Assets/Plugins/Zenject/OptionalExtras/TestFramework/Zenject-TestFramework.asmdef using Guid(a2f2239355369ba4fb6909aeaa41def5) Importer(2089858483,0ecaa5967403d082aa24f35e1b516d23) [PhysX] Initialized MultithreadedTaskDispatcher with 12 workers.
 -> (artifact id: '06fc1fc34ba3e17dad61f39e0afa649a') in 0.083447 seconds
Number of updated asset objects reloaded before import = 0
Number of asset objects unloaded after import = 1
========================================================================
Received Import Request.
  Time since last request: 0.000028 seconds.
  path: Assets/Music and Sound/SFX/Monsters/Updated Dog Sounds/Dog Sniff SFX 1.wav
  artifactKey: Guid(9bdc29a3e77416a489e20c6750cd6042) Importer(2089858483,0ecaa5967403d082aa24f35e1b516d23)
Start importing Assets/Music and Sound/SFX/Monsters/Updated Dog Sounds/Dog Sniff SFX 1.wav using Guid(9bdc29a3e77416a489e20c6750cd6042) Importer(2089858483,0ecaa5967403d082aa24f35e1b516d23) [PhysX] Initialized MultithreadedTaskDispatcher with 12 workers.
 -> (artifact id: '98b7ef619fca730a7f746430a6d426a7') in 0.072830 seconds
Number of updated asset objects reloaded before import = 0
Number of asset objects unloaded after import = 1
========================================================================
Received Import Request.
  Time since last request: 0.000021 seconds.
  path: Assets/Music and Sound/SFX/Monsters/Updated Dog Sounds/Chicken Death SFX.wav
  artifactKey: Guid(729c9aee58674e1438ac8bbb4cd7070a) Importer(2089858483,0ecaa5967403d082aa24f35e1b516d23)
Start importing Assets/Music and Sound/SFX/Monsters/Updated Dog Sounds/Chicken Death SFX.wav using Guid(729c9aee58674e1438ac8bbb4cd7070a) Importer(2089858483,0ecaa5967403d082aa24f35e1b516d23) [PhysX] Initialized MultithreadedTaskDispatcher with 12 workers.
 -> (artifact id: 'f605827d69ea709010ec099eccfdc1b8') in 0.098705 seconds
Number of updated asset objects reloaded before import = 0
Number of asset objects unloaded after import = 1
========================================================================
Received Import Request.
  Time since last request: 0.000019 seconds.
  path: Assets/Music and Sound/Music/Night/Dreamcore Alt/dREAMCORE.wav
  artifactKey: Guid(efeabd490c1d4ed419088d27310fff6a) Importer(2089858483,0ecaa5967403d082aa24f35e1b516d23)
Start importing Assets/Music and Sound/Music/Night/Dreamcore Alt/dREAMCORE.wav using Guid(efeabd490c1d4ed419088d27310fff6a) Importer(2089858483,0ecaa5967403d082aa24f35e1b516d23) [PhysX] Initialized MultithreadedTaskDispatcher with 12 workers.
 -> (artifact id: '94522b1bb6554ce85f59c3e3b05202c8') in 0.077233 seconds
Number of updated asset objects reloaded before import = 0
Number of asset objects unloaded after import = 1
========================================================================
Received Import Request.
  Time since last request: 0.000012 seconds.
  path: Assets/Plugins/Zenject/Source/Editor/ZenUnityEditorUtil.cs
  artifactKey: Guid(f798e3a2f0079b840804c0516d265f03) Importer(2089858483,0ecaa5967403d082aa24f35e1b516d23)
Start importing Assets/Plugins/Zenject/Source/Editor/ZenUnityEditorUtil.cs using Guid(f798e3a2f0079b840804c0516d265f03) Importer(2089858483,0ecaa5967403d082aa24f35e1b516d23) [PhysX] Initialized MultithreadedTaskDispatcher with 12 workers.
 -> (artifact id: 'ddc8dd61f186e9add5b77fe90efe74f3') in 0.019995 seconds
Number of updated asset objects reloaded before import = 0
Number of asset objects unloaded after import = 1
========================================================================
Received Import Request.
  Time since last request: 0.000016 seconds.
  path: Assets/Music and Sound/SFX/Monsters/Updated Chicken sounds/Chicken Cluck SFX 3.wav
  artifactKey: Guid(3967734a712d2d149912ee518245ba14) Importer(2089858483,0ecaa5967403d082aa24f35e1b516d23)
Start importing Assets/Music and Sound/SFX/Monsters/Updated Chicken sounds/Chicken Cluck SFX 3.wav using Guid(3967734a712d2d149912ee518245ba14) Importer(2089858483,0ecaa5967403d082aa24f35e1b516d23) [PhysX] Initialized MultithreadedTaskDispatcher with 12 workers.
 -> (artifact id: 'c70d5aac7a22c449830b4c671290bc4b') in 0.052719 seconds
Number of updated asset objects reloaded before import = 0
Number of asset objects unloaded after import = 1
========================================================================
Received Import Request.
  Time since last request: 0.000017 seconds.
  path: Assets/Plugins/Zenject/Source/Install/MonoInstaller.cs
  artifactKey: Guid(724ff9f6c80e0b044b7db58730dc6075) Importer(2089858483,0ecaa5967403d082aa24f35e1b516d23)
Start importing Assets/Plugins/Zenject/Source/Install/MonoInstaller.cs using Guid(724ff9f6c80e0b044b7db58730dc6075) Importer(2089858483,0ecaa5967403d082aa24f35e1b516d23) [PhysX] Initialized MultithreadedTaskDispatcher with 12 workers.
 -> (artifact id: '2e91a88740dbafa274565cb803c9b33d') in 0.057170 seconds
Number of updated asset objects reloaded before import = 0
Number of asset objects unloaded after import = 1
========================================================================
Received Import Request.
  Time since last request: 0.000022 seconds.
  path: Assets/Music and Sound/SFX/Player SFX/Pick up SFX Updated/Rag Put down SFX.wav
  artifactKey: Guid(be369eebc71f090499c3e611d7815816) Importer(2089858483,0ecaa5967403d082aa24f35e1b516d23)
Start importing Assets/Music and Sound/SFX/Player SFX/Pick up SFX Updated/Rag Put down SFX.wav using Guid(be369eebc71f090499c3e611d7815816) Importer(2089858483,0ecaa5967403d082aa24f35e1b516d23) [PhysX] Initialized MultithreadedTaskDispatcher with 12 workers.
 -> (artifact id: '503c54fb668c63beeef9732f16ab43f0') in 0.086957 seconds
Number of updated asset objects reloaded before import = 0
Number of asset objects unloaded after import = 1
========================================================================
Received Import Request.
  Time since last request: 0.000015 seconds.
  path: Assets/Plugins/Zenject/Source/Injection/InjectContext.cs
  artifactKey: Guid(2005ce29739317b48bcc3c06695da848) Importer(2089858483,0ecaa5967403d082aa24f35e1b516d23)
Start importing Assets/Plugins/Zenject/Source/Injection/InjectContext.cs using Guid(2005ce29739317b48bcc3c06695da848) Importer(2089858483,0ecaa5967403d082aa24f35e1b516d23) [PhysX] Initialized MultithreadedTaskDispatcher with 12 workers.
 -> (artifact id: 'e6f84192366fa42ac861a9bc2ab8b8c2') in 0.026518 seconds
Number of updated asset objects reloaded before import = 0
Number of asset objects unloaded after import = 1
========================================================================
Received Import Request.
  Time since last request: 0.000018 seconds.
  path: Assets/Music and Sound/SFX/Player SFX/Pick up SFX Updated/Plastic Put down SFX 2.wav
  artifactKey: Guid(88e4f69300dba93438777e6904facfa1) Importer(2089858483,0ecaa5967403d082aa24f35e1b516d23)
Start importing Assets/Music and Sound/SFX/Player SFX/Pick up SFX Updated/Plastic Put down SFX 2.wav using Guid(88e4f69300dba93438777e6904facfa1) Importer(2089858483,0ecaa5967403d082aa24f35e1b516d23) [PhysX] Initialized MultithreadedTaskDispatcher with 12 workers.
 -> (artifact id: '454c306a9f9a4d2f345ad9ef72d9c121') in 0.132956 seconds
Number of updated asset objects reloaded before import = 0
Number of asset objects unloaded after import = 1
========================================================================
Received Import Request.
  Time since last request: 0.000019 seconds.
  path: Assets/Music and Sound/SFX/Monsters/Chicken/Chicken Idle SFX 5.wav
  artifactKey: Guid(b4c6b9996c2199e4ebd7358017e9de72) Importer(2089858483,0ecaa5967403d082aa24f35e1b516d23)
Start importing Assets/Music and Sound/SFX/Monsters/Chicken/Chicken Idle SFX 5.wav using Guid(b4c6b9996c2199e4ebd7358017e9de72) Importer(2089858483,0ecaa5967403d082aa24f35e1b516d23) [PhysX] Initialized MultithreadedTaskDispatcher with 12 workers.
 -> (artifact id: '037c434034e5a3f8e1d43d89f4a65930') in 0.136640 seconds
Number of updated asset objects reloaded before import = 0
Number of asset objects unloaded after import = 1
========================================================================
Received Import Request.
  Time since last request: 0.000026 seconds.
  path: Assets/Plugins/Zenject/Source/Internal/ValuePair.cs
  artifactKey: Guid(a3c968adce0a9a24e949dc4eedb496e8) Importer(2089858483,0ecaa5967403d082aa24f35e1b516d23)
Start importing Assets/Plugins/Zenject/Source/Internal/ValuePair.cs using Guid(a3c968adce0a9a24e949dc4eedb496e8) Importer(2089858483,0ecaa5967403d082aa24f35e1b516d23) [PhysX] Initialized MultithreadedTaskDispatcher with 12 workers.
 -> (artifact id: 'e553db211bf9b40da54d814247770c51') in 0.054630 seconds
Number of updated asset objects reloaded before import = 0
Number of asset objects unloaded after import = 1
========================================================================
Received Import Request.
  Time since last request: 0.000017 seconds.
  path: Assets/Plugins/Zenject/Source/Providers/ResolveProvider.cs
  artifactKey: Guid(35df94e99ddd0c04c86cf0bcefa85ad8) Importer(2089858483,0ecaa5967403d082aa24f35e1b516d23)
Start importing Assets/Plugins/Zenject/Source/Providers/ResolveProvider.cs using Guid(35df94e99ddd0c04c86cf0bcefa85ad8) Importer(2089858483,0ecaa5967403d082aa24f35e1b516d23) [PhysX] Initialized MultithreadedTaskDispatcher with 12 workers.
 -> (artifact id: 'c0372d6c14c045489b312e0191847ed1') in 0.019738 seconds
Number of updated asset objects reloaded before import = 0
Number of asset objects unloaded after import = 1
========================================================================
Received Import Request.
  Time since last request: 0.000017 seconds.
  path: Assets/Plugins/Zenject/Source/Providers/ProviderUtil.cs
  artifactKey: Guid(278c72df466e8b049bc7ce6feb535cb1) Importer(2089858483,0ecaa5967403d082aa24f35e1b516d23)
Start importing Assets/Plugins/Zenject/Source/Providers/ProviderUtil.cs using Guid(278c72df466e8b049bc7ce6feb535cb1) Importer(2089858483,0ecaa5967403d082aa24f35e1b516d23) [PhysX] Initialized MultithreadedTaskDispatcher with 12 workers.
 -> (artifact id: 'cd6dde4402cd6fa26c2b9158f05ff28c') in 0.030110 seconds
Number of updated asset objects reloaded before import = 0
Number of asset objects unloaded after import = 1
========================================================================
Received Import Request.
  Time since last request: 0.000013 seconds.
  path: Assets/Plugins/Zenject/Source/Internal/TypeExtensions.cs
  artifactKey: Guid(2697c251f47f2bc40b32922c5a796f65) Importer(2089858483,0ecaa5967403d082aa24f35e1b516d23)
Start importing Assets/Plugins/Zenject/Source/Internal/TypeExtensions.cs using Guid(2697c251f47f2bc40b32922c5a796f65) Importer(2089858483,0ecaa5967403d082aa24f35e1b516d23) [PhysX] Initialized MultithreadedTaskDispatcher with 12 workers.
 -> (artifact id: '4bfbbf1b668a1922ab174ed79ab1f2fb') in 0.018342 seconds
Number of updated asset objects reloaded before import = 0
Number of asset objects unloaded after import = 1
========================================================================
Received Import Request.
  Time since last request: 0.000014 seconds.
  path: Assets/Plugins/Zenject/Source/Install/ZenjectBinding.cs
  artifactKey: Guid(0166d8ff8d905b048b2448179e1f5d11) Importer(2089858483,0ecaa5967403d082aa24f35e1b516d23)
Start importing Assets/Plugins/Zenject/Source/Install/ZenjectBinding.cs using Guid(0166d8ff8d905b048b2448179e1f5d11) Importer(2089858483,0ecaa5967403d082aa24f35e1b516d23) [PhysX] Initialized MultithreadedTaskDispatcher with 12 workers.
 -> (artifact id: '1d3939b90a2c8756c8cf91d96459e124') in 0.028503 seconds
Number of updated asset objects reloaded before import = 0
Number of asset objects unloaded after import = 1
========================================================================
Received Import Request.
  Time since last request: 0.000015 seconds.
  path: Assets/Plugins/Zenject/Source/Main/LookupId.cs
  artifactKey: Guid(75d6ff51a82574249bd77fb5fd40d948) Importer(2089858483,0ecaa5967403d082aa24f35e1b516d23)
Start importing Assets/Plugins/Zenject/Source/Main/LookupId.cs using Guid(75d6ff51a82574249bd77fb5fd40d948) Importer(2089858483,0ecaa5967403d082aa24f35e1b516d23) [PhysX] Initialized MultithreadedTaskDispatcher with 12 workers.
 -> (artifact id: '86e7dd8d55e4c2fcb4d94694af081353') in 0.017478 seconds
Number of updated asset objects reloaded before import = 0
Number of asset objects unloaded after import = 1
========================================================================
Received Import Request.
  Time since last request: 0.000015 seconds.
  path: Assets/Plugins/Zenject/Source/Install/ZenjectManagersInstaller.cs
  artifactKey: Guid(b05e95f8fed82b244b78a5e2df541713) Importer(2089858483,0ecaa5967403d082aa24f35e1b516d23)
Start importing Assets/Plugins/Zenject/Source/Install/ZenjectManagersInstaller.cs using Guid(b05e95f8fed82b244b78a5e2df541713) Importer(2089858483,0ecaa5967403d082aa24f35e1b516d23) [PhysX] Initialized MultithreadedTaskDispatcher with 12 workers.
 -> (artifact id: 'f574a96c5c53c49128a178ec8834d95e') in 0.085741 seconds
Number of updated asset objects reloaded before import = 0
Number of asset objects unloaded after import = 1
========================================================================
Received Import Request.
  Time since last request: 0.000017 seconds.
  path: Assets/Plugins/Zenject/Source/Providers/MethodProviderSimple.cs
  artifactKey: Guid(eee2b774c35c53641b09b0c1e9620e03) Importer(2089858483,0ecaa5967403d082aa24f35e1b516d23)
Start importing Assets/Plugins/Zenject/Source/Providers/MethodProviderSimple.cs using Guid(eee2b774c35c53641b09b0c1e9620e03) Importer(2089858483,0ecaa5967403d082aa24f35e1b516d23) [PhysX] Initialized MultithreadedTaskDispatcher with 12 workers.
 -> (artifact id: 'bd9012751171212db198a0434f8daf7f') in 0.019233 seconds
Number of updated asset objects reloaded before import = 0
Number of asset objects unloaded after import = 1
========================================================================
Received Import Request.
  Time since last request: 0.000024 seconds.
  path: Assets/Plugins/Zenject/Source/Runtime/InitializableManager.cs
  artifactKey: Guid(8e5838132ef34e14ea93d2e3b30b7140) Importer(2089858483,0ecaa5967403d082aa24f35e1b516d23)
Start importing Assets/Plugins/Zenject/Source/Runtime/InitializableManager.cs using Guid(8e5838132ef34e14ea93d2e3b30b7140) Importer(2089858483,0ecaa5967403d082aa24f35e1b516d23) [PhysX] Initialized MultithreadedTaskDispatcher with 12 workers.
 -> (artifact id: '353a70b682cc8cfb81ea85d852a89aaa') in 0.035550 seconds
Number of updated asset objects reloaded before import = 0
Number of asset objects unloaded after import = 1
========================================================================
Received Import Request.
  Time since last request: 0.000016 seconds.
  path: Assets/Plugins/Zenject/Source/Main/LazyInstanceInjector.cs
  artifactKey: Guid(c7bd2a03033e83a4c9dab4d27166b412) Importer(2089858483,0ecaa5967403d082aa24f35e1b516d23)
Start importing Assets/Plugins/Zenject/Source/Main/LazyInstanceInjector.cs using Guid(c7bd2a03033e83a4c9dab4d27166b412) Importer(2089858483,0ecaa5967403d082aa24f35e1b516d23) [PhysX] Initialized MultithreadedTaskDispatcher with 12 workers.
 -> (artifact id: '6e2d8b46ea12c11c58d005eb25e865fe') in 0.026090 seconds
Number of updated asset objects reloaded before import = 0
Number of asset objects unloaded after import = 1
========================================================================
Received Import Request.
  Time since last request: 0.000021 seconds.
  path: Assets/Plugins/Zenject/Source/Internal/Log.cs
  artifactKey: Guid(622a24d4c6769414495ea1786bfee872) Importer(2089858483,0ecaa5967403d082aa24f35e1b516d23)
Start importing Assets/Plugins/Zenject/Source/Internal/Log.cs using Guid(622a24d4c6769414495ea1786bfee872) Importer(2089858483,0ecaa5967403d082aa24f35e1b516d23) [PhysX] Initialized MultithreadedTaskDispatcher with 12 workers.
 -> (artifact id: 'ed15d20cd1d71d3bf815dbdd992a24cb') in 0.017656 seconds
Number of updated asset objects reloaded before import = 0
Number of asset objects unloaded after import = 1
========================================================================
Received Import Request.
  Time since last request: 0.000015 seconds.
  path: Assets/Plugins/Zenject/Source/Providers/MethodMultipleProviderUntyped.cs
  artifactKey: Guid(dd9674ffe36a06141afeab1ebbc399f0) Importer(2089858483,0ecaa5967403d082aa24f35e1b516d23)
Start importing Assets/Plugins/Zenject/Source/Providers/MethodMultipleProviderUntyped.cs using Guid(dd9674ffe36a06141afeab1ebbc399f0) Importer(2089858483,0ecaa5967403d082aa24f35e1b516d23) [PhysX] Initialized MultithreadedTaskDispatcher with 12 workers.
 -> (artifact id: '7518d5d950c0408e08398259568b1eb9') in 0.016643 seconds
Number of updated asset objects reloaded before import = 0
Number of asset objects unloaded after import = 1
========================================================================
Received Import Request.
  Time since last request: 0.000016 seconds.
  path: Assets/Plugins/Zenject/Source/Runtime/DisposableManager.cs
  artifactKey: Guid(e62fabfe4695e4a439003c1c1fd5d008) Importer(2089858483,0ecaa5967403d082aa24f35e1b516d23)
Start importing Assets/Plugins/Zenject/Source/Runtime/DisposableManager.cs using Guid(e62fabfe4695e4a439003c1c1fd5d008) Importer(2089858483,0ecaa5967403d082aa24f35e1b516d23) [PhysX] Initialized MultithreadedTaskDispatcher with 12 workers.
 -> (artifact id: '23ff59d16a18b0094b301aef9bae3bbe') in 0.032053 seconds
Number of updated asset objects reloaded before import = 0
Number of asset objects unloaded after import = 1
========================================================================
Received Import Request.
  Time since last request: 0.000018 seconds.
  path: Assets/Music and Sound/SFX/Monsters/Dog/Dog Running SFX.wav
  artifactKey: Guid(22892969097c6bd4c8d3689ab67f7106) Importer(2089858483,0ecaa5967403d082aa24f35e1b516d23)
Start importing Assets/Music and Sound/SFX/Monsters/Dog/Dog Running SFX.wav using Guid(22892969097c6bd4c8d3689ab67f7106) Importer(2089858483,0ecaa5967403d082aa24f35e1b516d23) [PhysX] Initialized MultithreadedTaskDispatcher with 12 workers.
 -> (artifact id: '5e5578622396a02aa358ad89078c2f7f') in 0.147602 seconds
Number of updated asset objects reloaded before import = 0
Number of asset objects unloaded after import = 1
========================================================================
Received Import Request.
  Time since last request: 0.000017 seconds.
  path: Assets/Plugins/TextMesh Pro/Resources/Fonts & Materials/LiberationSans SDF.asset
  artifactKey: Guid(8f586378b4e144a9851e7b34d9b748ee) Importer(2089858483,0ecaa5967403d082aa24f35e1b516d23)
Start importing Assets/Plugins/TextMesh Pro/Resources/Fonts & Materials/LiberationSans SDF.asset using Guid(8f586378b4e144a9851e7b34d9b748ee) Importer(2089858483,0ecaa5967403d082aa24f35e1b516d23) [PhysX] Initialized MultithreadedTaskDispatcher with 12 workers.
 -> (artifact id: '7d9d51c21e439648664e78ea065347ab') in 0.097567 seconds
Number of updated asset objects reloaded before import = 0
Number of asset objects unloaded after import = 8
========================================================================
Received Import Request.
  Time since last request: 0.000021 seconds.
  path: Assets/Plugins/Zenject/Source/Providers/IProvider.cs
  artifactKey: Guid(438b6366f2f1221448e9a71e09ac0329) Importer(2089858483,0ecaa5967403d082aa24f35e1b516d23)
Start importing Assets/Plugins/Zenject/Source/Providers/IProvider.cs using Guid(438b6366f2f1221448e9a71e09ac0329) Importer(2089858483,0ecaa5967403d082aa24f35e1b516d23) [PhysX] Initialized MultithreadedTaskDispatcher with 12 workers.
 -> (artifact id: '35f0706b4ead036e6f9152988c5c8146') in 0.020128 seconds
Number of updated asset objects reloaded before import = 0
Number of asset objects unloaded after import = 1
========================================================================
Received Import Request.
  Time since last request: 0.000017 seconds.
  path: Assets/Plugins/Zenject/Source/Editor/ZenMenuItems.cs
  artifactKey: Guid(d45338750ad0b4f4b90ed09091927b46) Importer(2089858483,0ecaa5967403d082aa24f35e1b516d23)
Start importing Assets/Plugins/Zenject/Source/Editor/ZenMenuItems.cs using Guid(d45338750ad0b4f4b90ed09091927b46) Importer(2089858483,0ecaa5967403d082aa24f35e1b516d23) [PhysX] Initialized MultithreadedTaskDispatcher with 12 workers.
 -> (artifact id: '5a2eff44933aaa03ccb93d39a51ba397') in 0.039969 seconds
Number of updated asset objects reloaded before import = 0
Number of asset objects unloaded after import = 1
========================================================================
Received Import Request.
  Time since last request: 0.000014 seconds.
  path: Assets/Music and Sound/SFX/Player SFX/Pick up SFX Updated/Bulky Put Down SFX.wav
  artifactKey: Guid(9849a935550ec774b9e810600a7e734f) Importer(2089858483,0ecaa5967403d082aa24f35e1b516d23)
Start importing Assets/Music and Sound/SFX/Player SFX/Pick up SFX Updated/Bulky Put Down SFX.wav using Guid(9849a935550ec774b9e810600a7e734f) Importer(2089858483,0ecaa5967403d082aa24f35e1b516d23) [PhysX] Initialized MultithreadedTaskDispatcher with 12 workers.
 -> (artifact id: '12adc96034401287195d833ca0da196c') in 0.177146 seconds
Number of updated asset objects reloaded before import = 0
Number of asset objects unloaded after import = 1
========================================================================
Received Import Request.
  Time since last request: 0.000017 seconds.
  path: Assets/Plugins/TextMesh Pro/Resources/Sprite Assets/EmojiOne.asset
  artifactKey: Guid(c41005c129ba4d66911b75229fd70b45) Importer(2089858483,0ecaa5967403d082aa24f35e1b516d23)
Start importing Assets/Plugins/TextMesh Pro/Resources/Sprite Assets/EmojiOne.asset using Guid(c41005c129ba4d66911b75229fd70b45) Importer(2089858483,0ecaa5967403d082aa24f35e1b516d23) [PhysX] Initialized MultithreadedTaskDispatcher with 12 workers.
 -> (artifact id: 'be637978a224e091e75afda23f90c39a') in 0.019082 seconds
Number of updated asset objects reloaded before import = 0
Number of asset objects unloaded after import = 3
========================================================================
Received Import Request.
  Time since last request: 0.000025 seconds.
  path: Assets/Plugins/Zenject/OptionalExtras/IntegrationTests/Zenject-IntegrationTests.asmdef
  artifactKey: Guid(2845024868d5894408e3dc7b917ca748) Importer(2089858483,0ecaa5967403d082aa24f35e1b516d23)
Start importing Assets/Plugins/Zenject/OptionalExtras/IntegrationTests/Zenject-IntegrationTests.asmdef using Guid(2845024868d5894408e3dc7b917ca748) Importer(2089858483,0ecaa5967403d082aa24f35e1b516d23) [PhysX] Initialized MultithreadedTaskDispatcher with 12 workers.
 -> (artifact id: '16d7f0225638f690629be1d32ddf51ff') in 0.110639 seconds
Number of updated asset objects reloaded before import = 0
Number of asset objects unloaded after import = 1
========================================================================
Received Import Request.
  Time since last request: 0.000016 seconds.
  path: Assets/Plugins/Zenject/Source/Util/ReflectionInfoTypeInfoConverter.cs
  artifactKey: Guid(e36c348f078bc444fa1e5b22aca27bad) Importer(2089858483,0ecaa5967403d082aa24f35e1b516d23)
Start importing Assets/Plugins/Zenject/Source/Util/ReflectionInfoTypeInfoConverter.cs using Guid(e36c348f078bc444fa1e5b22aca27bad) Importer(2089858483,0ecaa5967403d082aa24f35e1b516d23) [PhysX] Initialized MultithreadedTaskDispatcher with 12 workers.
 -> (artifact id: 'ec48abdfb6a22133ff54af155ee94649') in 0.017625 seconds
Number of updated asset objects reloaded before import = 0
Number of asset objects unloaded after import = 1
========================================================================
Received Import Request.
  Time since last request: 0.000017 seconds.
  path: Assets/Systems/CoreManadgers/Utilities/ObjectTextLabel/ObjectTextItem.cs
  artifactKey: Guid(3b96daa37e696f244bec7477c9bbfe19) Importer(2089858483,0ecaa5967403d082aa24f35e1b516d23)
Start importing Assets/Systems/CoreManadgers/Utilities/ObjectTextLabel/ObjectTextItem.cs using Guid(3b96daa37e696f244bec7477c9bbfe19) Importer(2089858483,0ecaa5967403d082aa24f35e1b516d23) [PhysX] Initialized MultithreadedTaskDispatcher with 12 workers.
 -> (artifact id: 'ec3548213ce260101a48b2fc483fff36') in 0.043363 seconds
Number of updated asset objects reloaded before import = 0
Number of asset objects unloaded after import = 1
========================================================================
Received Import Request.
  Time since last request: 0.000021 seconds.
  path: Assets/Plugins/Zenject/Source/Util/CheatSheet.cs
  artifactKey: Guid(1d2fc6db101e75248ab98ad463a99ffa) Importer(2089858483,0ecaa5967403d082aa24f35e1b516d23)
Start importing Assets/Plugins/Zenject/Source/Util/CheatSheet.cs using Guid(1d2fc6db101e75248ab98ad463a99ffa) Importer(2089858483,0ecaa5967403d082aa24f35e1b516d23) [PhysX] Initialized MultithreadedTaskDispatcher with 12 workers.
 -> (artifact id: '95e83c39659d89cb9ae96bac5266ede8') in 0.028778 seconds
Number of updated asset objects reloaded before import = 0
Number of asset objects unloaded after import = 1
========================================================================
Received Import Request.
  Time since last request: 0.000014 seconds.
  path: Assets/Systems/Creatures/MonsterView/2dCreatureTest/SplitRotationLookAtCamera.cs
  artifactKey: Guid(839d770757572214692b7d36b822eb34) Importer(2089858483,0ecaa5967403d082aa24f35e1b516d23)
Start importing Assets/Systems/Creatures/MonsterView/2dCreatureTest/SplitRotationLookAtCamera.cs using Guid(839d770757572214692b7d36b822eb34) Importer(2089858483,0ecaa5967403d082aa24f35e1b516d23) [PhysX] Initialized MultithreadedTaskDispatcher with 12 workers.
 -> (artifact id: 'a2bdc97626003964a788d96301c28f73') in 0.027239 seconds
Number of updated asset objects reloaded before import = 0
Number of asset objects unloaded after import = 1
========================================================================
Received Import Request.
  Time since last request: 0.000017 seconds.
  path: Assets/Plugins/Zenject/Source/Util/ValidationUtil.cs
  artifactKey: Guid(018820e0bcd9a4049a305127c0cf1407) Importer(2089858483,0ecaa5967403d082aa24f35e1b516d23)
Start importing Assets/Plugins/Zenject/Source/Util/ValidationUtil.cs using Guid(018820e0bcd9a4049a305127c0cf1407) Importer(2089858483,0ecaa5967403d082aa24f35e1b516d23) [PhysX] Initialized MultithreadedTaskDispatcher with 12 workers.
 -> (artifact id: 'bbb95d20bd1f57c7704d24af56686b37') in 0.018040 seconds
Number of updated asset objects reloaded before import = 0
Number of asset objects unloaded after import = 1
========================================================================
Received Import Request.
  Time since last request: 0.000026 seconds.
  path: Assets/Plugins/Zenject/Source/Util/ExecutionOrderInstaller.cs
  artifactKey: Guid(cad41a65c3c0b0f46a659557b2d716e0) Importer(2089858483,0ecaa5967403d082aa24f35e1b516d23)
Start importing Assets/Plugins/Zenject/Source/Util/ExecutionOrderInstaller.cs using Guid(cad41a65c3c0b0f46a659557b2d716e0) Importer(2089858483,0ecaa5967403d082aa24f35e1b516d23) [PhysX] Initialized MultithreadedTaskDispatcher with 12 workers.
 -> (artifact id: '83377fe40fd81a703ba17527be9a37dc') in 0.018646 seconds
Number of updated asset objects reloaded before import = 0
Number of asset objects unloaded after import = 1
========================================================================
Received Import Request.
  Time since last request: 0.000015 seconds.
  path: Assets/Systems/Creatures/MonsterView/2dCreatureTest/LookAtCamera.cs
  artifactKey: Guid(03868b0329a14e5458f054e8117af385) Importer(2089858483,0ecaa5967403d082aa24f35e1b516d23)
Start importing Assets/Systems/Creatures/MonsterView/2dCreatureTest/LookAtCamera.cs using Guid(03868b0329a14e5458f054e8117af385) Importer(2089858483,0ecaa5967403d082aa24f35e1b516d23) [PhysX] Initialized MultithreadedTaskDispatcher with 12 workers.
 -> (artifact id: '0efd3e8b246050520836e61f7954faa8') in 0.043986 seconds
Number of updated asset objects reloaded before import = 0
Number of asset objects unloaded after import = 1
========================================================================
Received Import Request.
  Time since last request: 0.000022 seconds.
  path: Assets/Systems/Creatures/Instances/NestMonster/NestMonster.prefab
  artifactKey: Guid(7caa8268575d7244da499a243f8d04c7) Importer(2089858483,0ecaa5967403d082aa24f35e1b516d23)
Start importing Assets/Systems/Creatures/Instances/NestMonster/NestMonster.prefab using Guid(7caa8268575d7244da499a243f8d04c7) Importer(2089858483,0ecaa5967403d082aa24f35e1b516d23) [PhysX] Initialized MultithreadedTaskDispatcher with 12 workers.
 -> (artifact id: '9ff9e3b8cd1b2283babee4ecea7b20c6') in 0.017394 seconds
Number of updated asset objects reloaded before import = 0
Number of asset objects unloaded after import = 115
========================================================================
Received Import Request.
  Time since last request: 0.000015 seconds.
  path: Assets/Scenes/testPixilization/Pixelization/WaterScene/WaterScene.unity
  artifactKey: Guid(706571ebce07dcd4886decd11e66ebc0) Importer(2089858483,0ecaa5967403d082aa24f35e1b516d23)
Start importing Assets/Scenes/testPixilization/Pixelization/WaterScene/WaterScene.unity using Guid(706571ebce07dcd4886decd11e66ebc0) Importer(2089858483,0ecaa5967403d082aa24f35e1b516d23) [PhysX] Initialized MultithreadedTaskDispatcher with 12 workers.
 -> (artifact id: '6dcfc721ca2c5fcbad07024166b8076c') in 0.017321 seconds
Number of updated asset objects reloaded before import = 0
Number of asset objects unloaded after import = 1
========================================================================
Received Import Request.
  Time since last request: 0.000021 seconds.
  path: Assets/Systems/Creatures/Instances/DarkMonster/MonsterSound.prefab
  artifactKey: Guid(18412ae88fab8d9429a2fe3d1af01bd0) Importer(2089858483,0ecaa5967403d082aa24f35e1b516d23)
Start importing Assets/Systems/Creatures/Instances/DarkMonster/MonsterSound.prefab using Guid(18412ae88fab8d9429a2fe3d1af01bd0) Importer(2089858483,0ecaa5967403d082aa24f35e1b516d23) [PhysX] Initialized MultithreadedTaskDispatcher with 12 workers.
 -> (artifact id: 'a7d8e08eb0770bcdad9b7d2e4cd331f0') in 0.075707 seconds
Number of updated asset objects reloaded before import = 0
Number of asset objects unloaded after import = 12
========================================================================
Received Import Request.
  Time since last request: 0.000013 seconds.
  path: Assets/Systems/Creatures/Instances/NestMonster/NestMonsterObject.prefab
  artifactKey: Guid(aeedd3732108467459124319078bd47f) Importer(2089858483,0ecaa5967403d082aa24f35e1b516d23)
Start importing Assets/Systems/Creatures/Instances/NestMonster/NestMonsterObject.prefab using Guid(aeedd3732108467459124319078bd47f) Importer(2089858483,0ecaa5967403d082aa24f35e1b516d23) [PhysX] Initialized MultithreadedTaskDispatcher with 12 workers.
 -> (artifact id: 'fd4507db56f0e7f8a17d0f0205036d41') in 0.166268 seconds
Number of updated asset objects reloaded before import = 0
Number of asset objects unloaded after import = 29
========================================================================
Received Import Request.
  Time since last request: 0.000019 seconds.
  path: Assets/Plugins/Zenject/Source/Runtime/TaskUpdater.cs
  artifactKey: Guid(4e52124c243adb44aaf26eed3a8413c8) Importer(2089858483,0ecaa5967403d082aa24f35e1b516d23)
Start importing Assets/Plugins/Zenject/Source/Runtime/TaskUpdater.cs using Guid(4e52124c243adb44aaf26eed3a8413c8) Importer(2089858483,0ecaa5967403d082aa24f35e1b516d23) [PhysX] Initialized MultithreadedTaskDispatcher with 12 workers.
 -> (artifact id: '61c7ac71a13ebbf30ecd5e1e27197aca') in 0.021038 seconds
Number of updated asset objects reloaded before import = 0
Number of asset objects unloaded after import = 1
========================================================================
Received Import Request.
  Time since last request: 0.000029 seconds.
  path: Assets/Plugins/Zenject/Source/Util/UnityUtil.cs
  artifactKey: Guid(136cacfad8fe5404aad05dda29a777e4) Importer(2089858483,0ecaa5967403d082aa24f35e1b516d23)
Start importing Assets/Plugins/Zenject/Source/Util/UnityUtil.cs using Guid(136cacfad8fe5404aad05dda29a777e4) Importer(2089858483,0ecaa5967403d082aa24f35e1b516d23) [PhysX] Initialized MultithreadedTaskDispatcher with 12 workers.
 -> (artifact id: 'd20a5601047d33f26d696dfc77dc15f5') in 0.059733 seconds
Number of updated asset objects reloaded before import = 0
Number of asset objects unloaded after import = 1
========================================================================
Received Import Request.
  Time since last request: 0.000021 seconds.
  path: Assets/Systems/Creatures/Instances/DarkMonster/DarkMonsterObject.prefab
  artifactKey: Guid(3d95b5302fa8b6b4eab5c14af834d732) Importer(2089858483,0ecaa5967403d082aa24f35e1b516d23)
Start importing Assets/Systems/Creatures/Instances/DarkMonster/DarkMonsterObject.prefab using Guid(3d95b5302fa8b6b4eab5c14af834d732) Importer(2089858483,0ecaa5967403d082aa24f35e1b516d23) [PhysX] Initialized MultithreadedTaskDispatcher with 12 workers.
 -> (artifact id: 'a6fa8f3fa734b97d58c72066f90b9d64') in 0.848141 seconds
Number of updated asset objects reloaded before import = 0
Number of asset objects unloaded after import = 28
========================================================================
Received Import Request.
  Time since last request: 0.000016 seconds.
  path: Assets/Systems/Creatures/MonsterView/IK/Limb.prefab
  artifactKey: Guid(c33d68db47ddd164bbd74bc92b76ff6d) Importer(2089858483,0ecaa5967403d082aa24f35e1b516d23)
Start importing Assets/Systems/Creatures/MonsterView/IK/Limb.prefab using Guid(c33d68db47ddd164bbd74bc92b76ff6d) Importer(2089858483,0ecaa5967403d082aa24f35e1b516d23) [PhysX] Initialized MultithreadedTaskDispatcher with 12 workers.
 -> (artifact id: '747adc577c25489a59874c6715ccc3bf') in 0.059113 seconds
Number of updated asset objects reloaded before import = 0
Number of asset objects unloaded after import = 27
========================================================================
Received Import Request.
  Time since last request: 0.000024 seconds.
  path: Assets/Systems/Objects/Rooms/Prefabs/Door.prefab
  artifactKey: Guid(0e65f8fa99d9f0e4ea3c1201afc1d095) Importer(2089858483,0ecaa5967403d082aa24f35e1b516d23)
Start importing Assets/Systems/Objects/Rooms/Prefabs/Door.prefab using Guid(0e65f8fa99d9f0e4ea3c1201afc1d095) Importer(2089858483,0ecaa5967403d082aa24f35e1b516d23) [PhysX] Initialized MultithreadedTaskDispatcher with 12 workers.
 -> (artifact id: '096a2e7d018cb24e883ccf5b26910b1c') in 0.067411 seconds
Number of updated asset objects reloaded before import = 0
Number of asset objects unloaded after import = 38
========================================================================
Received Import Request.
  Time since last request: 0.000019 seconds.
  path: Assets/Systems/Creatures/MonsterView/IK/LineFollow.cs
  artifactKey: Guid(801e202546ace9e4ebbd7beb82977104) Importer(2089858483,0ecaa5967403d082aa24f35e1b516d23)
Start importing Assets/Systems/Creatures/MonsterView/IK/LineFollow.cs using Guid(801e202546ace9e4ebbd7beb82977104) Importer(2089858483,0ecaa5967403d082aa24f35e1b516d23) [PhysX] Initialized MultithreadedTaskDispatcher with 12 workers.
 -> (artifact id: '757b927e9ffbe333b2fce32d8b9cfa23') in 0.021381 seconds
Number of updated asset objects reloaded before import = 0
Number of asset objects unloaded after import = 1
========================================================================
Received Import Request.
  Time since last request: 0.000016 seconds.
  path: Assets/Systems/Objects/Objects/LevelCandel/LevelCandel.cs
  artifactKey: Guid(bcc533a4073bd6d4dac0595f55dd7332) Importer(2089858483,0ecaa5967403d082aa24f35e1b516d23)
Start importing Assets/Systems/Objects/Objects/LevelCandel/LevelCandel.cs using Guid(bcc533a4073bd6d4dac0595f55dd7332) Importer(2089858483,0ecaa5967403d082aa24f35e1b516d23) [PhysX] Initialized MultithreadedTaskDispatcher with 12 workers.
 -> (artifact id: '50b720020f73e8aadf72bd6a905e916e') in 0.014215 seconds
Number of updated asset objects reloaded before import = 0
Number of asset objects unloaded after import = 1
========================================================================
Received Import Request.
  Time since last request: 0.000017 seconds.
  path: Assets/Systems/Objects/Rooms/Prefabs/FullWallBlock.prefab
  artifactKey: Guid(5cf442d646fbef34e9d1a68e594bcf8b) Importer(2089858483,0ecaa5967403d082aa24f35e1b516d23)
Start importing Assets/Systems/Objects/Rooms/Prefabs/FullWallBlock.prefab using Guid(5cf442d646fbef34e9d1a68e594bcf8b) Importer(2089858483,0ecaa5967403d082aa24f35e1b516d23) [PhysX] Initialized MultithreadedTaskDispatcher with 12 workers.
 -> (artifact id: '7e6202696307c3aaedc9400c22bce585') in 0.031496 seconds
Number of updated asset objects reloaded before import = 0
Number of asset objects unloaded after import = 10
========================================================================
Received Import Request.
  Time since last request: 0.000026 seconds.
  path: Assets/Systems/Creatures/MonsterView/IK/Limb Variant.prefab
  artifactKey: Guid(2609c6b8520bcf8469a4afd4842bd45c) Importer(2089858483,0ecaa5967403d082aa24f35e1b516d23)
Start importing Assets/Systems/Creatures/MonsterView/IK/Limb Variant.prefab using Guid(2609c6b8520bcf8469a4afd4842bd45c) Importer(2089858483,0ecaa5967403d082aa24f35e1b516d23) [PhysX] Initialized MultithreadedTaskDispatcher with 12 workers.
 -> (artifact id: '73bf964ee2edc96009436383feda7f20') in 0.052839 seconds
Number of updated asset objects reloaded before import = 0
Number of asset objects unloaded after import = 58
========================================================================
Received Import Request.
  Time since last request: 0.000017 seconds.
  path: Assets/Systems/Player/PlayerCharacter/PlayerVision/RoomVision.cs
  artifactKey: Guid(5ea0be14ffd377441b9dd2ec2062c445) Importer(2089858483,0ecaa5967403d082aa24f35e1b516d23)
Start importing Assets/Systems/Player/PlayerCharacter/PlayerVision/RoomVision.cs using Guid(5ea0be14ffd377441b9dd2ec2062c445) Importer(2089858483,0ecaa5967403d082aa24f35e1b516d23) [PhysX] Initialized MultithreadedTaskDispatcher with 12 workers.
 -> (artifact id: 'f5a816f663e1c25b5fa59c4c055ab787') in 0.031025 seconds
Number of updated asset objects reloaded before import = 0
Number of asset objects unloaded after import = 1
========================================================================
Received Import Request.
  Time since last request: 0.000024 seconds.
  path: Assets/Systems/Objects/Rooms/Prefabs/RoomZone.prefab
  artifactKey: Guid(e2dafd811b71b8c419c5e7cc14f86ab0) Importer(2089858483,0ecaa5967403d082aa24f35e1b516d23)
Start importing Assets/Systems/Objects/Rooms/Prefabs/RoomZone.prefab using Guid(e2dafd811b71b8c419c5e7cc14f86ab0) Importer(2089858483,0ecaa5967403d082aa24f35e1b516d23) [PhysX] Initialized MultithreadedTaskDispatcher with 12 workers.
 -> (artifact id: '24806b27fc510396d960f8a960f8fe3f') in 0.018539 seconds
Number of updated asset objects reloaded before import = 0
Number of asset objects unloaded after import = 7
========================================================================
Received Import Request.
  Time since last request: 0.000015 seconds.
  path: Assets/Systems/Objects/Objects/LevelCandel/LevelCandel.prefab
  artifactKey: Guid(9327c67e1aeab4248a357799fd54bf37) Importer(2089858483,0ecaa5967403d082aa24f35e1b516d23)
Start importing Assets/Systems/Objects/Objects/LevelCandel/LevelCandel.prefab using Guid(9327c67e1aeab4248a357799fd54bf37) Importer(2089858483,0ecaa5967403d082aa24f35e1b516d23) [PhysX] Initialized MultithreadedTaskDispatcher with 12 workers.
 -> (artifact id: '04603fde335d91f8f423608cb6b897a8') in 0.039669 seconds
Number of updated asset objects reloaded before import = 0
Number of asset objects unloaded after import = 15
========================================================================
Received Import Request.
  Time since last request: 0.000015 seconds.
  path: Assets/Plugins/Zenject/OptionalExtras/SampleGame1 (Beginner)/Prefabs/Asteroid.prefab
  artifactKey: Guid(972561acbe31e7147b76d1a430caf37d) Importer(2089858483,0ecaa5967403d082aa24f35e1b516d23)
Start importing Assets/Plugins/Zenject/OptionalExtras/SampleGame1 (Beginner)/Prefabs/Asteroid.prefab using Guid(972561acbe31e7147b76d1a430caf37d) Importer(2089858483,0ecaa5967403d082aa24f35e1b516d23) [PhysX] Initialized MultithreadedTaskDispatcher with 12 workers.
 -> (artifact id: '4993ca8d69354a1d037b5c05d6ac978a') in 0.233564 seconds
Number of updated asset objects reloaded before import = 0
Number of asset objects unloaded after import = 11
========================================================================
Received Import Request.
  Time since last request: 0.000023 seconds.
  path: Assets/Plugins/Zenject/OptionalExtras/SampleGame1 (Beginner)/Prefabs/Fire.prefab
  artifactKey: Guid(69fdd131bc1398b4b932a019fd9328f0) Importer(2089858483,0ecaa5967403d082aa24f35e1b516d23)
Start importing Assets/Plugins/Zenject/OptionalExtras/SampleGame1 (Beginner)/Prefabs/Fire.prefab using Guid(69fdd131bc1398b4b932a019fd9328f0) Importer(2089858483,0ecaa5967403d082aa24f35e1b516d23) [PhysX] Initialized MultithreadedTaskDispatcher with 12 workers.
 -> (artifact id: 'a210a0bb393e33602c1a1bcbe7413471') in 0.134517 seconds
Number of updated asset objects reloaded before import = 0
Number of asset objects unloaded after import = 4
========================================================================
Received Import Request.
  Time since last request: 0.000034 seconds.
  path: Assets/Plugins/Zenject/OptionalExtras/SampleGame2 (Advanced)/Scenes/SpaceFighter.unity
  artifactKey: Guid(aea20ff1b07af644f9638d9c740ec0e0) Importer(2089858483,0ecaa5967403d082aa24f35e1b516d23)
Start importing Assets/Plugins/Zenject/OptionalExtras/SampleGame2 (Advanced)/Scenes/SpaceFighter.unity using Guid(aea20ff1b07af644f9638d9c740ec0e0) Importer(2089858483,0ecaa5967403d082aa24f35e1b516d23) [PhysX] Initialized MultithreadedTaskDispatcher with 12 workers.
 -> (artifact id: 'e9935d0bc6605f4bbba4fc3c8897bd43') in 0.018110 seconds
Number of updated asset objects reloaded before import = 0
Number of asset objects unloaded after import = 1
========================================================================
Received Import Request.
  Time since last request: 0.000017 seconds.
  path: Assets/Plugins/Zenject/OptionalExtras/ReflectionBaking/Unity/UnityAssemblyResolver.cs
  artifactKey: Guid(b107233111f831043b3d5983fe6f1b25) Importer(2089858483,0ecaa5967403d082aa24f35e1b516d23)
Start importing Assets/Plugins/Zenject/OptionalExtras/ReflectionBaking/Unity/UnityAssemblyResolver.cs using Guid(b107233111f831043b3d5983fe6f1b25) Importer(2089858483,0ecaa5967403d082aa24f35e1b516d23) [PhysX] Initialized MultithreadedTaskDispatcher with 12 workers.
 -> (artifact id: 'fc4543fd1b411a510082bd543f7bb161') in 0.026225 seconds
Number of updated asset objects reloaded before import = 0
Number of asset objects unloaded after import = 1
========================================================================
Received Import Request.
  Time since last request: 0.000020 seconds.
  path: Assets/Plugins/Zenject/OptionalExtras/Signals/Internal/SignalSubscriptionId.cs
  artifactKey: Guid(2ebf6df7998e59b4393ef46553665ba2) Importer(2089858483,0ecaa5967403d082aa24f35e1b516d23)
Start importing Assets/Plugins/Zenject/OptionalExtras/Signals/Internal/SignalSubscriptionId.cs using Guid(2ebf6df7998e59b4393ef46553665ba2) Importer(2089858483,0ecaa5967403d082aa24f35e1b516d23) [PhysX] Initialized MultithreadedTaskDispatcher with 12 workers.
 -> (artifact id: 'ee78bbf4b71bcf1178a150b38e700e33') in 0.038999 seconds
Number of updated asset objects reloaded before import = 0
Number of asset objects unloaded after import = 1
========================================================================
Received Import Request.
  Time since last request: 0.000016 seconds.
  path: Assets/Plugins/Zenject/OptionalExtras/ReflectionBaking/Lib/Zenject.ReflectionBaking.Mono.Cecil.Mdb.dll
  artifactKey: Guid(6b309800e744d8c46ad868763fc9c429) Importer(2089858483,0ecaa5967403d082aa24f35e1b516d23)
Start importing Assets/Plugins/Zenject/OptionalExtras/ReflectionBaking/Lib/Zenject.ReflectionBaking.Mono.Cecil.Mdb.dll using Guid(6b309800e744d8c46ad868763fc9c429) Importer(2089858483,0ecaa5967403d082aa24f35e1b516d23) [PhysX] Initialized MultithreadedTaskDispatcher with 12 workers.
 -> (artifact id: 'dd71a754d2f266a85787c879a51e1e82') in 0.035789 seconds
Number of updated asset objects reloaded before import = 0
Number of asset objects unloaded after import = 1
========================================================================
Received Import Request.
  Time since last request: 0.000015 seconds.
  path: Assets/Plugins/Zenject/OptionalExtras/MemoryPoolMonitor/Editor/TriangleDown.png
  artifactKey: Guid(fd2add38dc259eb49a3e7fc331758b7e) Importer(2089858483,0ecaa5967403d082aa24f35e1b516d23)
Start importing Assets/Plugins/Zenject/OptionalExtras/MemoryPoolMonitor/Editor/TriangleDown.png using Guid(fd2add38dc259eb49a3e7fc331758b7e) Importer(2089858483,0ecaa5967403d082aa24f35e1b516d23) [PhysX] Initialized MultithreadedTaskDispatcher with 12 workers.
 -> (artifact id: '65cf761773b34ee59d613f4e55a3b105') in 0.186113 seconds
Number of updated asset objects reloaded before import = 0
Number of asset objects unloaded after import = 1
========================================================================
Received Import Request.
  Time since last request: 0.000019 seconds.
  path: Assets/Systems/Objects/Rooms/Prefabs/RoomPart_Door.prefab
  artifactKey: Guid(989218249d3d5fd429ab6d91ce6eec03) Importer(2089858483,0ecaa5967403d082aa24f35e1b516d23)
Start importing Assets/Systems/Objects/Rooms/Prefabs/RoomPart_Door.prefab using Guid(989218249d3d5fd429ab6d91ce6eec03) Importer(2089858483,0ecaa5967403d082aa24f35e1b516d23) [PhysX] Initialized MultithreadedTaskDispatcher with 12 workers.
 -> (artifact id: '43cf06905250475e0a2da4ec001fdaae') in 0.015663 seconds
Number of updated asset objects reloaded before import = 0
Number of asset objects unloaded after import = 38
========================================================================
Received Import Request.
  Time since last request: 0.000025 seconds.
  path: Assets/Systems/Objects/Objects/Radio/Radio.prefab
  artifactKey: Guid(1493399f187329646a2bb645ea33b539) Importer(2089858483,0ecaa5967403d082aa24f35e1b516d23)
Start importing Assets/Systems/Objects/Objects/Radio/Radio.prefab using Guid(1493399f187329646a2bb645ea33b539) Importer(2089858483,0ecaa5967403d082aa24f35e1b516d23) [PhysX] Initialized MultithreadedTaskDispatcher with 12 workers.
 -> (artifact id: '6c2a288c43fec9f76be8ccd75f97b7e5') in 0.070184 seconds
Number of updated asset objects reloaded before import = 0
Number of asset objects unloaded after import = 13
========================================================================
Received Import Request.
  Time since last request: 0.000016 seconds.
  path: Assets/Systems/Player/PlayerCharacter/PlayerVision/PlayerRoomVision.cs
  artifactKey: Guid(8704fb0aaa85646448030585f8861a40) Importer(2089858483,0ecaa5967403d082aa24f35e1b516d23)
Start importing Assets/Systems/Player/PlayerCharacter/PlayerVision/PlayerRoomVision.cs using Guid(8704fb0aaa85646448030585f8861a40) Importer(2089858483,0ecaa5967403d082aa24f35e1b516d23) [PhysX] Initialized MultithreadedTaskDispatcher with 12 workers.
 -> (artifact id: 'b13bf7e3348214216da7f4803e54e3ec') in 0.021799 seconds
Number of updated asset objects reloaded before import = 0
Number of asset objects unloaded after import = 1
========================================================================
Received Import Request.
  Time since last request: 0.000026 seconds.
  path: Assets/Plugins/Zenject/OptionalExtras/SampleGame1 (Beginner)/Prefabs/Explosion.prefab
  artifactKey: Guid(185972cb8011a1449b7360c07a62fdf2) Importer(2089858483,0ecaa5967403d082aa24f35e1b516d23)
Start importing Assets/Plugins/Zenject/OptionalExtras/SampleGame1 (Beginner)/Prefabs/Explosion.prefab using Guid(185972cb8011a1449b7360c07a62fdf2) Importer(2089858483,0ecaa5967403d082aa24f35e1b516d23) [PhysX] Initialized MultithreadedTaskDispatcher with 12 workers.
 -> (artifact id: 'ee6ee4a29268a593a0d0261dcc413dda') in 0.187435 seconds
Number of updated asset objects reloaded before import = 0
Number of asset objects unloaded after import = 11
========================================================================
Received Import Request.
  Time since last request: 0.000018 seconds.
  path: Assets/Plugins/Zenject/Source/Binding/Finalizers/SingleProviderBindingFinalizer.cs
  artifactKey: Guid(deaa9a3ee9e42a8448bba948495b9225) Importer(2089858483,0ecaa5967403d082aa24f35e1b516d23)
Start importing Assets/Plugins/Zenject/Source/Binding/Finalizers/SingleProviderBindingFinalizer.cs using Guid(deaa9a3ee9e42a8448bba948495b9225) Importer(2089858483,0ecaa5967403d082aa24f35e1b516d23) [PhysX] Initialized MultithreadedTaskDispatcher with 12 workers.
 -> (artifact id: '2f860898ce4eefdf32faea08cf9c5c5b') in 0.019650 seconds
Number of updated asset objects reloaded before import = 0
Number of asset objects unloaded after import = 1
========================================================================
Received Import Request.
  Time since last request: 0.000029 seconds.
  path: Assets/Plugins/Zenject/Source/Binding/Finalizers/PrefabBindingFinalizer.cs
  artifactKey: Guid(10487121a4674d74884ee65e70762e35) Importer(2089858483,0ecaa5967403d082aa24f35e1b516d23)
Start importing Assets/Plugins/Zenject/Source/Binding/Finalizers/PrefabBindingFinalizer.cs using Guid(10487121a4674d74884ee65e70762e35) Importer(2089858483,0ecaa5967403d082aa24f35e1b516d23) [PhysX] Initialized MultithreadedTaskDispatcher with 12 workers.
 -> (artifact id: '8f8a904f75c26af5bb5b38a7a52286d3') in 0.027561 seconds
Number of updated asset objects reloaded before import = 0
Number of asset objects unloaded after import = 1
========================================================================
Received Import Request.
  Time since last request: 0.000017 seconds.
  path: Assets/Plugins/Zenject/Source/Binding/BindInfo/BindStatement.cs
  artifactKey: Guid(63a8f1068d150404f820c8cc9057dbc8) Importer(2089858483,0ecaa5967403d082aa24f35e1b516d23)
Start importing Assets/Plugins/Zenject/Source/Binding/BindInfo/BindStatement.cs using Guid(63a8f1068d150404f820c8cc9057dbc8) Importer(2089858483,0ecaa5967403d082aa24f35e1b516d23) [PhysX] Initialized MultithreadedTaskDispatcher with 12 workers.
 -> (artifact id: '0db7c59d92eb43426c21e051f9406dd6') in 0.031532 seconds
Number of updated asset objects reloaded before import = 0
Number of asset objects unloaded after import = 1
========================================================================
Received Import Request.
  Time since last request: 0.000015 seconds.
  path: Assets/Plugins/Zenject/Source/Binding/Binders/IdBinder.cs
  artifactKey: Guid(371e1c0b9a8ff664f993cbe2a547eeae) Importer(2089858483,0ecaa5967403d082aa24f35e1b516d23)
Start importing Assets/Plugins/Zenject/Source/Binding/Binders/IdBinder.cs using Guid(371e1c0b9a8ff664f993cbe2a547eeae) Importer(2089858483,0ecaa5967403d082aa24f35e1b516d23) [PhysX] Initialized MultithreadedTaskDispatcher with 12 workers.
 -> (artifact id: '72a3c3b018a09d119b157527e35f561e') in 0.034827 seconds
Number of updated asset objects reloaded before import = 0
Number of asset objects unloaded after import = 1
========================================================================
Received Import Request.
  Time since last request: 0.000015 seconds.
  path: Assets/Plugins/Zenject/Source/Binding/Binders/ConcreteIdArgConditionCopyNonLazyBinder.cs
  artifactKey: Guid(5803a20c252d8ae4498e79e8b3bb09e0) Importer(2089858483,0ecaa5967403d082aa24f35e1b516d23)
Start importing Assets/Plugins/Zenject/Source/Binding/Binders/ConcreteIdArgConditionCopyNonLazyBinder.cs using Guid(5803a20c252d8ae4498e79e8b3bb09e0) Importer(2089858483,0ecaa5967403d082aa24f35e1b516d23) [PhysX] Initialized MultithreadedTaskDispatcher with 12 workers.
 -> (artifact id: 'da7849402b234dc63b377c673c6120a1') in 0.026273 seconds
Number of updated asset objects reloaded before import = 0
Number of asset objects unloaded after import = 1
========================================================================
Received Import Request.
  Time since last request: 0.000018 seconds.
  path: Assets/Plugins/Zenject/OptionalExtras/Signals/Main/SignalBus.cs
  artifactKey: Guid(d457d0e45e1d3c54f9bc2bc3aece1760) Importer(2089858483,0ecaa5967403d082aa24f35e1b516d23)
Start importing Assets/Plugins/Zenject/OptionalExtras/Signals/Main/SignalBus.cs using Guid(d457d0e45e1d3c54f9bc2bc3aece1760) Importer(2089858483,0ecaa5967403d082aa24f35e1b516d23) [PhysX] Initialized MultithreadedTaskDispatcher with 12 workers.
 -> (artifact id: '516a3587dfb5e0eb5092a58e4508a070') in 0.017653 seconds
Number of updated asset objects reloaded before import = 0
Number of asset objects unloaded after import = 1
========================================================================
Received Import Request.
  Time since last request: 0.000017 seconds.
  path: Assets/Plugins/Zenject/OptionalExtras/MemoryPoolMonitor/Editor/MpmSettingsInstaller.cs
  artifactKey: Guid(7893183729d13c84b80bb80d3aac6715) Importer(2089858483,0ecaa5967403d082aa24f35e1b516d23)
Start importing Assets/Plugins/Zenject/OptionalExtras/MemoryPoolMonitor/Editor/MpmSettingsInstaller.cs using Guid(7893183729d13c84b80bb80d3aac6715) Importer(2089858483,0ecaa5967403d082aa24f35e1b516d23) [PhysX] Initialized MultithreadedTaskDispatcher with 12 workers.
 -> (artifact id: '790db8444554b5d607afb2c396fb5c9c') in 0.044711 seconds
Number of updated asset objects reloaded before import = 0
Number of asset objects unloaded after import = 1
========================================================================
Received Import Request.
  Time since last request: 0.000017 seconds.
  path: Assets/Plugins/Zenject/OptionalExtras/Signals/Internal/SignalSubscription.cs
  artifactKey: Guid(26affab6a482d904580cce7f9f1a94f4) Importer(2089858483,0ecaa5967403d082aa24f35e1b516d23)
Start importing Assets/Plugins/Zenject/OptionalExtras/Signals/Internal/SignalSubscription.cs using Guid(26affab6a482d904580cce7f9f1a94f4) Importer(2089858483,0ecaa5967403d082aa24f35e1b516d23) [PhysX] Initialized MultithreadedTaskDispatcher with 12 workers.
 -> (artifact id: 'ce02b614058d7288c144bbb4e1e8d4a2') in 0.043911 seconds
Number of updated asset objects reloaded before import = 0
Number of asset objects unloaded after import = 1
========================================================================
Received Import Request.
  Time since last request: 0.000020 seconds.
  path: Assets/Plugins/Zenject/Source/Binding/Finalizers/SubContainerBindingFinalizer.cs
  artifactKey: Guid(b263fb784fd4b8140b850ff4d68c7aad) Importer(2089858483,0ecaa5967403d082aa24f35e1b516d23)
Start importing Assets/Plugins/Zenject/Source/Binding/Finalizers/SubContainerBindingFinalizer.cs using Guid(b263fb784fd4b8140b850ff4d68c7aad) Importer(2089858483,0ecaa5967403d082aa24f35e1b516d23) [PhysX] Initialized MultithreadedTaskDispatcher with 12 workers.
 -> (artifact id: '8542840c81403ae26022f3e19e9baa72') in 0.046492 seconds
Number of updated asset objects reloaded before import = 0
Number of asset objects unloaded after import = 1
========================================================================
Received Import Request.
  Time since last request: 0.000077 seconds.
  path: Assets/Plugins/Zenject/OptionalExtras/ReflectionBaking/Common/ReflectionBakingModuleEditor.cs
  artifactKey: Guid(a664c0011937115449c81d8ca4a2f6c7) Importer(2089858483,0ecaa5967403d082aa24f35e1b516d23)
Start importing Assets/Plugins/Zenject/OptionalExtras/ReflectionBaking/Common/ReflectionBakingModuleEditor.cs using Guid(a664c0011937115449c81d8ca4a2f6c7) Importer(2089858483,0ecaa5967403d082aa24f35e1b516d23) [PhysX] Initialized MultithreadedTaskDispatcher with 12 workers.
 -> (artifact id: 'd4dc012fe4eb5db0a14c0b460466ac85') in 0.025945 seconds
Number of updated asset objects reloaded before import = 0
Number of asset objects unloaded after import = 1
========================================================================
Received Import Request.
  Time since last request: 0.000014 seconds.
  path: Assets/Plugins/Zenject/OptionalExtras/SampleGame1 (Beginner)/Prefabs/ShipBroken.prefab
  artifactKey: Guid(5b84466ca2cdf93418bd1e3234edb0e1) Importer(2089858483,0ecaa5967403d082aa24f35e1b516d23)
Start importing Assets/Plugins/Zenject/OptionalExtras/SampleGame1 (Beginner)/Prefabs/ShipBroken.prefab using Guid(5b84466ca2cdf93418bd1e3234edb0e1) Importer(2089858483,0ecaa5967403d082aa24f35e1b516d23) [PhysX] Initialized MultithreadedTaskDispatcher with 12 workers.
 -> (artifact id: 'b9c16f8c95348558518b7428293854a3') in 0.144169 seconds
Number of updated asset objects reloaded before import = 0
Number of asset objects unloaded after import = 37
========================================================================
Received Import Request.
  Time since last request: 0.000018 seconds.
  path: Assets/Plugins/Zenject/Source/Util/ProfileBlock.cs
  artifactKey: Guid(952433523e6a6e445adc4ac7e2086e7d) Importer(2089858483,0ecaa5967403d082aa24f35e1b516d23)
Start importing Assets/Plugins/Zenject/Source/Util/ProfileBlock.cs using Guid(952433523e6a6e445adc4ac7e2086e7d) Importer(2089858483,0ecaa5967403d082aa24f35e1b516d23) [PhysX] Initialized MultithreadedTaskDispatcher with 12 workers.
 -> (artifact id: '0db8fb92b36ee95077fd375d211a9a7a') in 0.014205 seconds
Number of updated asset objects reloaded before import = 0
Number of asset objects unloaded after import = 1
========================================================================
Received Import Request.
  Time since last request: 0.000013 seconds.
  path: Assets/Plugins/Zenject/Source/Util/ProfileTimers.cs
  artifactKey: Guid(81cad1ee2d8c20942a68a4228e09ff1d) Importer(2089858483,0ecaa5967403d082aa24f35e1b516d23)
Start importing Assets/Plugins/Zenject/Source/Util/ProfileTimers.cs using Guid(81cad1ee2d8c20942a68a4228e09ff1d) Importer(2089858483,0ecaa5967403d082aa24f35e1b516d23) [PhysX] Initialized MultithreadedTaskDispatcher with 12 workers.
 -> (artifact id: 'e898c77f8918100684f898ab8af83216') in 0.017212 seconds
Number of updated asset objects reloaded before import = 0
Number of asset objects unloaded after import = 1
========================================================================
Received Import Request.
  Time since last request: 0.000017 seconds.
  path: Assets/Plugins/Zenject/Source/Binding/BindInfo/GameObjectCreationParameters.cs
  artifactKey: Guid(2b708f7f76ea5574e9a39b60cc5a8238) Importer(2089858483,0ecaa5967403d082aa24f35e1b516d23)
Start importing Assets/Plugins/Zenject/Source/Binding/BindInfo/GameObjectCreationParameters.cs using Guid(2b708f7f76ea5574e9a39b60cc5a8238) Importer(2089858483,0ecaa5967403d082aa24f35e1b516d23) [PhysX] Initialized MultithreadedTaskDispatcher with 12 workers.
 -> (artifact id: 'db90102e3d61c1149f55ba9c5a6bb69f') in 0.020351 seconds
Number of updated asset objects reloaded before import = 0
Number of asset objects unloaded after import = 1
========================================================================
Received Import Request.
  Time since last request: 0.000023 seconds.
  path: Assets/Plugins/Zenject/Source/Providers/MethodProvider.cs
  artifactKey: Guid(22a7321581383d141b4c11983b83e67b) Importer(2089858483,0ecaa5967403d082aa24f35e1b516d23)
Start importing Assets/Plugins/Zenject/Source/Providers/MethodProvider.cs using Guid(22a7321581383d141b4c11983b83e67b) Importer(2089858483,0ecaa5967403d082aa24f35e1b516d23) [PhysX] Initialized MultithreadedTaskDispatcher with 12 workers.
 -> (artifact id: 'b152b2de031f5ff68f8bcb4929a12d36') in 0.034753 seconds
Number of updated asset objects reloaded before import = 0
Number of asset objects unloaded after import = 1
========================================================================
Received Import Request.
  Time since last request: 0.000013 seconds.
  path: Assets/Music and Sound/SFX/Monsters/Updated Dog Sounds/Dog laugh SFX 3.wav
  artifactKey: Guid(c42bff147eb4c82478c8addec72eda83) Importer(2089858483,0ecaa5967403d082aa24f35e1b516d23)
Start importing Assets/Music and Sound/SFX/Monsters/Updated Dog Sounds/Dog laugh SFX 3.wav using Guid(c42bff147eb4c82478c8addec72eda83) Importer(2089858483,0ecaa5967403d082aa24f35e1b516d23) [PhysX] Initialized MultithreadedTaskDispatcher with 12 workers.
 -> (artifact id: '6ee4e380f38e9a98ca44fb7e3c74c991') in 0.124076 seconds
Number of updated asset objects reloaded before import = 0
Number of asset objects unloaded after import = 1
========================================================================
Received Import Request.
  Time since last request: 0.000025 seconds.
  path: Assets/Plugins/Zenject/Source/Main/SingletonMarkRegistry.cs
  artifactKey: Guid(3844511961cf2ee40948fbe1569a2f31) Importer(2089858483,0ecaa5967403d082aa24f35e1b516d23)
Start importing Assets/Plugins/Zenject/Source/Main/SingletonMarkRegistry.cs using Guid(3844511961cf2ee40948fbe1569a2f31) Importer(2089858483,0ecaa5967403d082aa24f35e1b516d23) [PhysX] Initialized MultithreadedTaskDispatcher with 12 workers.
 -> (artifact id: 'cb26a34ab819c3cd3ffc6696bd13850d') in 0.017582 seconds
Number of updated asset objects reloaded before import = 0
Number of asset objects unloaded after import = 1
========================================================================
Received Import Request.
  Time since last request: 0.000015 seconds.
  path: Assets/Plugins/Zenject/Source/Factories/Pooling/PoolFactory.cs
  artifactKey: Guid(125bde4ab63a4984484c450640ee1702) Importer(2089858483,0ecaa5967403d082aa24f35e1b516d23)
Start importing Assets/Plugins/Zenject/Source/Factories/Pooling/PoolFactory.cs using Guid(125bde4ab63a4984484c450640ee1702) Importer(2089858483,0ecaa5967403d082aa24f35e1b516d23) [PhysX] Initialized MultithreadedTaskDispatcher with 12 workers.
 -> (artifact id: '43a596d4c3ada2f5191981f571147f32') in 0.028323 seconds
Number of updated asset objects reloaded before import = 0
Number of asset objects unloaded after import = 1
========================================================================
Received Import Request.
  Time since last request: 0.000016 seconds.
  path: Assets/Plugins/Zenject/Source/Runtime/AnimatorInterfaces/IAnimatorMoveHandler.cs
  artifactKey: Guid(8e42d79e9a3ccae46b54d9b173778a17) Importer(2089858483,0ecaa5967403d082aa24f35e1b516d23)
Start importing Assets/Plugins/Zenject/Source/Runtime/AnimatorInterfaces/IAnimatorMoveHandler.cs using Guid(8e42d79e9a3ccae46b54d9b173778a17) Importer(2089858483,0ecaa5967403d082aa24f35e1b516d23) [PhysX] Initialized MultithreadedTaskDispatcher with 12 workers.
 -> (artifact id: '50ee2f59af8e494a7bb4fe070004ea39') in 0.037098 seconds
Number of updated asset objects reloaded before import = 0
Number of asset objects unloaded after import = 1
========================================================================
Received Import Request.
  Time since last request: 0.000018 seconds.
  path: Assets/Plugins/Zenject/Source/Providers/ComponentProviders/GetFromPrefabComponentProvider.cs
  artifactKey: Guid(e6a49432e004bd8409d3ddea6a45a3f8) Importer(2089858483,0ecaa5967403d082aa24f35e1b516d23)
Start importing Assets/Plugins/Zenject/Source/Providers/ComponentProviders/GetFromPrefabComponentProvider.cs using Guid(e6a49432e004bd8409d3ddea6a45a3f8) Importer(2089858483,0ecaa5967403d082aa24f35e1b516d23) [PhysX] Initialized MultithreadedTaskDispatcher with 12 workers.
 -> (artifact id: 'fd63545377386c6ff0c3fc7c815e5638') in 0.043249 seconds
Number of updated asset objects reloaded before import = 0
Number of asset objects unloaded after import = 1
========================================================================
Received Import Request.
  Time since last request: 0.000029 seconds.
  path: Assets/Plugins/Zenject/Source/Providers/SubContainerCreators/SubContainerCreatorByInstance.cs
  artifactKey: Guid(1ea58c024bbd4e846be07059bf23c524) Importer(2089858483,0ecaa5967403d082aa24f35e1b516d23)
Start importing Assets/Plugins/Zenject/Source/Providers/SubContainerCreators/SubContainerCreatorByInstance.cs using Guid(1ea58c024bbd4e846be07059bf23c524) Importer(2089858483,0ecaa5967403d082aa24f35e1b516d23) [PhysX] Initialized MultithreadedTaskDispatcher with 12 workers.
 -> (artifact id: '237ea87b93105c75f9047d514ef08212') in 0.029640 seconds
Number of updated asset objects reloaded before import = 0
Number of asset objects unloaded after import = 1
========================================================================
Received Import Request.
  Time since last request: 0.000016 seconds.
  path: Assets/Plugins/Zenject/Source/Providers/GameObjectProviders/EmptyGameObjectProvider.cs
  artifactKey: Guid(f8f4db421196f5849b2139200fdea1a3) Importer(2089858483,0ecaa5967403d082aa24f35e1b516d23)
Start importing Assets/Plugins/Zenject/Source/Providers/GameObjectProviders/EmptyGameObjectProvider.cs using Guid(f8f4db421196f5849b2139200fdea1a3) Importer(2089858483,0ecaa5967403d082aa24f35e1b516d23) [PhysX] Initialized MultithreadedTaskDispatcher with 12 workers.
 -> (artifact id: '0074877862fcae7e28a661d7f89a4c9a') in 0.019504 seconds
Number of updated asset objects reloaded before import = 0
Number of asset objects unloaded after import = 1
========================================================================
Received Import Request.
  Time since last request: 0.000016 seconds.
  path: Assets/Plugins/Zenject/Source/Factories/Pooling/IMemoryPool.cs
  artifactKey: Guid(13b8377ec575a1a44a1028ee324ba17a) Importer(2089858483,0ecaa5967403d082aa24f35e1b516d23)
Start importing Assets/Plugins/Zenject/Source/Factories/Pooling/IMemoryPool.cs using Guid(13b8377ec575a1a44a1028ee324ba17a) Importer(2089858483,0ecaa5967403d082aa24f35e1b516d23) [PhysX] Initialized MultithreadedTaskDispatcher with 12 workers.
 -> (artifact id: '8f15b3e2a202d8b8bd33e8553c81e80d') in 0.016361 seconds
Number of updated asset objects reloaded before import = 0
Number of asset objects unloaded after import = 1
========================================================================
Received Import Request.
  Time since last request: 0.000018 seconds.
  path: Assets/Plugins/Zenject/Source/Install/Contexts/SceneContext.cs
  artifactKey: Guid(89715ad69b973a14899afa2c6730b30b) Importer(2089858483,0ecaa5967403d082aa24f35e1b516d23)
Start importing Assets/Plugins/Zenject/Source/Install/Contexts/SceneContext.cs using Guid(89715ad69b973a14899afa2c6730b30b) Importer(2089858483,0ecaa5967403d082aa24f35e1b516d23) [PhysX] Initialized MultithreadedTaskDispatcher with 12 workers.
 -> (artifact id: 'c8a34556587f353531f2581c3bac94bb') in 0.017491 seconds
Number of updated asset objects reloaded before import = 0
Number of asset objects unloaded after import = 1
========================================================================
Received Import Request.
  Time since last request: 0.000015 seconds.
  path: Assets/Plugins/Zenject/Source/Providers/SubContainerCreators/SubContainerCreatorByInstanceGetter.cs
  artifactKey: Guid(164cf97cfe8f32441beb85b9b3c05868) Importer(2089858483,0ecaa5967403d082aa24f35e1b516d23)
Start importing Assets/Plugins/Zenject/Source/Providers/SubContainerCreators/SubContainerCreatorByInstanceGetter.cs using Guid(164cf97cfe8f32441beb85b9b3c05868) Importer(2089858483,0ecaa5967403d082aa24f35e1b516d23) [PhysX] Initialized MultithreadedTaskDispatcher with 12 workers.
 -> (artifact id: 'f633bcecc10260a68e98cbf31d571656') in 0.026947 seconds
Number of updated asset objects reloaded before import = 0
Number of asset objects unloaded after import = 1
========================================================================
Received Import Request.
  Time since last request: 0.000015 seconds.
  path: Assets/Plugins/Zenject/Source/Factories/Pooling/PoolableMemoryPool.cs
  artifactKey: Guid(7fa0c435e1800a048ac5f7c53e03472d) Importer(2089858483,0ecaa5967403d082aa24f35e1b516d23)
Start importing Assets/Plugins/Zenject/Source/Factories/Pooling/PoolableMemoryPool.cs using Guid(7fa0c435e1800a048ac5f7c53e03472d) Importer(2089858483,0ecaa5967403d082aa24f35e1b516d23) [PhysX] Initialized MultithreadedTaskDispatcher with 12 workers.
 -> (artifact id: '8306fde45aef7ba2a168bf9a9347a066') in 0.016376 seconds
Number of updated asset objects reloaded before import = 0
Number of asset objects unloaded after import = 1
========================================================================
Received Import Request.
  Time since last request: 0.000015 seconds.
  path: Assets/Plugins/Zenject/Source/Providers/SubContainerCreators/SubContainerCreatorByNewPrefab.cs
  artifactKey: Guid(17fc7cad09fe4e94f939551c85abf6d9) Importer(2089858483,0ecaa5967403d082aa24f35e1b516d23)
Start importing Assets/Plugins/Zenject/Source/Providers/SubContainerCreators/SubContainerCreatorByNewPrefab.cs using Guid(17fc7cad09fe4e94f939551c85abf6d9) Importer(2089858483,0ecaa5967403d082aa24f35e1b516d23) [PhysX] Initialized MultithreadedTaskDispatcher with 12 workers.
 -> (artifact id: 'd97a4470b419b68dfe366f7321c983d0') in 0.044011 seconds
Number of updated asset objects reloaded before import = 0
Number of asset objects unloaded after import = 1
========================================================================
Received Import Request.
  Time since last request: 0.000017 seconds.
  path: Assets/Plugins/Zenject/Source/Providers/ComponentProviders/InstantiateOnPrefabComponentProvider.cs
  artifactKey: Guid(e6836adf19243a045ba39e67ade6dd59) Importer(2089858483,0ecaa5967403d082aa24f35e1b516d23)
Start importing Assets/Plugins/Zenject/Source/Providers/ComponentProviders/InstantiateOnPrefabComponentProvider.cs using Guid(e6836adf19243a045ba39e67ade6dd59) Importer(2089858483,0ecaa5967403d082aa24f35e1b516d23) [PhysX] Initialized MultithreadedTaskDispatcher with 12 workers.
 -> (artifact id: '545f7b72e4edf63da949824a9c939ddb') in 0.019419 seconds
Number of updated asset objects reloaded before import = 0
Number of asset objects unloaded after import = 1
========================================================================
Received Import Request.
  Time since last request: 0.000020 seconds.
  path: Assets/Plugins/Zenject/Source/Providers/SubContainerCreators/SubContainerCreatorBindInfo.cs
  artifactKey: Guid(2d894c838f0dcc34bb38d1311af9ea56) Importer(2089858483,0ecaa5967403d082aa24f35e1b516d23)
Start importing Assets/Plugins/Zenject/Source/Providers/SubContainerCreators/SubContainerCreatorBindInfo.cs using Guid(2d894c838f0dcc34bb38d1311af9ea56) Importer(2089858483,0ecaa5967403d082aa24f35e1b516d23) [PhysX] Initialized MultithreadedTaskDispatcher with 12 workers.
 -> (artifact id: 'edc43f92c7d211d25728510ce43deeae') in 0.018864 seconds
Number of updated asset objects reloaded before import = 0
Number of asset objects unloaded after import = 1
========================================================================
Received Import Request.
  Time since last request: 0.000024 seconds.
  path: Assets/Plugins/Zenject/Source/Install/Contexts/RunnableContext.cs
  artifactKey: Guid(13e9b26d23f6422cb282cc27631fc9e2) Importer(2089858483,0ecaa5967403d082aa24f35e1b516d23)
Start importing Assets/Plugins/Zenject/Source/Install/Contexts/RunnableContext.cs using Guid(13e9b26d23f6422cb282cc27631fc9e2) Importer(2089858483,0ecaa5967403d082aa24f35e1b516d23) [PhysX] Initialized MultithreadedTaskDispatcher with 12 workers.
 -> (artifact id: 'f3b572c8e8fa357cd0f6152bde49e359') in 0.018736 seconds
Number of updated asset objects reloaded before import = 0
Number of asset objects unloaded after import = 1
========================================================================
Received Import Request.
  Time since last request: 0.000025 seconds.
  path: Assets/Plugins/Zenject/Source/Runtime/Kernels/DecoratableMonoKernel.cs
  artifactKey: Guid(f054684b4d0f44a1904823270ae3f137) Importer(2089858483,0ecaa5967403d082aa24f35e1b516d23)
Start importing Assets/Plugins/Zenject/Source/Runtime/Kernels/DecoratableMonoKernel.cs using Guid(f054684b4d0f44a1904823270ae3f137) Importer(2089858483,0ecaa5967403d082aa24f35e1b516d23) [PhysX] Initialized MultithreadedTaskDispatcher with 12 workers.
 -> (artifact id: 'd431812e38daa578cbbb4258219fd969') in 0.018664 seconds
Number of updated asset objects reloaded before import = 0
Number of asset objects unloaded after import = 1
========================================================================
Received Import Request.
  Time since last request: 0.000015 seconds.
  path: Assets/Plugins/Zenject/Source/Runtime/AnimatorInterfaces/AnimatorInstaller.cs
  artifactKey: Guid(f4cbf7c6883911843ae4a64582422dda) Importer(2089858483,0ecaa5967403d082aa24f35e1b516d23)
Start importing Assets/Plugins/Zenject/Source/Runtime/AnimatorInterfaces/AnimatorInstaller.cs using Guid(f4cbf7c6883911843ae4a64582422dda) Importer(2089858483,0ecaa5967403d082aa24f35e1b516d23) [PhysX] Initialized MultithreadedTaskDispatcher with 12 workers.
 -> (artifact id: '5d93cf3824c73e47dd2ae0a50a004004') in 0.016607 seconds
Number of updated asset objects reloaded before import = 0
Number of asset objects unloaded after import = 1
========================================================================
Received Import Request.
  Time since last request: 0.000034 seconds.
  path: Assets/Plugins/Zenject/Source/Providers/PrefabCreators/PrefabInstantiator.cs
  artifactKey: Guid(7dfc3341d0446554996b2969abf2d1ff) Importer(2089858483,0ecaa5967403d082aa24f35e1b516d23)
Start importing Assets/Plugins/Zenject/Source/Providers/PrefabCreators/PrefabInstantiator.cs using Guid(7dfc3341d0446554996b2969abf2d1ff) Importer(2089858483,0ecaa5967403d082aa24f35e1b516d23) [PhysX] Initialized MultithreadedTaskDispatcher with 12 workers.
 -> (artifact id: 'ce2736f5aef93c0482c1ae80a136606b') in 0.029393 seconds
Number of updated asset objects reloaded before import = 0
Number of asset objects unloaded after import = 1
========================================================================
Received Import Request.
  Time since last request: 0.000013 seconds.
  path: Assets/Plugins/Zenject/Source/Editor/Editors/SceneDecoratorContextEditor.cs
  artifactKey: Guid(d2b9289e80031104295e10acf518d75a) Importer(2089858483,0ecaa5967403d082aa24f35e1b516d23)
Start importing Assets/Plugins/Zenject/Source/Editor/Editors/SceneDecoratorContextEditor.cs using Guid(d2b9289e80031104295e10acf518d75a) Importer(2089858483,0ecaa5967403d082aa24f35e1b516d23) [PhysX] Initialized MultithreadedTaskDispatcher with 12 workers.
 -> (artifact id: 'a09fb1d03528dff2e64549c7a098ec1c') in 0.017652 seconds
Number of updated asset objects reloaded before import = 0
Number of asset objects unloaded after import = 1
========================================================================
Received Import Request.
  Time since last request: 0.000017 seconds.
  path: Assets/Plugins/Zenject/Source/Runtime/AnimatorInterfaces/AnimatorIkHandlerManager.cs
  artifactKey: Guid(34ee2459debfb734d968c54ced01b9af) Importer(2089858483,0ecaa5967403d082aa24f35e1b516d23)
Start importing Assets/Plugins/Zenject/Source/Runtime/AnimatorInterfaces/AnimatorIkHandlerManager.cs using Guid(34ee2459debfb734d968c54ced01b9af) Importer(2089858483,0ecaa5967403d082aa24f35e1b516d23) [PhysX] Initialized MultithreadedTaskDispatcher with 12 workers.
 -> (artifact id: 'f967a8b9b3e254d71af2f09fe1496a7d') in 0.016522 seconds
Number of updated asset objects reloaded before import = 0
Number of asset objects unloaded after import = 1
========================================================================
Received Import Request.
  Time since last request: 0.000027 seconds.
  path: Assets/Plugins/Zenject/Source/Editor/EditorWindow/ZenjectEditorWindow.cs
  artifactKey: Guid(bc25e694ccedbed4893d980ee61d1c8f) Importer(2089858483,0ecaa5967403d082aa24f35e1b516d23)
Start importing Assets/Plugins/Zenject/Source/Editor/EditorWindow/ZenjectEditorWindow.cs using Guid(bc25e694ccedbed4893d980ee61d1c8f) Importer(2089858483,0ecaa5967403d082aa24f35e1b516d23) [PhysX] Initialized MultithreadedTaskDispatcher with 12 workers.
 -> (artifact id: '75270c7765722672e78ab33f6306c281') in 0.014042 seconds
Number of updated asset objects reloaded before import = 0
Number of asset objects unloaded after import = 1
========================================================================
Received Import Request.
  Time since last request: 0.000019 seconds.
  path: Assets/Plugins/Zenject/OptionalExtras/TestFramework/ZenjectIntegrationTestFixture.cs
  artifactKey: Guid(e0464fe2b382d1d4babf13bf0c3fa044) Importer(2089858483,0ecaa5967403d082aa24f35e1b516d23)
Start importing Assets/Plugins/Zenject/OptionalExtras/TestFramework/ZenjectIntegrationTestFixture.cs using Guid(e0464fe2b382d1d4babf13bf0c3fa044) Importer(2089858483,0ecaa5967403d082aa24f35e1b516d23) [PhysX] Initialized MultithreadedTaskDispatcher with 12 workers.
 -> (artifact id: 'e85303069a7f6d813f88b8f2b147edf4') in 0.035312 seconds
Number of updated asset objects reloaded before import = 0
Number of asset objects unloaded after import = 1
========================================================================
Received Import Request.
  Time since last request: 0.000019 seconds.
  path: Assets/Graphics/Icons/floor-lamp.png
  artifactKey: Guid(794a0d07e3ec24749beb0d63665fe423) Importer(2089858483,0ecaa5967403d082aa24f35e1b516d23)
Start importing Assets/Graphics/Icons/floor-lamp.png using Guid(794a0d07e3ec24749beb0d63665fe423) Importer(2089858483,0ecaa5967403d082aa24f35e1b516d23) [PhysX] Initialized MultithreadedTaskDispatcher with 12 workers.
 -> (artifact id: '52707f10502a05a5d196d4f1fe400017') in 0.062860 seconds
Number of updated asset objects reloaded before import = 0
Number of asset objects unloaded after import = 3
========================================================================
Received Import Request.
  Time since last request: 0.000017 seconds.
  path: Assets/Plugins/Zenject/Source/Util/ActionInstaller.cs
  artifactKey: Guid(e182a0b67fa936e40bebc0dc2f28743a) Importer(2089858483,0ecaa5967403d082aa24f35e1b516d23)
Start importing Assets/Plugins/Zenject/Source/Util/ActionInstaller.cs using Guid(e182a0b67fa936e40bebc0dc2f28743a) Importer(2089858483,0ecaa5967403d082aa24f35e1b516d23) [PhysX] Initialized MultithreadedTaskDispatcher with 12 workers.
 -> (artifact id: '4a84c6608db9f7f3991357ca62945177') in 0.047729 seconds
Number of updated asset objects reloaded before import = 0
Number of asset objects unloaded after import = 1
========================================================================
Received Import Request.
  Time since last request: 0.000021 seconds.
  path: Assets/Systems/CoreManadgers/Utilities/Transform/FollowPosition.cs
  artifactKey: Guid(097d0d7271e1ac14cae0f1e840557d64) Importer(2089858483,0ecaa5967403d082aa24f35e1b516d23)
Start importing Assets/Systems/CoreManadgers/Utilities/Transform/FollowPosition.cs using Guid(097d0d7271e1ac14cae0f1e840557d64) Importer(2089858483,0ecaa5967403d082aa24f35e1b516d23) [PhysX] Initialized MultithreadedTaskDispatcher with 12 workers.
 -> (artifact id: 'cce54f1b02305ac6f3814bf5407f0402') in 0.061857 seconds
Number of updated asset objects reloaded before import = 0
Number of asset objects unloaded after import = 1
========================================================================
Received Import Request.
  Time since last request: 0.000016 seconds.
  path: Assets/Systems/UI/InputHint/HintItem.prefab
  artifactKey: Guid(4755b4d4844b90445a86073e2ceaff95) Importer(2089858483,0ecaa5967403d082aa24f35e1b516d23)
Start importing Assets/Systems/UI/InputHint/HintItem.prefab using Guid(4755b4d4844b90445a86073e2ceaff95) Importer(2089858483,0ecaa5967403d082aa24f35e1b516d23) [PhysX] Initialized MultithreadedTaskDispatcher with 12 workers.
 -> (artifact id: '0cf2c1b853841fc8f8ad77f30e8b3fe2') in 0.041058 seconds
Number of updated asset objects reloaded before import = 0
Number of asset objects unloaded after import = 29
========================================================================
Received Import Request.
  Time since last request: 0.000015 seconds.
  path: Assets/Plugins/Zenject/Source/Editor/Editors/ProjectContextEditor.cs
  artifactKey: Guid(b5ad40b612e67574aad508d053e6965b) Importer(2089858483,0ecaa5967403d082aa24f35e1b516d23)
Start importing Assets/Plugins/Zenject/Source/Editor/Editors/ProjectContextEditor.cs using Guid(b5ad40b612e67574aad508d053e6965b) Importer(2089858483,0ecaa5967403d082aa24f35e1b516d23) [PhysX] Initialized MultithreadedTaskDispatcher with 12 workers.
 -> (artifact id: 'de9614ee32d45cfd8124613756b934a8') in 0.028062 seconds
Number of updated asset objects reloaded before import = 0
Number of asset objects unloaded after import = 1
========================================================================
Received Import Request.
  Time since last request: 0.000021 seconds.
  path: Assets/Systems/Objects/Rooms/Prefabs/DoorV2/doorAnimator.controller
  artifactKey: Guid(0ea1453477fc5d04694375e76120320a) Importer(2089858483,0ecaa5967403d082aa24f35e1b516d23)
Start importing Assets/Systems/Objects/Rooms/Prefabs/DoorV2/doorAnimator.controller using Guid(0ea1453477fc5d04694375e76120320a) Importer(2089858483,0ecaa5967403d082aa24f35e1b516d23) [PhysX] Initialized MultithreadedTaskDispatcher with 12 workers.
 -> (artifact id: '30275641de5269f44189c5dab5b2baea') in 0.014665 seconds
Number of updated asset objects reloaded before import = 0
Number of asset objects unloaded after import = 19
========================================================================
Received Import Request.
  Time since last request: 0.000017 seconds.
  path: Assets/Plugins/Zenject/Source/Runtime/Kernels/MonoKernel.cs
  artifactKey: Guid(0ed09ac17d1c3ca44b8064ce22ebba27) Importer(2089858483,0ecaa5967403d082aa24f35e1b516d23)
Start importing Assets/Plugins/Zenject/Source/Runtime/Kernels/MonoKernel.cs using Guid(0ed09ac17d1c3ca44b8064ce22ebba27) Importer(2089858483,0ecaa5967403d082aa24f35e1b516d23) [PhysX] Initialized MultithreadedTaskDispatcher with 12 workers.
 -> (artifact id: '01216613d6e5f4cbfb1159ce76fa0d9d') in 0.072298 seconds
Number of updated asset objects reloaded before import = 0
Number of asset objects unloaded after import = 1
========================================================================
Received Import Request.
  Time since last request: 0.000016 seconds.
  path: Assets/Systems/Objects/Rooms/Prefabs/DoorV2/doorOpenReversed.anim
  artifactKey: Guid(ecc2b2950372ce14c8a5e9dd1b8aa82f) Importer(2089858483,0ecaa5967403d082aa24f35e1b516d23)
Start importing Assets/Systems/Objects/Rooms/Prefabs/DoorV2/doorOpenReversed.anim using Guid(ecc2b2950372ce14c8a5e9dd1b8aa82f) Importer(2089858483,0ecaa5967403d082aa24f35e1b516d23) [PhysX] Initialized MultithreadedTaskDispatcher with 12 workers.
 -> (artifact id: 'cf85c99537960025af8095ac09710ea5') in 0.034910 seconds
Number of updated asset objects reloaded before import = 0
Number of asset objects unloaded after import = 1
========================================================================
Received Import Request.
  Time since last request: 0.000024 seconds.
  path: Assets/Systems/Objects/Rooms/Prefabs/CameraPost/cameraAnim.anim
  artifactKey: Guid(3fd072dfcd7f5a24e980c7d2ab2a215a) Importer(2089858483,0ecaa5967403d082aa24f35e1b516d23)
Start importing Assets/Systems/Objects/Rooms/Prefabs/CameraPost/cameraAnim.anim using Guid(3fd072dfcd7f5a24e980c7d2ab2a215a) Importer(2089858483,0ecaa5967403d082aa24f35e1b516d23) [PhysX] Initialized MultithreadedTaskDispatcher with 12 workers.
 -> (artifact id: 'c81ae52d204d727da39082599c343ecd') in 0.017760 seconds
Number of updated asset objects reloaded before import = 0
Number of asset objects unloaded after import = 1
========================================================================
Received Import Request.
  Time since last request: 0.000017 seconds.
  path: Assets/Systems/Objects/Rooms/RoomPart/Empty/EmptyMark.mat
  artifactKey: Guid(91659934375ccfb4997816ce35143113) Importer(2089858483,0ecaa5967403d082aa24f35e1b516d23)
Start importing Assets/Systems/Objects/Rooms/RoomPart/Empty/EmptyMark.mat using Guid(91659934375ccfb4997816ce35143113) Importer(2089858483,0ecaa5967403d082aa24f35e1b516d23) [PhysX] Initialized MultithreadedTaskDispatcher with 12 workers.
 -> (artifact id: 'c019702f3f28257245417041b45875e5') in 0.049266 seconds
Number of updated asset objects reloaded before import = 0
Number of asset objects unloaded after import = 1
========================================================================
Received Import Request.
  Time since last request: 0.000016 seconds.
  path: Assets/Systems/Objects/Rooms/RoomPart/Window/RoomPartMarkWindow.prefab
  artifactKey: Guid(de27009d5a09abe44b12586455d452f8) Importer(2089858483,0ecaa5967403d082aa24f35e1b516d23)
Start importing Assets/Systems/Objects/Rooms/RoomPart/Window/RoomPartMarkWindow.prefab using Guid(de27009d5a09abe44b12586455d452f8) Importer(2089858483,0ecaa5967403d082aa24f35e1b516d23) [PhysX] Initialized MultithreadedTaskDispatcher with 12 workers.
 -> (artifact id: 'e859c8998af50575987c0f3090fc4e72') in 0.062699 seconds
Number of updated asset objects reloaded before import = 0
Number of asset objects unloaded after import = 8
========================================================================
Received Import Request.
  Time since last request: 0.000017 seconds.
  path: Assets/Systems/Creatures/Instances/DarkMonster/View/Orange.mat
  artifactKey: Guid(b62033b5a57ed7e478a9613efc31a55a) Importer(2089858483,0ecaa5967403d082aa24f35e1b516d23)
Start importing Assets/Systems/Creatures/Instances/DarkMonster/View/Orange.mat using Guid(b62033b5a57ed7e478a9613efc31a55a) Importer(2089858483,0ecaa5967403d082aa24f35e1b516d23) [PhysX] Initialized MultithreadedTaskDispatcher with 12 workers.
 -> (artifact id: '2ab1e2e2a81d0e1520107c8b55edc7dd') in 0.030140 seconds
Number of updated asset objects reloaded before import = 0
Number of asset objects unloaded after import = 1
========================================================================
Received Import Request.
  Time since last request: 0.000017 seconds.
  path: Assets/Systems/Creatures/Instances/DarkMonster/View/DarkMonsterArm.prefab
  artifactKey: Guid(6dddc677a9c7da4408763d75c8a7922e) Importer(2089858483,0ecaa5967403d082aa24f35e1b516d23)
Start importing Assets/Systems/Creatures/Instances/DarkMonster/View/DarkMonsterArm.prefab using Guid(6dddc677a9c7da4408763d75c8a7922e) Importer(2089858483,0ecaa5967403d082aa24f35e1b516d23) [PhysX] Initialized MultithreadedTaskDispatcher with 12 workers.
 -> (artifact id: '8843bd9a4cb537faab69e20b96f41042') in 0.113999 seconds
Number of updated asset objects reloaded before import = 0
Number of asset objects unloaded after import = 91
========================================================================
Received Import Request.
  Time since last request: 0.000022 seconds.
  path: Assets/Systems/Objects/Rooms/RoomPart/Wall/RoomPartMarkWall.prefab
  artifactKey: Guid(0b1fb8a1692c25d4a81cdd2f8f36effc) Importer(2089858483,0ecaa5967403d082aa24f35e1b516d23)
Start importing Assets/Systems/Objects/Rooms/RoomPart/Wall/RoomPartMarkWall.prefab using Guid(0b1fb8a1692c25d4a81cdd2f8f36effc) Importer(2089858483,0ecaa5967403d082aa24f35e1b516d23) [PhysX] Initialized MultithreadedTaskDispatcher with 12 workers.
 -> (artifact id: 'b78c62c9c856399f634b0a778c63c027') in 0.036063 seconds
Number of updated asset objects reloaded before import = 0
Number of asset objects unloaded after import = 8
========================================================================
Received Import Request.
  Time since last request: 0.000023 seconds.
  path: Assets/Systems/Creatures/Instances/NestMonster/View/GoToPosition.cs
  artifactKey: Guid(bee0a40dc63bffe438b5ff22a9613a5e) Importer(2089858483,0ecaa5967403d082aa24f35e1b516d23)
Start importing Assets/Systems/Creatures/Instances/NestMonster/View/GoToPosition.cs using Guid(bee0a40dc63bffe438b5ff22a9613a5e) Importer(2089858483,0ecaa5967403d082aa24f35e1b516d23) [PhysX] Initialized MultithreadedTaskDispatcher with 12 workers.
 -> (artifact id: 'ea3d25c584e3160c5aa03e684b2f4176') in 0.016052 seconds
Number of updated asset objects reloaded before import = 0
Number of asset objects unloaded after import = 1
========================================================================
Received Import Request.
  Time since last request: 0.000014 seconds.
  path: Assets/Plugins/Zenject/Source/Runtime/Kernels/Kernel.cs
  artifactKey: Guid(8a25347f1a9a6b544b4ef8b643824a6f) Importer(2089858483,0ecaa5967403d082aa24f35e1b516d23)
Start importing Assets/Plugins/Zenject/Source/Runtime/Kernels/Kernel.cs using Guid(8a25347f1a9a6b544b4ef8b643824a6f) Importer(2089858483,0ecaa5967403d082aa24f35e1b516d23) [PhysX] Initialized MultithreadedTaskDispatcher with 12 workers.
 -> (artifact id: 'cc9fa7c698c4ca2672042b2a91cbdb4d') in 0.014233 seconds
Number of updated asset objects reloaded before import = 0
Number of asset objects unloaded after import = 1
========================================================================
Received Import Request.
  Time since last request: 0.000017 seconds.
  path: Assets/Systems/Creatures/Instances/DarkMonster/View/IMG_2828.png
  artifactKey: Guid(a0bc2cde942d8d84c8f863958ae6541f) Importer(2089858483,0ecaa5967403d082aa24f35e1b516d23)
Start importing Assets/Systems/Creatures/Instances/DarkMonster/View/IMG_2828.png using Guid(a0bc2cde942d8d84c8f863958ae6541f) Importer(2089858483,0ecaa5967403d082aa24f35e1b516d23) [PhysX] Initialized MultithreadedTaskDispatcher with 12 workers.
 -> (artifact id: '101f30447a3ef9abf5103f4783384294') in 0.053688 seconds
Number of updated asset objects reloaded before import = 0
Number of asset objects unloaded after import = 11
========================================================================
Received Import Request.
  Time since last request: 0.000014 seconds.
  path: Assets/Systems/Objects/Items/Instances/CCTVCamera/CCTVCamera.mat
  artifactKey: Guid(c32ff26aac853f247a62361926c48207) Importer(2089858483,0ecaa5967403d082aa24f35e1b516d23)
Start importing Assets/Systems/Objects/Items/Instances/CCTVCamera/CCTVCamera.mat using Guid(c32ff26aac853f247a62361926c48207) Importer(2089858483,0ecaa5967403d082aa24f35e1b516d23) [PhysX] Initialized MultithreadedTaskDispatcher with 12 workers.
 -> (artifact id: '5f4a47d53d8de5618060332609e273be') in 0.017500 seconds
Number of updated asset objects reloaded before import = 0
Number of asset objects unloaded after import = 1
========================================================================
Received Import Request.
  Time since last request: 0.000014 seconds.
  path: Assets/Systems/Creatures/Instances/NestMonster/View/TrailLineRendererSync.cs
  artifactKey: Guid(23c94894da0fcc942abc4a6380a72e57) Importer(2089858483,0ecaa5967403d082aa24f35e1b516d23)
Start importing Assets/Systems/Creatures/Instances/NestMonster/View/TrailLineRendererSync.cs using Guid(23c94894da0fcc942abc4a6380a72e57) Importer(2089858483,0ecaa5967403d082aa24f35e1b516d23) [PhysX] Initialized MultithreadedTaskDispatcher with 12 workers.
 -> (artifact id: '4857ce05c68eb235f1d6ae63666477b2') in 0.015766 seconds
Number of updated asset objects reloaded before import = 0
Number of asset objects unloaded after import = 1
========================================================================
Received Import Request.
  Time since last request: 0.000017 seconds.
  path: Assets/Systems/Objects/Rooms/RoomPart/Door/RoomPartMarkDoor.prefab
  artifactKey: Guid(b4a987dcfd2495a44a9325a2d32cfb9f) Importer(2089858483,0ecaa5967403d082aa24f35e1b516d23)
Start importing Assets/Systems/Objects/Rooms/RoomPart/Door/RoomPartMarkDoor.prefab using Guid(b4a987dcfd2495a44a9325a2d32cfb9f) Importer(2089858483,0ecaa5967403d082aa24f35e1b516d23) [PhysX] Initialized MultithreadedTaskDispatcher with 12 workers.
 -> (artifact id: '8dee2640a619dda442a0f1a021f28dbd') in 0.030375 seconds
Number of updated asset objects reloaded before import = 0
Number of asset objects unloaded after import = 8
========================================================================
Received Import Request.
  Time since last request: 0.000018 seconds.
  path: Assets/Systems/Objects/Items/Instances/CCTVCameraControlPanel/PlayerCCTVCameraControlState.cs
  artifactKey: Guid(dd001c1d25b5a1d4b8f3843cc6ea2b5d) Importer(2089858483,0ecaa5967403d082aa24f35e1b516d23)
Start importing Assets/Systems/Objects/Items/Instances/CCTVCameraControlPanel/PlayerCCTVCameraControlState.cs using Guid(dd001c1d25b5a1d4b8f3843cc6ea2b5d) Importer(2089858483,0ecaa5967403d082aa24f35e1b516d23) [PhysX] Initialized MultithreadedTaskDispatcher with 12 workers.
 -> (artifact id: '4ffec27d374083dd2228d8804edbe866') in 0.013143 seconds
Number of updated asset objects reloaded before import = 0
Number of asset objects unloaded after import = 1
========================================================================
Received Import Request.
  Time since last request: 0.000016 seconds.
  path: Assets/Systems/Creatures/Instances/NestMonster/View/nestMonsterAnimation.controller
  artifactKey: Guid(bac6ee7c5d1ec9842aac0168b9f6de16) Importer(2089858483,0ecaa5967403d082aa24f35e1b516d23)
Start importing Assets/Systems/Creatures/Instances/NestMonster/View/nestMonsterAnimation.controller using Guid(bac6ee7c5d1ec9842aac0168b9f6de16) Importer(2089858483,0ecaa5967403d082aa24f35e1b516d23) [PhysX] Initialized MultithreadedTaskDispatcher with 12 workers.
 -> (artifact id: '3ffbf73293b42a174eecf6b669eeaaea') in 0.015212 seconds
Number of updated asset objects reloaded before import = 0
Number of asset objects unloaded after import = 2
========================================================================
Received Import Request.
  Time since last request: 0.000017 seconds.
  path: Assets/Systems/Objects/Rooms/RoomPart/Empty/RoomPartMarkEmpty.prefab
  artifactKey: Guid(27591cff635f2814d83e2ee16fca6c4d) Importer(2089858483,0ecaa5967403d082aa24f35e1b516d23)
Start importing Assets/Systems/Objects/Rooms/RoomPart/Empty/RoomPartMarkEmpty.prefab using Guid(27591cff635f2814d83e2ee16fca6c4d) Importer(2089858483,0ecaa5967403d082aa24f35e1b516d23) [PhysX] Initialized MultithreadedTaskDispatcher with 12 workers.
 -> (artifact id: 'cb7a685d4eb594fe5657117303a62f0a') in 0.031265 seconds
Number of updated asset objects reloaded before import = 0
Number of asset objects unloaded after import = 8
========================================================================
Received Import Request.
  Time since last request: 0.000017 seconds.
  path: Assets/Plugins/Zenject/OptionalExtras/IntegrationTests/Bindings/TestFromComponentInHierarchyGameObjectContext/FooInstaller.cs
  artifactKey: Guid(0cdb37bf9eda440448d25e272bf9cd32) Importer(2089858483,0ecaa5967403d082aa24f35e1b516d23)
Start importing Assets/Plugins/Zenject/OptionalExtras/IntegrationTests/Bindings/TestFromComponentInHierarchyGameObjectContext/FooInstaller.cs using Guid(0cdb37bf9eda440448d25e272bf9cd32) Importer(2089858483,0ecaa5967403d082aa24f35e1b516d23) [PhysX] Initialized MultithreadedTaskDispatcher with 12 workers.
 -> (artifact id: 'cd0856068c77b1bfb6f908d51f9f1628') in 0.014192 seconds
Number of updated asset objects reloaded before import = 0
Number of asset objects unloaded after import = 1
========================================================================
Received Import Request.
  Time since last request: 0.000019 seconds.
  path: Assets/Plugins/Zenject/OptionalExtras/IntegrationTests/Bindings/TestFromSubContainerPrefabResource/Bar.cs
  artifactKey: Guid(850feee7ebf0de346ba632c2b2abdc64) Importer(2089858483,0ecaa5967403d082aa24f35e1b516d23)
Start importing Assets/Plugins/Zenject/OptionalExtras/IntegrationTests/Bindings/TestFromSubContainerPrefabResource/Bar.cs using Guid(850feee7ebf0de346ba632c2b2abdc64) Importer(2089858483,0ecaa5967403d082aa24f35e1b516d23) [PhysX] Initialized MultithreadedTaskDispatcher with 12 workers.
 -> (artifact id: '9d36b066e5194ae3ebe85533847ce9f2') in 0.018469 seconds
Number of updated asset objects reloaded before import = 0
Number of asset objects unloaded after import = 1
========================================================================
Received Import Request.
  Time since last request: 0.000015 seconds.
  path: Assets/Plugins/Zenject/OptionalExtras/IntegrationTests/Bindings/TestFromNewScriptableObjectResource/Bob.cs
  artifactKey: Guid(9e40755b32ffa6f4fb5f67e0612fc480) Importer(2089858483,0ecaa5967403d082aa24f35e1b516d23)
Start importing Assets/Plugins/Zenject/OptionalExtras/IntegrationTests/Bindings/TestFromNewScriptableObjectResource/Bob.cs using Guid(9e40755b32ffa6f4fb5f67e0612fc480) Importer(2089858483,0ecaa5967403d082aa24f35e1b516d23) [PhysX] Initialized MultithreadedTaskDispatcher with 12 workers.
 -> (artifact id: '61b65d473b77c9d3e92ab45558db38db') in 0.029226 seconds
Number of updated asset objects reloaded before import = 0
Number of asset objects unloaded after import = 1
========================================================================
Received Import Request.
  Time since last request: 0.000017 seconds.
  path: Assets/Plugins/Zenject/OptionalExtras/IntegrationTests/Factories/TestBindFactoryOne/Bar.cs
  artifactKey: Guid(cd7da28b2b2c71a419e9eb3722a9b7b6) Importer(2089858483,0ecaa5967403d082aa24f35e1b516d23)
Start importing Assets/Plugins/Zenject/OptionalExtras/IntegrationTests/Factories/TestBindFactoryOne/Bar.cs using Guid(cd7da28b2b2c71a419e9eb3722a9b7b6) Importer(2089858483,0ecaa5967403d082aa24f35e1b516d23) [PhysX] Initialized MultithreadedTaskDispatcher with 12 workers.
 -> (artifact id: '17533794b5c0926d722a29b5eda01ba9') in 0.018011 seconds
Number of updated asset objects reloaded before import = 0
Number of asset objects unloaded after import = 1
========================================================================
Received Import Request.
  Time since last request: 0.000018 seconds.
  path: Assets/Plugins/Zenject/OptionalExtras/IntegrationTests/Bindings/TestFromPrefabResource/Norf2.cs
  artifactKey: Guid(cf6600df40401e046af9c2ebfbf58b46) Importer(2089858483,0ecaa5967403d082aa24f35e1b516d23)
Start importing Assets/Plugins/Zenject/OptionalExtras/IntegrationTests/Bindings/TestFromPrefabResource/Norf2.cs using Guid(cf6600df40401e046af9c2ebfbf58b46) Importer(2089858483,0ecaa5967403d082aa24f35e1b516d23) [PhysX] Initialized MultithreadedTaskDispatcher with 12 workers.
 -> (artifact id: 'ceb81eb9b33744f98a1253732f5b7fed') in 0.019325 seconds
Number of updated asset objects reloaded before import = 0
Number of asset objects unloaded after import = 1
========================================================================
Received Import Request.
  Time since last request: 0.000013 seconds.
  path: Assets/Plugins/Zenject/OptionalExtras/IntegrationTests/Factories/TestBindFactory/Foo.cs
  artifactKey: Guid(d2d5f4f0d25441b4b8dbdcf3e25815a4) Importer(2089858483,0ecaa5967403d082aa24f35e1b516d23)
Start importing Assets/Plugins/Zenject/OptionalExtras/IntegrationTests/Factories/TestBindFactory/Foo.cs using Guid(d2d5f4f0d25441b4b8dbdcf3e25815a4) Importer(2089858483,0ecaa5967403d082aa24f35e1b516d23) [PhysX] Initialized MultithreadedTaskDispatcher with 12 workers.
 -> (artifact id: '4682a85cd67cc2fc91ed23e741d4e318') in 0.016737 seconds
Number of updated asset objects reloaded before import = 0
Number of asset objects unloaded after import = 1
========================================================================
Received Import Request.
  Time since last request: 0.000018 seconds.
  path: Assets/Systems/Creatures/Instances/DogMonster/View/DogMonsterView.prefab
  artifactKey: Guid(3316a3ab74dd28c488108e01eb2f909e) Importer(2089858483,0ecaa5967403d082aa24f35e1b516d23)
Start importing Assets/Systems/Creatures/Instances/DogMonster/View/DogMonsterView.prefab using Guid(3316a3ab74dd28c488108e01eb2f909e) Importer(2089858483,0ecaa5967403d082aa24f35e1b516d23) [PhysX] Initialized MultithreadedTaskDispatcher with 12 workers.
 -> (artifact id: '7cab9219ebe2aec4147e71232ff76117') in 0.066211 seconds
Number of updated asset objects reloaded before import = 0
Number of asset objects unloaded after import = 146
========================================================================
Received Import Request.
  Time since last request: 0.000016 seconds.
  path: Assets/Systems/Objects/Items/Instances/MeatPile/RigidbodyBoost.cs
  artifactKey: Guid(526bb73be2336334ca36da8d907735eb) Importer(2089858483,0ecaa5967403d082aa24f35e1b516d23)
Start importing Assets/Systems/Objects/Items/Instances/MeatPile/RigidbodyBoost.cs using Guid(526bb73be2336334ca36da8d907735eb) Importer(2089858483,0ecaa5967403d082aa24f35e1b516d23) [PhysX] Initialized MultithreadedTaskDispatcher with 12 workers.
 -> (artifact id: '60e2a246ef48b90038423173ade1a74f') in 0.043660 seconds
Number of updated asset objects reloaded before import = 0
Number of asset objects unloaded after import = 1
========================================================================
Received Import Request.
  Time since last request: 0.000015 seconds.
  path: Assets/Systems/Objects/Items/Instances/MeatPile/PlayerDeath.cs
  artifactKey: Guid(805b9a24218597145b1103ed62cf2db2) Importer(2089858483,0ecaa5967403d082aa24f35e1b516d23)
Start importing Assets/Systems/Objects/Items/Instances/MeatPile/PlayerDeath.cs using Guid(805b9a24218597145b1103ed62cf2db2) Importer(2089858483,0ecaa5967403d082aa24f35e1b516d23) [PhysX] Initialized MultithreadedTaskDispatcher with 12 workers.
 -> (artifact id: '0fd3e14cd5058f0a3599c45f3ca15d09') in 0.027494 seconds
Number of updated asset objects reloaded before import = 0
Number of asset objects unloaded after import = 1
========================================================================
Received Import Request.
  Time since last request: 0.000022 seconds.
  path: Assets/Systems/Objects/Objects/LevelExit/New Material.mat
  artifactKey: Guid(edd3b5b6e7e2cbd4da0e8b7c4686696e) Importer(2089858483,0ecaa5967403d082aa24f35e1b516d23)
Start importing Assets/Systems/Objects/Objects/LevelExit/New Material.mat using Guid(edd3b5b6e7e2cbd4da0e8b7c4686696e) Importer(2089858483,0ecaa5967403d082aa24f35e1b516d23) [PhysX] Initialized MultithreadedTaskDispatcher with 12 workers.
 -> (artifact id: 'c03ce843dc863ab98b8ff54e081b5408') in 0.027883 seconds
Number of updated asset objects reloaded before import = 0
Number of asset objects unloaded after import = 1
========================================================================
Received Import Request.
  Time since last request: 0.000018 seconds.
  path: Assets/Plugins/Zenject/OptionalExtras/IntegrationTests/Bindings/TestFromPrefabResource/Foo.cs
  artifactKey: Guid(c4fe41d55bac23c408a020415051f590) Importer(2089858483,0ecaa5967403d082aa24f35e1b516d23)
Start importing Assets/Plugins/Zenject/OptionalExtras/IntegrationTests/Bindings/TestFromPrefabResource/Foo.cs using Guid(c4fe41d55bac23c408a020415051f590) Importer(2089858483,0ecaa5967403d082aa24f35e1b516d23) [PhysX] Initialized MultithreadedTaskDispatcher with 12 workers.
 -> (artifact id: '86e7fb2dbb56d4a3fd734b3d7733d084') in 0.016847 seconds
Number of updated asset objects reloaded before import = 0
Number of asset objects unloaded after import = 1
========================================================================
Received Import Request.
  Time since last request: 0.000014 seconds.
  path: Assets/Plugins/Zenject/OptionalExtras/IntegrationTests/Installers/TestInstallers/FooInstaller.cs
  artifactKey: Guid(19d8f9dc0fef466468a6a0ab8b59a8ac) Importer(2089858483,0ecaa5967403d082aa24f35e1b516d23)
Start importing Assets/Plugins/Zenject/OptionalExtras/IntegrationTests/Installers/TestInstallers/FooInstaller.cs using Guid(19d8f9dc0fef466468a6a0ab8b59a8ac) Importer(2089858483,0ecaa5967403d082aa24f35e1b516d23) [PhysX] Initialized MultithreadedTaskDispatcher with 12 workers.
 -> (artifact id: '4b5b6a50de0a59615424dde6d41e2b0a') in 0.016920 seconds
Number of updated asset objects reloaded before import = 0
Number of asset objects unloaded after import = 1
========================================================================
Received Import Request.
  Time since last request: 0.000017 seconds.
  path: Assets/Plugins/Zenject/OptionalExtras/IntegrationTests/Bindings/TestFromNewScriptableObjectResource/Foo.cs
  artifactKey: Guid(70da936d4db31fa4a9f79f7af7604209) Importer(2089858483,0ecaa5967403d082aa24f35e1b516d23)
Start importing Assets/Plugins/Zenject/OptionalExtras/IntegrationTests/Bindings/TestFromNewScriptableObjectResource/Foo.cs using Guid(70da936d4db31fa4a9f79f7af7604209) Importer(2089858483,0ecaa5967403d082aa24f35e1b516d23) [PhysX] Initialized MultithreadedTaskDispatcher with 12 workers.
 -> (artifact id: 'a6f5f4acdd84a6c3fc034e26b5b480d9') in 0.016729 seconds
Number of updated asset objects reloaded before import = 0
Number of asset objects unloaded after import = 1
========================================================================
Received Import Request.
  Time since last request: 0.000016 seconds.
  path: Assets/Plugins/Zenject/OptionalExtras/IntegrationTests/Bindings/TestFromSubContainerPrefabResource/FooInstaller.cs
  artifactKey: Guid(a30bc985de2744a49add38b40ccf532a) Importer(2089858483,0ecaa5967403d082aa24f35e1b516d23)
Start importing Assets/Plugins/Zenject/OptionalExtras/IntegrationTests/Bindings/TestFromSubContainerPrefabResource/FooInstaller.cs using Guid(a30bc985de2744a49add38b40ccf532a) Importer(2089858483,0ecaa5967403d082aa24f35e1b516d23) [PhysX] Initialized MultithreadedTaskDispatcher with 12 workers.
 -> (artifact id: '03add5cfe9347307769e00520b71ddd6') in 0.029294 seconds
Number of updated asset objects reloaded before import = 0
Number of asset objects unloaded after import = 1
========================================================================
Received Import Request.
  Time since last request: 0.000016 seconds.
  path: Assets/Systems/Creatures/Instances/NestMonster/View/ChickenNeckSegment.prefab
  artifactKey: Guid(2f262c04ee9893f40ac644d0b4703526) Importer(2089858483,0ecaa5967403d082aa24f35e1b516d23)
Start importing Assets/Systems/Creatures/Instances/NestMonster/View/ChickenNeckSegment.prefab using Guid(2f262c04ee9893f40ac644d0b4703526) Importer(2089858483,0ecaa5967403d082aa24f35e1b516d23) [PhysX] Initialized MultithreadedTaskDispatcher with 12 workers.
 -> (artifact id: 'b0de585760066031a4d5e1015576768f') in 0.038484 seconds
Number of updated asset objects reloaded before import = 0
Number of asset objects unloaded after import = 11
========================================================================
Received Import Request.
  Time since last request: 0.000012 seconds.
  path: Assets/Systems/Objects/Rooms/RoomPart/Door/DoorMark.mat
  artifactKey: Guid(181671e952588e047afb8ebf17833361) Importer(2089858483,0ecaa5967403d082aa24f35e1b516d23)
Start importing Assets/Systems/Objects/Rooms/RoomPart/Door/DoorMark.mat using Guid(181671e952588e047afb8ebf17833361) Importer(2089858483,0ecaa5967403d082aa24f35e1b516d23) [PhysX] Initialized MultithreadedTaskDispatcher with 12 workers.
 -> (artifact id: 'c6910a383b789580b6f3eb2a5082b29f') in 0.029732 seconds
Number of updated asset objects reloaded before import = 0
Number of asset objects unloaded after import = 1
========================================================================
Received Import Request.
  Time since last request: 0.000015 seconds.
  path: Assets/Systems/Creatures/Instances/DogMonster/View/Dweller_Body.png
  artifactKey: Guid(62031bf3bae5fd04b840781148fa3e1e) Importer(2089858483,0ecaa5967403d082aa24f35e1b516d23)
Start importing Assets/Systems/Creatures/Instances/DogMonster/View/Dweller_Body.png using Guid(62031bf3bae5fd04b840781148fa3e1e) Importer(2089858483,0ecaa5967403d082aa24f35e1b516d23) [PhysX] Initialized MultithreadedTaskDispatcher with 12 workers.
 -> (artifact id: '09f6d8f9b8305830745be3b1d0844192') in 0.043177 seconds
Number of updated asset objects reloaded before import = 0
Number of asset objects unloaded after import = 3
========================================================================
Received Import Request.
  Time since last request: 0.000020 seconds.
  path: Assets/Systems/Objects/Items/Instances/Apple/Apple.prefab
  artifactKey: Guid(c20da6edb5c959e4d8471fff8797f742) Importer(2089858483,0ecaa5967403d082aa24f35e1b516d23)
Start importing Assets/Systems/Objects/Items/Instances/Apple/Apple.prefab using Guid(c20da6edb5c959e4d8471fff8797f742) Importer(2089858483,0ecaa5967403d082aa24f35e1b516d23) [PhysX] Initialized MultithreadedTaskDispatcher with 12 workers.
 -> (artifact id: '35c4c8b8fcce6b3c63a5d098b597477a') in 0.026378 seconds
Number of updated asset objects reloaded before import = 0
Number of asset objects unloaded after import = 20
========================================================================
Received Import Request.
  Time since last request: 0.000025 seconds.
  path: Assets/Systems/Objects/Rooms/RoomPart/Room/RoomEdge.mat
  artifactKey: Guid(07d3701b8e141924794b5107320e942e) Importer(2089858483,0ecaa5967403d082aa24f35e1b516d23)
Start importing Assets/Systems/Objects/Rooms/RoomPart/Room/RoomEdge.mat using Guid(07d3701b8e141924794b5107320e942e) Importer(2089858483,0ecaa5967403d082aa24f35e1b516d23) [PhysX] Initialized MultithreadedTaskDispatcher with 12 workers.
 -> (artifact id: 'd6754036834be4521cfc079cd2083681') in 0.018524 seconds
Number of updated asset objects reloaded before import = 0
Number of asset objects unloaded after import = 1
========================================================================
Received Import Request.
  Time since last request: 0.000017 seconds.
  path: Assets/Systems/Creatures/Instances/DarkMonster/View/darkMonsterV2.png
  artifactKey: Guid(8c1d0bfaa09471f40a1895a15bf98ff0) Importer(2089858483,0ecaa5967403d082aa24f35e1b516d23)
Start importing Assets/Systems/Creatures/Instances/DarkMonster/View/darkMonsterV2.png using Guid(8c1d0bfaa09471f40a1895a15bf98ff0) Importer(2089858483,0ecaa5967403d082aa24f35e1b516d23) [PhysX] Initialized MultithreadedTaskDispatcher with 12 workers.
 -> (artifact id: 'b20354f1923cbb8f007ecf58407ed591') in 0.063180 seconds
Number of updated asset objects reloaded before import = 0
Number of asset objects unloaded after import = 13
========================================================================
Received Import Request.
  Time since last request: 0.000018 seconds.
  path: Assets/Systems/Objects/Items/Instances/CCTVCamera/Camera2.mat
  artifactKey: Guid(753ff3f808ab9ea40b449d1a0564217d) Importer(2089858483,0ecaa5967403d082aa24f35e1b516d23)
Start importing Assets/Systems/Objects/Items/Instances/CCTVCamera/Camera2.mat using Guid(753ff3f808ab9ea40b449d1a0564217d) Importer(2089858483,0ecaa5967403d082aa24f35e1b516d23) [PhysX] Initialized MultithreadedTaskDispatcher with 12 workers.
 -> (artifact id: '42b4f2aeb6fe37025e0a9e05a5ff3fa5') in 0.029757 seconds
Number of updated asset objects reloaded before import = 0
Number of asset objects unloaded after import = 1
========================================================================
Received Import Request.
  Time since last request: 0.000013 seconds.
  path: Assets/Plugins/Zenject/OptionalExtras/IntegrationTests/Installers/TestInstallers/BarInstaller.cs
  artifactKey: Guid(e3fd51e14e913e243bb9c3afbc514fd8) Importer(2089858483,0ecaa5967403d082aa24f35e1b516d23)
Start importing Assets/Plugins/Zenject/OptionalExtras/IntegrationTests/Installers/TestInstallers/BarInstaller.cs using Guid(e3fd51e14e913e243bb9c3afbc514fd8) Importer(2089858483,0ecaa5967403d082aa24f35e1b516d23) [PhysX] Initialized MultithreadedTaskDispatcher with 12 workers.
 -> (artifact id: '8f03baf84897f640fe010a446be6597f') in 0.045938 seconds
Number of updated asset objects reloaded before import = 0
Number of asset objects unloaded after import = 1
========================================================================
Received Import Request.
  Time since last request: 0.000016 seconds.
  path: Assets/Plugins/Zenject/OptionalExtras/IntegrationTests/SceneContractTests/Decorators/Scene2.unity
  artifactKey: Guid(e51117d8dc00ad145a3097828d414398) Importer(2089858483,0ecaa5967403d082aa24f35e1b516d23)
Start importing Assets/Plugins/Zenject/OptionalExtras/IntegrationTests/SceneContractTests/Decorators/Scene2.unity using Guid(e51117d8dc00ad145a3097828d414398) Importer(2089858483,0ecaa5967403d082aa24f35e1b516d23) [PhysX] Initialized MultithreadedTaskDispatcher with 12 workers.
 -> (artifact id: 'c47716b7366d074781b541ae7cd9f581') in 0.016811 seconds
Number of updated asset objects reloaded before import = 0
Number of asset objects unloaded after import = 1
========================================================================
Received Import Request.
  Time since last request: 0.000015 seconds.
  path: Assets/Plugins/Zenject/OptionalExtras/IntegrationTests/Installers/TestScriptableObjectInstallers/BarInstaller.cs
  artifactKey: Guid(8ad54a4699841ca4b83c660b1e5b1205) Importer(2089858483,0ecaa5967403d082aa24f35e1b516d23)
Start importing Assets/Plugins/Zenject/OptionalExtras/IntegrationTests/Installers/TestScriptableObjectInstallers/BarInstaller.cs using Guid(8ad54a4699841ca4b83c660b1e5b1205) Importer(2089858483,0ecaa5967403d082aa24f35e1b516d23) [PhysX] Initialized MultithreadedTaskDispatcher with 12 workers.
 -> (artifact id: 'e8d7aea4a2d83200672205ba80416c26') in 0.059657 seconds
Number of updated asset objects reloaded before import = 0
Number of asset objects unloaded after import = 1
========================================================================
Received Import Request.
  Time since last request: 0.000015 seconds.
  path: Assets/Plugins/Zenject/OptionalExtras/IntegrationTests/SceneTests/TestDestructionOrder/FooMonoBehaviourUnderSceneContext1.cs
  artifactKey: Guid(2e7725934761f694384998e801ae4ebd) Importer(2089858483,0ecaa5967403d082aa24f35e1b516d23)
Start importing Assets/Plugins/Zenject/OptionalExtras/IntegrationTests/SceneTests/TestDestructionOrder/FooMonoBehaviourUnderSceneContext1.cs using Guid(2e7725934761f694384998e801ae4ebd) Importer(2089858483,0ecaa5967403d082aa24f35e1b516d23) [PhysX] Initialized MultithreadedTaskDispatcher with 12 workers.
 -> (artifact id: '24847d5b2ff0cc18edec32352d176fe7') in 0.016584 seconds
Number of updated asset objects reloaded before import = 0
Number of asset objects unloaded after import = 1
========================================================================
Received Import Request.
  Time since last request: 0.000021 seconds.
  path: Assets/Plugins/Zenject/OptionalExtras/IntegrationTests/SceneTests/TestDestructionOrder/Scene2Installer.cs
  artifactKey: Guid(832615b3a3c558545b218542760a596c) Importer(2089858483,0ecaa5967403d082aa24f35e1b516d23)
Start importing Assets/Plugins/Zenject/OptionalExtras/IntegrationTests/SceneTests/TestDestructionOrder/Scene2Installer.cs using Guid(832615b3a3c558545b218542760a596c) Importer(2089858483,0ecaa5967403d082aa24f35e1b516d23) [PhysX] Initialized MultithreadedTaskDispatcher with 12 workers.
 -> (artifact id: 'd02b577552bff17e5b6ceb683f04b6ef') in 0.018923 seconds
Number of updated asset objects reloaded before import = 0
Number of asset objects unloaded after import = 1
========================================================================
Received Import Request.
  Time since last request: 0.000013 seconds.
  path: Assets/Plugins/Zenject/OptionalExtras/IntegrationTests/Resources/TestFromPrefab/Gorp.prefab
  artifactKey: Guid(1eb53b39cb1d1114782475a86c1e55f1) Importer(2089858483,0ecaa5967403d082aa24f35e1b516d23)
Start importing Assets/Plugins/Zenject/OptionalExtras/IntegrationTests/Resources/TestFromPrefab/Gorp.prefab using Guid(1eb53b39cb1d1114782475a86c1e55f1) Importer(2089858483,0ecaa5967403d082aa24f35e1b516d23) [PhysX] Initialized MultithreadedTaskDispatcher with 12 workers.
 -> (artifact id: '8e86d8087ace1098254360436b4e8008') in 0.159311 seconds
Number of updated asset objects reloaded before import = 0
Number of asset objects unloaded after import = 5
========================================================================
Received Import Request.
  Time since last request: 0.000015 seconds.
  path: Assets/Plugins/Zenject/OptionalExtras/IntegrationTests/Resources/TestFromNewScriptableObjectResource/Foo.asset
  artifactKey: Guid(dff7f713b1f7d8041a8e5a3943ef38b3) Importer(2089858483,0ecaa5967403d082aa24f35e1b516d23)
Start importing Assets/Plugins/Zenject/OptionalExtras/IntegrationTests/Resources/TestFromNewScriptableObjectResource/Foo.asset using Guid(dff7f713b1f7d8041a8e5a3943ef38b3) Importer(2089858483,0ecaa5967403d082aa24f35e1b516d23) [PhysX] Initialized MultithreadedTaskDispatcher with 12 workers.
 -> (artifact id: '0dfc61595f4427fbf29478b7ffcb494f') in 0.027498 seconds
Number of updated asset objects reloaded before import = 0
Number of asset objects unloaded after import = 1
========================================================================
Received Import Request.
  Time since last request: 0.000018 seconds.
  path: Assets/Plugins/Zenject/OptionalExtras/IntegrationTests/Resources/TestFromPrefabResource/Foo2.prefab
  artifactKey: Guid(54bc08272e3f439458c8c656d27da5bc) Importer(2089858483,0ecaa5967403d082aa24f35e1b516d23)
Start importing Assets/Plugins/Zenject/OptionalExtras/IntegrationTests/Resources/TestFromPrefabResource/Foo2.prefab using Guid(54bc08272e3f439458c8c656d27da5bc) Importer(2089858483,0ecaa5967403d082aa24f35e1b516d23) [PhysX] Initialized MultithreadedTaskDispatcher with 12 workers.
 -> (artifact id: '48905fd44c1314b04c18df4ba96bd0d3') in 0.035464 seconds
Number of updated asset objects reloaded before import = 0
Number of asset objects unloaded after import = 5
========================================================================
Received Import Request.
  Time since last request: 0.000022 seconds.
  path: Assets/Plugins/Zenject/OptionalExtras/IntegrationTests/Installers/TestMonoInstallers/FooInstaller.cs
  artifactKey: Guid(97cba5011d2370f49b6298a910bff37f) Importer(2089858483,0ecaa5967403d082aa24f35e1b516d23)
Start importing Assets/Plugins/Zenject/OptionalExtras/IntegrationTests/Installers/TestMonoInstallers/FooInstaller.cs using Guid(97cba5011d2370f49b6298a910bff37f) Importer(2089858483,0ecaa5967403d082aa24f35e1b516d23) [PhysX] Initialized MultithreadedTaskDispatcher with 12 workers.
 -> (artifact id: 'd946f096c04d7e7b759bb9405062e03b') in 0.046846 seconds
Number of updated asset objects reloaded before import = 0
Number of asset objects unloaded after import = 1
========================================================================
Received Import Request.
  Time since last request: 0.000017 seconds.
  path: Assets/Plugins/Zenject/OptionalExtras/IntegrationTests/SceneContractTests/Decorators/Scene2Installer.cs
  artifactKey: Guid(a54443f8b7de6b844924c58d06f23df4) Importer(2089858483,0ecaa5967403d082aa24f35e1b516d23)
Start importing Assets/Plugins/Zenject/OptionalExtras/IntegrationTests/SceneContractTests/Decorators/Scene2Installer.cs using Guid(a54443f8b7de6b844924c58d06f23df4) Importer(2089858483,0ecaa5967403d082aa24f35e1b516d23) [PhysX] Initialized MultithreadedTaskDispatcher with 12 workers.
 -> (artifact id: '48e5cfb90344fdec399a580a536df936') in 0.046261 seconds
Number of updated asset objects reloaded before import = 0
Number of asset objects unloaded after import = 1
========================================================================
Received Import Request.
  Time since last request: 0.000018 seconds.
  path: Assets/Plugins/Zenject/OptionalExtras/IntegrationTests/Resources/TestDiContainerMethods/Camera.prefab
  artifactKey: Guid(0e8cb14a39fd6f249a44c7943b3fa7c0) Importer(2089858483,0ecaa5967403d082aa24f35e1b516d23)
Start importing Assets/Plugins/Zenject/OptionalExtras/IntegrationTests/Resources/TestDiContainerMethods/Camera.prefab using Guid(0e8cb14a39fd6f249a44c7943b3fa7c0) Importer(2089858483,0ecaa5967403d082aa24f35e1b516d23) [PhysX] Initialized MultithreadedTaskDispatcher with 12 workers.
 -> (artifact id: 'b30339de0e791b7bf492e8762cc9c111') in 0.065497 seconds
Number of updated asset objects reloaded before import = 0
Number of asset objects unloaded after import = 7
========================================================================
Received Import Request.
  Time since last request: 0.000016 seconds.
  path: Assets/Plugins/Zenject/OptionalExtras/IntegrationTests/Resources/TestInstantiateCallback/Foo.prefab
  artifactKey: Guid(bd22ee392c7674541a3e81b03b647d58) Importer(2089858483,0ecaa5967403d082aa24f35e1b516d23)
Start importing Assets/Plugins/Zenject/OptionalExtras/IntegrationTests/Resources/TestInstantiateCallback/Foo.prefab using Guid(bd22ee392c7674541a3e81b03b647d58) Importer(2089858483,0ecaa5967403d082aa24f35e1b516d23) [PhysX] Initialized MultithreadedTaskDispatcher with 12 workers.
 -> (artifact id: '6c3195a25c983038801fd3f0a64cca3d') in 0.035522 seconds
Number of updated asset objects reloaded before import = 0
Number of asset objects unloaded after import = 5
========================================================================
Received Import Request.
  Time since last request: 0.000016 seconds.
  path: Assets/Plugins/Zenject/OptionalExtras/SampleGame1 (Beginner)/Scripts/Util/GameEvents.cs
  artifactKey: Guid(44a6c869bd4f68c479f02155b98fbeca) Importer(2089858483,0ecaa5967403d082aa24f35e1b516d23)
Start importing Assets/Plugins/Zenject/OptionalExtras/SampleGame1 (Beginner)/Scripts/Util/GameEvents.cs using Guid(44a6c869bd4f68c479f02155b98fbeca) Importer(2089858483,0ecaa5967403d082aa24f35e1b516d23) [PhysX] Initialized MultithreadedTaskDispatcher with 12 workers.
 -> (artifact id: '1c1de9f1418c509041a5d6522f51b414') in 0.074995 seconds
Number of updated asset objects reloaded before import = 0
Number of asset objects unloaded after import = 1
========================================================================
Received Import Request.
  Time since last request: 0.000015 seconds.
  path: Assets/Plugins/Zenject/OptionalExtras/SampleGame1 (Beginner)/Scripts/Asteroid/AsteroidManager.cs
  artifactKey: Guid(a9a361be236d95c48a1de52c435fcc9a) Importer(2089858483,0ecaa5967403d082aa24f35e1b516d23)
Start importing Assets/Plugins/Zenject/OptionalExtras/SampleGame1 (Beginner)/Scripts/Asteroid/AsteroidManager.cs using Guid(a9a361be236d95c48a1de52c435fcc9a) Importer(2089858483,0ecaa5967403d082aa24f35e1b516d23) [PhysX] Initialized MultithreadedTaskDispatcher with 12 workers.
 -> (artifact id: '8c33111d0374d3ab8f65cf87a904ffde') in 0.042890 seconds
Number of updated asset objects reloaded before import = 0
Number of asset objects unloaded after import = 1
========================================================================
Received Import Request.
  Time since last request: 0.000061 seconds.
  path: Assets/Plugins/Zenject/OptionalExtras/SampleGame2 (Advanced)/Media/Models/ship.fbx
  artifactKey: Guid(73637a3b17554e34c9e921d4df1ee609) Importer(2089858483,0ecaa5967403d082aa24f35e1b516d23)
Start importing Assets/Plugins/Zenject/OptionalExtras/SampleGame2 (Advanced)/Media/Models/ship.fbx using Guid(73637a3b17554e34c9e921d4df1ee609) Importer(2089858483,0ecaa5967403d082aa24f35e1b516d23) [PhysX] Initialized MultithreadedTaskDispatcher with 12 workers.
 -> (artifact id: '6af3bf0de2bca3678a61106093b3b889') in 0.116986 seconds
Number of updated asset objects reloaded before import = 0
Number of asset objects unloaded after import = 16
========================================================================
Received Import Request.
  Time since last request: 0.000016 seconds.
  path: Assets/Plugins/Zenject/OptionalExtras/SampleGame1 (Beginner)/Scripts/Misc/AudioHandler.cs
  artifactKey: Guid(24cbab5eaeb84b44481d817f66ea7b27) Importer(2089858483,0ecaa5967403d082aa24f35e1b516d23)
Start importing Assets/Plugins/Zenject/OptionalExtras/SampleGame1 (Beginner)/Scripts/Misc/AudioHandler.cs using Guid(24cbab5eaeb84b44481d817f66ea7b27) Importer(2089858483,0ecaa5967403d082aa24f35e1b516d23) [PhysX] Initialized MultithreadedTaskDispatcher with 12 workers.
 -> (artifact id: '316a3ab2f9631946b113bffc1bd2adf4') in 0.016326 seconds
Number of updated asset objects reloaded before import = 0
Number of asset objects unloaded after import = 1
========================================================================
Received Import Request.
  Time since last request: 0.000015 seconds.
  path: Assets/Plugins/Zenject/OptionalExtras/SampleGame1 (Beginner)/Scripts/Ship/Ship.cs
  artifactKey: Guid(aab42c7e45a13404daf7de27c7366efc) Importer(2089858483,0ecaa5967403d082aa24f35e1b516d23)
Start importing Assets/Plugins/Zenject/OptionalExtras/SampleGame1 (Beginner)/Scripts/Ship/Ship.cs using Guid(aab42c7e45a13404daf7de27c7366efc) Importer(2089858483,0ecaa5967403d082aa24f35e1b516d23) [PhysX] Initialized MultithreadedTaskDispatcher with 12 workers.
 -> (artifact id: '18f7582b5317d0fb239960fce323d621') in 0.028860 seconds
Number of updated asset objects reloaded before import = 0
Number of asset objects unloaded after import = 1
========================================================================
Received Import Request.
  Time since last request: 0.000015 seconds.
  path: Assets/Plugins/Zenject/OptionalExtras/SampleGame1 (Beginner)/Media/Sounds/NearExplosionA.ogg
  artifactKey: Guid(b083b7753425f9c48ae0b375d6568e2f) Importer(2089858483,0ecaa5967403d082aa24f35e1b516d23)
Start importing Assets/Plugins/Zenject/OptionalExtras/SampleGame1 (Beginner)/Media/Sounds/NearExplosionA.ogg using Guid(b083b7753425f9c48ae0b375d6568e2f) Importer(2089858483,0ecaa5967403d082aa24f35e1b516d23) [PhysX] Initialized MultithreadedTaskDispatcher with 12 workers.
 -> (artifact id: '80def3373f76e28c30a74a29550fb312') in 0.107572 seconds
Number of updated asset objects reloaded before import = 0
Number of asset objects unloaded after import = 1
========================================================================
Received Import Request.
  Time since last request: 0.000019 seconds.
  path: Assets/Plugins/Zenject/OptionalExtras/SampleGame2 (Advanced)/Media/Prefabs/Bullet.prefab
  artifactKey: Guid(4d22825d6393b964f90d550dd2acc50f) Importer(2089858483,0ecaa5967403d082aa24f35e1b516d23)
Start importing Assets/Plugins/Zenject/OptionalExtras/SampleGame2 (Advanced)/Media/Prefabs/Bullet.prefab using Guid(4d22825d6393b964f90d550dd2acc50f) Importer(2089858483,0ecaa5967403d082aa24f35e1b516d23) [PhysX] Initialized MultithreadedTaskDispatcher with 12 workers.
 -> (artifact id: 'e216915bf3ddfc1c25c46dbcc9fe417c') in 0.074988 seconds
Number of updated asset objects reloaded before import = 0
Number of asset objects unloaded after import = 8
========================================================================
Received Import Request.
  Time since last request: 0.000023 seconds.
  path: Assets/Plugins/Zenject/OptionalExtras/IntegrationTests/SceneTests/TestDestructionOrder/ReadMe.txt
  artifactKey: Guid(c82ce31353243894bb0334895d801d5b) Importer(2089858483,0ecaa5967403d082aa24f35e1b516d23)
Start importing Assets/Plugins/Zenject/OptionalExtras/IntegrationTests/SceneTests/TestDestructionOrder/ReadMe.txt using Guid(c82ce31353243894bb0334895d801d5b) Importer(2089858483,0ecaa5967403d082aa24f35e1b516d23) [PhysX] Initialized MultithreadedTaskDispatcher with 12 workers.
 -> (artifact id: 'be11fbde13ce52f3e3fbd2396d512170') in 0.064409 seconds
Number of updated asset objects reloaded before import = 0
Number of asset objects unloaded after import = 1
========================================================================
Received Import Request.
  Time since last request: 0.000018 seconds.
  path: Assets/Plugins/Zenject/OptionalExtras/SampleGame2 (Advanced)/Resources/SpaceFighter/GameSettings.asset
  artifactKey: Guid(91a82aa816bb01d4cb9396481c2614a1) Importer(2089858483,0ecaa5967403d082aa24f35e1b516d23)
Start importing Assets/Plugins/Zenject/OptionalExtras/SampleGame2 (Advanced)/Resources/SpaceFighter/GameSettings.asset using Guid(91a82aa816bb01d4cb9396481c2614a1) Importer(2089858483,0ecaa5967403d082aa24f35e1b516d23) [PhysX] Initialized MultithreadedTaskDispatcher with 12 workers.
 -> (artifact id: 'ee09b48031dc0eb9fd4a0eb5819032a4') in 0.366780 seconds
Number of updated asset objects reloaded before import = 0
Number of asset objects unloaded after import = 33
========================================================================
Received Import Request.
  Time since last request: 0.000021 seconds.
  path: Assets/Plugins/Zenject/OptionalExtras/SampleGame2 (Advanced)/Scripts/Enemy/EnemyCommonSettings.cs
  artifactKey: Guid(28bfa2b5275427041ae8782a2fa41625) Importer(2089858483,0ecaa5967403d082aa24f35e1b516d23)
Start importing Assets/Plugins/Zenject/OptionalExtras/SampleGame2 (Advanced)/Scripts/Enemy/EnemyCommonSettings.cs using Guid(28bfa2b5275427041ae8782a2fa41625) Importer(2089858483,0ecaa5967403d082aa24f35e1b516d23) [PhysX] Initialized MultithreadedTaskDispatcher with 12 workers.
 -> (artifact id: '18ecbea456f232d9c76afa0682581314') in 0.018970 seconds
Number of updated asset objects reloaded before import = 0
Number of asset objects unloaded after import = 1
========================================================================
Received Import Request.
  Time since last request: 0.000026 seconds.
  path: Assets/Plugins/Zenject/OptionalExtras/SampleGame2 (Advanced)/Media/Textures/Flame.psd
  artifactKey: Guid(b260cbc8d9bc048bd8834c7a1b5aed36) Importer(2089858483,0ecaa5967403d082aa24f35e1b516d23)
Start importing Assets/Plugins/Zenject/OptionalExtras/SampleGame2 (Advanced)/Media/Textures/Flame.psd using Guid(b260cbc8d9bc048bd8834c7a1b5aed36) Importer(2089858483,0ecaa5967403d082aa24f35e1b516d23) [PhysX] Initialized MultithreadedTaskDispatcher with 12 workers.
 -> (artifact id: 'e011eaf79f4762dda59b1749657e11f6') in 0.040010 seconds
Number of updated asset objects reloaded before import = 0
Number of asset objects unloaded after import = 1
========================================================================
Received Import Request.
  Time since last request: 0.000019 seconds.
  path: Assets/Plugins/Zenject/OptionalExtras/IntegrationTests/SceneContractTests/AutoLoader/Scene1Installer.cs
  artifactKey: Guid(87c0c38a007bdb941bfe0e49f3be3032) Importer(2089858483,0ecaa5967403d082aa24f35e1b516d23)
Start importing Assets/Plugins/Zenject/OptionalExtras/IntegrationTests/SceneContractTests/AutoLoader/Scene1Installer.cs using Guid(87c0c38a007bdb941bfe0e49f3be3032) Importer(2089858483,0ecaa5967403d082aa24f35e1b516d23) [PhysX] Initialized MultithreadedTaskDispatcher with 12 workers.
 -> (artifact id: '201a9dc474a215c4dcc640fe987dd0ee') in 0.049647 seconds
Number of updated asset objects reloaded before import = 0
Number of asset objects unloaded after import = 1
========================================================================
Received Import Request.
  Time since last request: 0.000017 seconds.
  path: Assets/Plugins/Zenject/OptionalExtras/SampleGame2 (Advanced)/Media/Sounds/explosion.aiff
  artifactKey: Guid(9cb65eb2505fbf443ac876ba177374f9) Importer(2089858483,0ecaa5967403d082aa24f35e1b516d23)
Start importing Assets/Plugins/Zenject/OptionalExtras/SampleGame2 (Advanced)/Media/Sounds/explosion.aiff using Guid(9cb65eb2505fbf443ac876ba177374f9) Importer(2089858483,0ecaa5967403d082aa24f35e1b516d23) [PhysX] Initialized MultithreadedTaskDispatcher with 12 workers.
 -> (artifact id: '7c6bcbe4fa9122018db38c3b5b36dd43') in 0.054423 seconds
Number of updated asset objects reloaded before import = 0
Number of asset objects unloaded after import = 1
========================================================================
Received Import Request.
  Time since last request: 0.000013 seconds.
  path: Assets/Plugins/Zenject/OptionalExtras/SampleGame2 (Advanced)/Scripts/Player/PlayerInputState.cs
  artifactKey: Guid(9f9f53db91ff64e40af5b30b70927e13) Importer(2089858483,0ecaa5967403d082aa24f35e1b516d23)
Start importing Assets/Plugins/Zenject/OptionalExtras/SampleGame2 (Advanced)/Scripts/Player/PlayerInputState.cs using Guid(9f9f53db91ff64e40af5b30b70927e13) Importer(2089858483,0ecaa5967403d082aa24f35e1b516d23) [PhysX] Initialized MultithreadedTaskDispatcher with 12 workers.
 -> (artifact id: '03c522b06c9b0b02c321a56500206d47') in 0.036147 seconds
Number of updated asset objects reloaded before import = 0
Number of asset objects unloaded after import = 1
========================================================================
Received Import Request.
  Time since last request: 0.000015 seconds.
  path: Assets/Plugins/Zenject/OptionalExtras/SampleGame2 (Advanced)/Scripts/Player/PlayerDamageHandler.cs
  artifactKey: Guid(b6cd15ebe0f3c3243af6b6a44d7f2ded) Importer(2089858483,0ecaa5967403d082aa24f35e1b516d23)
Start importing Assets/Plugins/Zenject/OptionalExtras/SampleGame2 (Advanced)/Scripts/Player/PlayerDamageHandler.cs using Guid(b6cd15ebe0f3c3243af6b6a44d7f2ded) Importer(2089858483,0ecaa5967403d082aa24f35e1b516d23) [PhysX] Initialized MultithreadedTaskDispatcher with 12 workers.
 -> (artifact id: '14c980460c3e485ddb924894beb98e07') in 0.017347 seconds
Number of updated asset objects reloaded before import = 0
Number of asset objects unloaded after import = 1
========================================================================
Received Import Request.
  Time since last request: 0.000014 seconds.
  path: Assets/Plugins/Zenject/OptionalExtras/UnitTests/Editor/BindFeatures/TestBindingInheritanceMethod.cs
  artifactKey: Guid(645589d2772852246ac2ea1fd8ee4f92) Importer(2089858483,0ecaa5967403d082aa24f35e1b516d23)
Start importing Assets/Plugins/Zenject/OptionalExtras/UnitTests/Editor/BindFeatures/TestBindingInheritanceMethod.cs using Guid(645589d2772852246ac2ea1fd8ee4f92) Importer(2089858483,0ecaa5967403d082aa24f35e1b516d23) [PhysX] Initialized MultithreadedTaskDispatcher with 12 workers.
 -> (artifact id: '1af7e8748cee3dd6b1bd528a5734697d') in 0.055840 seconds
Number of updated asset objects reloaded before import = 0
Number of asset objects unloaded after import = 1
========================================================================
Received Import Request.
  Time since last request: 0.000016 seconds.
  path: Assets/Plugins/Zenject/OptionalExtras/SampleGame2 (Advanced)/Scripts/Player/PlayerFacade.cs
  artifactKey: Guid(2db4310dd7706af419ae62fb99fac156) Importer(2089858483,0ecaa5967403d082aa24f35e1b516d23)
Start importing Assets/Plugins/Zenject/OptionalExtras/SampleGame2 (Advanced)/Scripts/Player/PlayerFacade.cs using Guid(2db4310dd7706af419ae62fb99fac156) Importer(2089858483,0ecaa5967403d082aa24f35e1b516d23) [PhysX] Initialized MultithreadedTaskDispatcher with 12 workers.
 -> (artifact id: '57e3d22f13f709de826e5421f0621d7b') in 0.018690 seconds
Number of updated asset objects reloaded before import = 0
Number of asset objects unloaded after import = 1
========================================================================
Received Import Request.
  Time since last request: 0.000025 seconds.
  path: Assets/Plugins/Zenject/OptionalExtras/SampleGame2 (Advanced)/Scripts/Player/PlayerDirectionHandler.cs
  artifactKey: Guid(a99d48a043510d549a4f7078a8653233) Importer(2089858483,0ecaa5967403d082aa24f35e1b516d23)
Start importing Assets/Plugins/Zenject/OptionalExtras/SampleGame2 (Advanced)/Scripts/Player/PlayerDirectionHandler.cs using Guid(a99d48a043510d549a4f7078a8653233) Importer(2089858483,0ecaa5967403d082aa24f35e1b516d23) [PhysX] Initialized MultithreadedTaskDispatcher with 12 workers.
 -> (artifact id: 'a10e83b33c629691b9c2fe82575d84f5') in 0.007076 seconds
Number of updated asset objects reloaded before import = 0
Number of asset objects unloaded after import = 1
========================================================================
Received Import Request.
  Time since last request: 0.000018 seconds.
  path: Assets/Plugins/Zenject/OptionalExtras/IntegrationTests/Resources/TestFromResource/TestTexture.png
  artifactKey: Guid(8de083ec593046642b2fa0c94a0bfd21) Importer(2089858483,0ecaa5967403d082aa24f35e1b516d23)
Start importing Assets/Plugins/Zenject/OptionalExtras/IntegrationTests/Resources/TestFromResource/TestTexture.png using Guid(8de083ec593046642b2fa0c94a0bfd21) Importer(2089858483,0ecaa5967403d082aa24f35e1b516d23) [PhysX] Initialized MultithreadedTaskDispatcher with 12 workers.
 -> (artifact id: 'e7d483b5c07f6a1b4e744c99157de39f') in 0.067106 seconds
Number of updated asset objects reloaded before import = 0
Number of asset objects unloaded after import = 1
========================================================================
Received Import Request.
  Time since last request: 0.000015 seconds.
  path: Assets/Plugins/Zenject/OptionalExtras/SampleGame2 (Advanced)/Scripts/Player/PlayerModel.cs
  artifactKey: Guid(08563d6b38c31254692837726a00f677) Importer(2089858483,0ecaa5967403d082aa24f35e1b516d23)
Start importing Assets/Plugins/Zenject/OptionalExtras/SampleGame2 (Advanced)/Scripts/Player/PlayerModel.cs using Guid(08563d6b38c31254692837726a00f677) Importer(2089858483,0ecaa5967403d082aa24f35e1b516d23) [PhysX] Initialized MultithreadedTaskDispatcher with 12 workers.
 -> (artifact id: '1daaa7954a09a9b50c739913b01dabf8') in 0.030940 seconds
Number of updated asset objects reloaded before import = 0
Number of asset objects unloaded after import = 1
========================================================================
Received Import Request.
  Time since last request: 0.000014 seconds.
  path: Assets/Plugins/Zenject/OptionalExtras/IntegrationTests/Resources/TestFromPrefab/GorpAndQux.prefab
  artifactKey: Guid(d4e9c6984a3aba946bdf015abbc6488f) Importer(2089858483,0ecaa5967403d082aa24f35e1b516d23)
Start importing Assets/Plugins/Zenject/OptionalExtras/IntegrationTests/Resources/TestFromPrefab/GorpAndQux.prefab using Guid(d4e9c6984a3aba946bdf015abbc6488f) Importer(2089858483,0ecaa5967403d082aa24f35e1b516d23) [PhysX] Initialized MultithreadedTaskDispatcher with 12 workers.
 -> (artifact id: 'bf5691a1bee50a5a3646386e23007137') in 3.308546 seconds
Number of updated asset objects reloaded before import = 0
Number of asset objects unloaded after import = 6
========================================================================
Received Import Request.
  Time since last request: 0.000016 seconds.
  path: Assets/Plugins/Zenject/OptionalExtras/UnitTests/Editor/Bindings/TestFromMethod.cs
  artifactKey: Guid(2f937d712d2be4042b394985b5b8f441) Importer(2089858483,0ecaa5967403d082aa24f35e1b516d23)
Start importing Assets/Plugins/Zenject/OptionalExtras/UnitTests/Editor/Bindings/TestFromMethod.cs using Guid(2f937d712d2be4042b394985b5b8f441) Importer(2089858483,0ecaa5967403d082aa24f35e1b516d23) [PhysX] Initialized MultithreadedTaskDispatcher with 12 workers.
 -> (artifact id: '5a9c74716c748690bbf2b5c1f9700d75') in 0.308495 seconds
Number of updated asset objects reloaded before import = 0
Number of asset objects unloaded after import = 1
========================================================================
Received Import Request.
  Time since last request: 0.000021 seconds.
  path: Assets/Plugins/Zenject/OptionalExtras/UnitTests/Editor/BindFeatures/TestMoveIntoDirectSubContainers.cs
  artifactKey: Guid(7a57b8b648dfde647b2cc4de6e9ea944) Importer(2089858483,0ecaa5967403d082aa24f35e1b516d23)
Start importing Assets/Plugins/Zenject/OptionalExtras/UnitTests/Editor/BindFeatures/TestMoveIntoDirectSubContainers.cs using Guid(7a57b8b648dfde647b2cc4de6e9ea944) Importer(2089858483,0ecaa5967403d082aa24f35e1b516d23) [PhysX] Initialized MultithreadedTaskDispatcher with 12 workers.
 -> (artifact id: '118ec1fbeb8f2aebc59336a05ff59e1f') in 0.125376 seconds
Number of updated asset objects reloaded before import = 0
Number of asset objects unloaded after import = 1
========================================================================
Received Import Request.
  Time since last request: 0.000017 seconds.
  path: Assets/Plugins/Zenject/OptionalExtras/UnitTests/Editor/Bindings/TestFromSubContainerInstaller.cs
  artifactKey: Guid(0d941aa49ba79854487ffabb59b0a24f) Importer(2089858483,0ecaa5967403d082aa24f35e1b516d23)
Start importing Assets/Plugins/Zenject/OptionalExtras/UnitTests/Editor/Bindings/TestFromSubContainerInstaller.cs using Guid(0d941aa49ba79854487ffabb59b0a24f) Importer(2089858483,0ecaa5967403d082aa24f35e1b516d23) [PhysX] Initialized MultithreadedTaskDispatcher with 12 workers.
 -> (artifact id: 'f22c39d25e48b9ff64315208f28069e4') in 0.115600 seconds
Number of updated asset objects reloaded before import = 0
Number of asset objects unloaded after import = 1
========================================================================
Received Import Request.
  Time since last request: 0.000018 seconds.
  path: Assets/Plugins/Zenject/OptionalExtras/UnitTests/Editor/Bindings/TestFrom.cs
  artifactKey: Guid(6a67145dedecd9947bb94c542f6474ae) Importer(2089858483,0ecaa5967403d082aa24f35e1b516d23)
Start importing Assets/Plugins/Zenject/OptionalExtras/UnitTests/Editor/Bindings/TestFrom.cs using Guid(6a67145dedecd9947bb94c542f6474ae) Importer(2089858483,0ecaa5967403d082aa24f35e1b516d23) [PhysX] Initialized MultithreadedTaskDispatcher with 12 workers.
 -> (artifact id: '53e36ce6b69162fccd1c710c9f068e97') in 0.082393 seconds
Number of updated asset objects reloaded before import = 0
Number of asset objects unloaded after import = 1
========================================================================
Received Import Request.
  Time since last request: 0.000024 seconds.
  path: Assets/Plugins/Zenject/OptionalExtras/UnitTests/Editor/BindFeatures/TestRebind.cs
  artifactKey: Guid(389794c3c2d66a24f9146f9071f398aa) Importer(2089858483,0ecaa5967403d082aa24f35e1b516d23)
Start importing Assets/Plugins/Zenject/OptionalExtras/UnitTests/Editor/BindFeatures/TestRebind.cs using Guid(389794c3c2d66a24f9146f9071f398aa) Importer(2089858483,0ecaa5967403d082aa24f35e1b516d23) [PhysX] Initialized MultithreadedTaskDispatcher with 12 workers.
 -> (artifact id: '6cc103641c2543277895a90ca87d9fe3') in 0.040985 seconds
Number of updated asset objects reloaded before import = 0
Number of asset objects unloaded after import = 1
========================================================================
Received Import Request.
  Time since last request: 0.000016 seconds.
  path: Assets/Plugins/Zenject/OptionalExtras/IntegrationTests/SceneTests/TestDestructionOrder/FooMonoBehaviourUnderSceneContext3.cs
  artifactKey: Guid(136ca26409c551145b089ce06b2860c4) Importer(2089858483,0ecaa5967403d082aa24f35e1b516d23)
Start importing Assets/Plugins/Zenject/OptionalExtras/IntegrationTests/SceneTests/TestDestructionOrder/FooMonoBehaviourUnderSceneContext3.cs using Guid(136ca26409c551145b089ce06b2860c4) Importer(2089858483,0ecaa5967403d082aa24f35e1b516d23) [PhysX] Initialized MultithreadedTaskDispatcher with 12 workers.
 -> (artifact id: '82d07610c81f910f9fd0cecf6f2af4a4') in 0.016218 seconds
Number of updated asset objects reloaded before import = 0
Number of asset objects unloaded after import = 1
========================================================================
Received Import Request.
  Time since last request: 0.000015 seconds.
  path: Assets/Plugins/Zenject/OptionalExtras/IntegrationTests/Installers/TestInstallers/QuxInstaller.cs
  artifactKey: Guid(06dbf735e0bda0047af56033fa90bf9c) Importer(2089858483,0ecaa5967403d082aa24f35e1b516d23)
Start importing Assets/Plugins/Zenject/OptionalExtras/IntegrationTests/Installers/TestInstallers/QuxInstaller.cs using Guid(06dbf735e0bda0047af56033fa90bf9c) Importer(2089858483,0ecaa5967403d082aa24f35e1b516d23) [PhysX] Initialized MultithreadedTaskDispatcher with 12 workers.
 -> (artifact id: '8fe960f4c51a34552bcbfc28f24c5d06') in 0.049606 seconds
Number of updated asset objects reloaded before import = 0
Number of asset objects unloaded after import = 1
========================================================================
Received Import Request.
  Time since last request: 0.000017 seconds.
  path: Assets/Plugins/Zenject/OptionalExtras/SampleGame2 (Advanced)/Scripts/Installers/GameInstaller.cs
  artifactKey: Guid(e432172e250876f4ab278b0d24d58673) Importer(2089858483,0ecaa5967403d082aa24f35e1b516d23)
Start importing Assets/Plugins/Zenject/OptionalExtras/SampleGame2 (Advanced)/Scripts/Installers/GameInstaller.cs using Guid(e432172e250876f4ab278b0d24d58673) Importer(2089858483,0ecaa5967403d082aa24f35e1b516d23) [PhysX] Initialized MultithreadedTaskDispatcher with 12 workers.
 -> (artifact id: 'ce7ebc5b320bcfea9a6517e75cd6aa06') in 0.027071 seconds
Number of updated asset objects reloaded before import = 0
Number of asset objects unloaded after import = 1
========================================================================
Received Import Request.
  Time since last request: 0.000016 seconds.
  path: Assets/Plugins/Zenject/OptionalExtras/IntegrationTests/SceneContractTests/AutoLoader/Scene2.unity
  artifactKey: Guid(e290c5ee5cba76840b3564b4fc30737c) Importer(2089858483,0ecaa5967403d082aa24f35e1b516d23)
Start importing Assets/Plugins/Zenject/OptionalExtras/IntegrationTests/SceneContractTests/AutoLoader/Scene2.unity using Guid(e290c5ee5cba76840b3564b4fc30737c) Importer(2089858483,0ecaa5967403d082aa24f35e1b516d23) [PhysX] Initialized MultithreadedTaskDispatcher with 12 workers.
 -> (artifact id: '8e418b5a8684d0a4e5a26fa598d46bd7') in 0.015801 seconds
Number of updated asset objects reloaded before import = 0
Number of asset objects unloaded after import = 1
========================================================================
Received Import Request.
  Time since last request: 0.000014 seconds.
  path: Assets/Plugins/Zenject/OptionalExtras/SampleGame1 (Beginner)/Scripts/Misc/GuiHandler.cs
  artifactKey: Guid(79984cb687438fd469b84d7e916d0574) Importer(2089858483,0ecaa5967403d082aa24f35e1b516d23)
Start importing Assets/Plugins/Zenject/OptionalExtras/SampleGame1 (Beginner)/Scripts/Misc/GuiHandler.cs using Guid(79984cb687438fd469b84d7e916d0574) Importer(2089858483,0ecaa5967403d082aa24f35e1b516d23) [PhysX] Initialized MultithreadedTaskDispatcher with 12 workers.
 -> (artifact id: '1327364f091b05a4924e6987a2b41a7f') in 0.027840 seconds
Number of updated asset objects reloaded before import = 0
Number of asset objects unloaded after import = 1
========================================================================
Received Import Request.
  Time since last request: 0.000016 seconds.
  path: Assets/Plugins/Zenject/OptionalExtras/UnitTests/Editor/BindFeatures/TestUnbind.cs
  artifactKey: Guid(7bc1066beaa29be488a974f611aadf7f) Importer(2089858483,0ecaa5967403d082aa24f35e1b516d23)
Start importing Assets/Plugins/Zenject/OptionalExtras/UnitTests/Editor/BindFeatures/TestUnbind.cs using Guid(7bc1066beaa29be488a974f611aadf7f) Importer(2089858483,0ecaa5967403d082aa24f35e1b516d23) [PhysX] Initialized MultithreadedTaskDispatcher with 12 workers.
 -> (artifact id: '43e36fec354d36451535bc4b73572302') in 0.018970 seconds
Number of updated asset objects reloaded before import = 0
Number of asset objects unloaded after import = 1
========================================================================
Received Import Request.
  Time since last request: 0.000014 seconds.
  path: Assets/Plugins/Zenject/OptionalExtras/IntegrationTests/Resources/TestFromPrefabResource/Foo.prefab
  artifactKey: Guid(f35ac9a6aa0dab64bafb5461a8fd393a) Importer(2089858483,0ecaa5967403d082aa24f35e1b516d23)
Start importing Assets/Plugins/Zenject/OptionalExtras/IntegrationTests/Resources/TestFromPrefabResource/Foo.prefab using Guid(f35ac9a6aa0dab64bafb5461a8fd393a) Importer(2089858483,0ecaa5967403d082aa24f35e1b516d23) [PhysX] Initialized MultithreadedTaskDispatcher with 12 workers.
 -> (artifact id: '3d71d10ab4d8baa24ba5a8622812de35') in 0.044657 seconds
Number of updated asset objects reloaded before import = 0
Number of asset objects unloaded after import = 6
========================================================================
Received Import Request.
  Time since last request: 0.000017 seconds.
  path: Assets/Plugins/Zenject/OptionalExtras/SampleGame1 (Beginner)/Scripts/Installers/GameSettingsInstaller.cs
  artifactKey: Guid(ed9935f795c01cc498910bae6d24d10a) Importer(2089858483,0ecaa5967403d082aa24f35e1b516d23)
Start importing Assets/Plugins/Zenject/OptionalExtras/SampleGame1 (Beginner)/Scripts/Installers/GameSettingsInstaller.cs using Guid(ed9935f795c01cc498910bae6d24d10a) Importer(2089858483,0ecaa5967403d082aa24f35e1b516d23) [PhysX] Initialized MultithreadedTaskDispatcher with 12 workers.
 -> (artifact id: '045c175b011a62ca7f34061e174ff0f6') in 0.051872 seconds
Number of updated asset objects reloaded before import = 0
Number of asset objects unloaded after import = 1
========================================================================
Received Import Request.
  Time since last request: 0.000027 seconds.
  path: Assets/Plugins/Zenject/OptionalExtras/UnitTests/Editor/Injection/TestPostInjectCall.cs
  artifactKey: Guid(b471b20538748df4a8932877aa7bd2f9) Importer(2089858483,0ecaa5967403d082aa24f35e1b516d23)
Start importing Assets/Plugins/Zenject/OptionalExtras/UnitTests/Editor/Injection/TestPostInjectCall.cs using Guid(b471b20538748df4a8932877aa7bd2f9) Importer(2089858483,0ecaa5967403d082aa24f35e1b516d23) [PhysX] Initialized MultithreadedTaskDispatcher with 12 workers.
 -> (artifact id: '946c91ddcff6656bc14208dce1f3543c') in 0.026388 seconds
Number of updated asset objects reloaded before import = 0
Number of asset objects unloaded after import = 1
========================================================================
Received Import Request.
  Time since last request: 0.000019 seconds.
  path: Assets/Plugins/Zenject/OptionalExtras/UnitTests/Editor/Injection/TestDuplicateInjection.cs
  artifactKey: Guid(68ac954686ff2e04699f2ceefd89a402) Importer(2089858483,0ecaa5967403d082aa24f35e1b516d23)
Start importing Assets/Plugins/Zenject/OptionalExtras/UnitTests/Editor/Injection/TestDuplicateInjection.cs using Guid(68ac954686ff2e04699f2ceefd89a402) Importer(2089858483,0ecaa5967403d082aa24f35e1b516d23) [PhysX] Initialized MultithreadedTaskDispatcher with 12 workers.
 -> (artifact id: '63a003a6b723691da4b7bfe4599e0bab') in 0.019151 seconds
Number of updated asset objects reloaded before import = 0
Number of asset objects unloaded after import = 1
========================================================================
Received Import Request.
  Time since last request: 0.000014 seconds.
  path: Assets/Plugins/Zenject/OptionalExtras/UnitTests/Editor/Injection/TestNullableValues.cs
  artifactKey: Guid(9adcc99fb99e8954c84b0f32060eeead) Importer(2089858483,0ecaa5967403d082aa24f35e1b516d23)
Start importing Assets/Plugins/Zenject/OptionalExtras/UnitTests/Editor/Injection/TestNullableValues.cs using Guid(9adcc99fb99e8954c84b0f32060eeead) Importer(2089858483,0ecaa5967403d082aa24f35e1b516d23) [PhysX] Initialized MultithreadedTaskDispatcher with 12 workers.
 -> (artifact id: 'd7b6177d286c2508e3c3ebd890827c0e') in 0.016708 seconds
Number of updated asset objects reloaded before import = 0
Number of asset objects unloaded after import = 1
========================================================================
Received Import Request.
  Time since last request: 0.000019 seconds.
  path: Assets/Plugins/Zenject/OptionalExtras/UnitTests/Editor/Injection/TestBaseClassPropertyInjection.cs
  artifactKey: Guid(444583e94b8faf74c823354f8352eb23) Importer(2089858483,0ecaa5967403d082aa24f35e1b516d23)
Start importing Assets/Plugins/Zenject/OptionalExtras/UnitTests/Editor/Injection/TestBaseClassPropertyInjection.cs using Guid(444583e94b8faf74c823354f8352eb23) Importer(2089858483,0ecaa5967403d082aa24f35e1b516d23) [PhysX] Initialized MultithreadedTaskDispatcher with 12 workers.
 -> (artifact id: 'd5855332f9a71c70a327bd9ea9cee925') in 0.046913 seconds
Number of updated asset objects reloaded before import = 0
Number of asset objects unloaded after import = 1
========================================================================
Received Import Request.
  Time since last request: 0.000017 seconds.
  path: Assets/Plugins/Zenject/OptionalExtras/UnitTests/Editor/Conventions/Foo.cs
  artifactKey: Guid(df03d112f1cade745b9c6eb4344fc519) Importer(2089858483,0ecaa5967403d082aa24f35e1b516d23)
Start importing Assets/Plugins/Zenject/OptionalExtras/UnitTests/Editor/Conventions/Foo.cs using Guid(df03d112f1cade745b9c6eb4344fc519) Importer(2089858483,0ecaa5967403d082aa24f35e1b516d23) [PhysX] Initialized MultithreadedTaskDispatcher with 12 workers.
 -> (artifact id: '051db56765a06939ca31e894fc3658ea') in 0.019001 seconds
Number of updated asset objects reloaded before import = 0
Number of asset objects unloaded after import = 1
========================================================================
Received Import Request.
  Time since last request: 0.000015 seconds.
  path: Assets/Plugins/Zenject/OptionalExtras/UnitTests/Editor/Conditions/TestConditionsTarget.cs
  artifactKey: Guid(fa53be31526be634795d3b724199e7ea) Importer(2089858483,0ecaa5967403d082aa24f35e1b516d23)
Start importing Assets/Plugins/Zenject/OptionalExtras/UnitTests/Editor/Conditions/TestConditionsTarget.cs using Guid(fa53be31526be634795d3b724199e7ea) Importer(2089858483,0ecaa5967403d082aa24f35e1b516d23) [PhysX] Initialized MultithreadedTaskDispatcher with 12 workers.
 -> (artifact id: '64f30ee6b12c8f1ad7531b4545f812aa') in 0.031525 seconds
Number of updated asset objects reloaded before import = 0
Number of asset objects unloaded after import = 1
========================================================================
Received Import Request.
  Time since last request: 0.000015 seconds.
  path: Assets/Plugins/Zenject/OptionalExtras/UnitTests/Editor/Injection/TestPropertyInjection.cs
  artifactKey: Guid(e73445afb1e143e4d83dccc220517a72) Importer(2089858483,0ecaa5967403d082aa24f35e1b516d23)
Start importing Assets/Plugins/Zenject/OptionalExtras/UnitTests/Editor/Injection/TestPropertyInjection.cs using Guid(e73445afb1e143e4d83dccc220517a72) Importer(2089858483,0ecaa5967403d082aa24f35e1b516d23) [PhysX] Initialized MultithreadedTaskDispatcher with 12 workers.
 -> (artifact id: 'edae6a905f9caadddb05993d0b2104da') in 0.052269 seconds
Number of updated asset objects reloaded before import = 0
Number of asset objects unloaded after import = 1
========================================================================
Received Import Request.
  Time since last request: 0.000021 seconds.
  path: Assets/Plugins/Zenject/OptionalExtras/UnitTests/Editor/Injection/TestListInjection.cs
  artifactKey: Guid(d5b86b3c904d43145a9afbd7f8a0cb13) Importer(2089858483,0ecaa5967403d082aa24f35e1b516d23)
Start importing Assets/Plugins/Zenject/OptionalExtras/UnitTests/Editor/Injection/TestListInjection.cs using Guid(d5b86b3c904d43145a9afbd7f8a0cb13) Importer(2089858483,0ecaa5967403d082aa24f35e1b516d23) [PhysX] Initialized MultithreadedTaskDispatcher with 12 workers.
 -> (artifact id: '35ea82eef9f96031f288702526e89555') in 0.076916 seconds
Number of updated asset objects reloaded before import = 0
Number of asset objects unloaded after import = 1
========================================================================
Received Import Request.
  Time since last request: 0.000026 seconds.
  path: Assets/Plugins/Zenject/OptionalExtras/UnitTests/Editor/BindFeatures/TestWithArguments.cs
  artifactKey: Guid(a9729dccd0a5529458a8ef18263587ae) Importer(2089858483,0ecaa5967403d082aa24f35e1b516d23)
Start importing Assets/Plugins/Zenject/OptionalExtras/UnitTests/Editor/BindFeatures/TestWithArguments.cs using Guid(a9729dccd0a5529458a8ef18263587ae) Importer(2089858483,0ecaa5967403d082aa24f35e1b516d23) [PhysX] Initialized MultithreadedTaskDispatcher with 12 workers.
 -> (artifact id: '55ad420119ad58b8869f1677164bb660') in 0.018542 seconds
Number of updated asset objects reloaded before import = 0
Number of asset objects unloaded after import = 1
========================================================================
Received Import Request.
  Time since last request: 0.000016 seconds.
  path: Assets/Plugins/Zenject/OptionalExtras/SampleGame1 (Beginner)/Media/Physics/Default.physicMaterial
  artifactKey: Guid(19e1775e0162387408a846a5e92cc2c2) Importer(2089858483,0ecaa5967403d082aa24f35e1b516d23)
Start importing Assets/Plugins/Zenject/OptionalExtras/SampleGame1 (Beginner)/Media/Physics/Default.physicMaterial using Guid(19e1775e0162387408a846a5e92cc2c2) Importer(2089858483,0ecaa5967403d082aa24f35e1b516d23) [PhysX] Initialized MultithreadedTaskDispatcher with 12 workers.
 -> (artifact id: '828168eca82ef30fa7fa0c33c206b900') in 0.018553 seconds
Number of updated asset objects reloaded before import = 0
Number of asset objects unloaded after import = 1
========================================================================
Received Import Request.
  Time since last request: 0.000015 seconds.
  path: Assets/Plugins/Zenject/OptionalExtras/IntegrationTests/SceneContractTests/AutoLoader/Scene3Installer.cs
  artifactKey: Guid(6cf76217d15f13a498115eb20027807b) Importer(2089858483,0ecaa5967403d082aa24f35e1b516d23)
Start importing Assets/Plugins/Zenject/OptionalExtras/IntegrationTests/SceneContractTests/AutoLoader/Scene3Installer.cs using Guid(6cf76217d15f13a498115eb20027807b) Importer(2089858483,0ecaa5967403d082aa24f35e1b516d23) [PhysX] Initialized MultithreadedTaskDispatcher with 12 workers.
 -> (artifact id: 'a0aec38e5205bfe325087e69199f67e2') in 0.046930 seconds
Number of updated asset objects reloaded before import = 0
Number of asset objects unloaded after import = 1
========================================================================
Received Import Request.
  Time since last request: 0.000013 seconds.
  path: Assets/Plugins/Zenject/OptionalExtras/IntegrationTests/Misc/TestAnimationStateBehaviourInject/StateBehaviour1.cs
  artifactKey: Guid(1f499d32999f20c43916ca767c8a2721) Importer(2089858483,0ecaa5967403d082aa24f35e1b516d23)
Start importing Assets/Plugins/Zenject/OptionalExtras/IntegrationTests/Misc/TestAnimationStateBehaviourInject/StateBehaviour1.cs using Guid(1f499d32999f20c43916ca767c8a2721) Importer(2089858483,0ecaa5967403d082aa24f35e1b516d23) [PhysX] Initialized MultithreadedTaskDispatcher with 12 workers.
 -> (artifact id: '51ffe27e5ea21dd16bae927b56986a5b') in 0.020347 seconds
Number of updated asset objects reloaded before import = 0
Number of asset objects unloaded after import = 1
========================================================================
Received Import Request.
  Time since last request: 0.000015 seconds.
  path: Assets/Plugins/Zenject/OptionalExtras/IntegrationTests/Resources/TestDiContainerMethods/Foo.prefab
  artifactKey: Guid(d193bc261e49cce4eb82e05b80485388) Importer(2089858483,0ecaa5967403d082aa24f35e1b516d23)
Start importing Assets/Plugins/Zenject/OptionalExtras/IntegrationTests/Resources/TestDiContainerMethods/Foo.prefab using Guid(d193bc261e49cce4eb82e05b80485388) Importer(2089858483,0ecaa5967403d082aa24f35e1b516d23) [PhysX] Initialized MultithreadedTaskDispatcher with 12 workers.
 -> (artifact id: 'a3783f5aaa322b392247a3037635b9ff') in 0.034274 seconds
Number of updated asset objects reloaded before import = 0
Number of asset objects unloaded after import = 5
========================================================================
Received Import Request.
  Time since last request: 0.000021 seconds.
  path: Assets/Plugins/Zenject/OptionalExtras/SampleGame1 (Beginner)/Media/Textures/stars.jpg
  artifactKey: Guid(d1e4a3e1339b0c84197ec2fe60c41ed6) Importer(2089858483,0ecaa5967403d082aa24f35e1b516d23)
Start importing Assets/Plugins/Zenject/OptionalExtras/SampleGame1 (Beginner)/Media/Textures/stars.jpg using Guid(d1e4a3e1339b0c84197ec2fe60c41ed6) Importer(2089858483,0ecaa5967403d082aa24f35e1b516d23) [PhysX] Initialized MultithreadedTaskDispatcher with 12 workers.
 -> (artifact id: 'f3ea0a89bdaf77805a7e562e7eb0013f') in 0.180408 seconds
Number of updated asset objects reloaded before import = 0
Number of asset objects unloaded after import = 1
========================================================================
Received Import Request.
  Time since last request: 0.000018 seconds.
  path: Assets/Plugins/Zenject/OptionalExtras/UnitTests/Editor/MemoryPool/TestMemoryPoolCustomFactory.cs
  artifactKey: Guid(8379f1a96bdcecb4e9cd40975f9c898d) Importer(2089858483,0ecaa5967403d082aa24f35e1b516d23)
Start importing Assets/Plugins/Zenject/OptionalExtras/UnitTests/Editor/MemoryPool/TestMemoryPoolCustomFactory.cs using Guid(8379f1a96bdcecb4e9cd40975f9c898d) Importer(2089858483,0ecaa5967403d082aa24f35e1b516d23) [PhysX] Initialized MultithreadedTaskDispatcher with 12 workers.
 -> (artifact id: '40d55b9f788ccf94c443204500d42b9e') in 0.029094 seconds
Number of updated asset objects reloaded before import = 0
Number of asset objects unloaded after import = 1
========================================================================
Received Import Request.
  Time since last request: 0.000035 seconds.
  path: Assets/Plugins/Zenject/OptionalExtras/UnitTests/Editor/Other/TestAllocs.cs
  artifactKey: Guid(6935919ae38269447a54f963952ce929) Importer(2089858483,0ecaa5967403d082aa24f35e1b516d23)
Start importing Assets/Plugins/Zenject/OptionalExtras/UnitTests/Editor/Other/TestAllocs.cs using Guid(6935919ae38269447a54f963952ce929) Importer(2089858483,0ecaa5967403d082aa24f35e1b516d23) [PhysX] Initialized MultithreadedTaskDispatcher with 12 workers.
 -> (artifact id: 'e923d29903b610602ede68f98e9d6fc6') in 0.029217 seconds
Number of updated asset objects reloaded before import = 0
Number of asset objects unloaded after import = 1
========================================================================
Received Import Request.
  Time since last request: 0.000017 seconds.
  path: Assets/Plugins/Zenject/OptionalExtras/UnitTests/Editor/Other/TestLazy.cs
  artifactKey: Guid(cd58ae826c869c849a16a72b99a4c984) Importer(2089858483,0ecaa5967403d082aa24f35e1b516d23)
Start importing Assets/Plugins/Zenject/OptionalExtras/UnitTests/Editor/Other/TestLazy.cs using Guid(cd58ae826c869c849a16a72b99a4c984) Importer(2089858483,0ecaa5967403d082aa24f35e1b516d23) [PhysX] Initialized MultithreadedTaskDispatcher with 12 workers.
 -> (artifact id: '705ca02066f31dcfaec241ccaa6bff4b') in 0.030076 seconds
Number of updated asset objects reloaded before import = 0
Number of asset objects unloaded after import = 1
========================================================================
Received Import Request.
  Time since last request: 0.000015 seconds.
  path: Assets/Plugins/Zenject/OptionalExtras/UnitTests/Editor/Other/TestFactoryMemoryPoolCustomInterface.cs
  artifactKey: Guid(3cca63c83328cfd4693f06f559c762ec) Importer(2089858483,0ecaa5967403d082aa24f35e1b516d23)
Start importing Assets/Plugins/Zenject/OptionalExtras/UnitTests/Editor/Other/TestFactoryMemoryPoolCustomInterface.cs using Guid(3cca63c83328cfd4693f06f559c762ec) Importer(2089858483,0ecaa5967403d082aa24f35e1b516d23) [PhysX] Initialized MultithreadedTaskDispatcher with 12 workers.
 -> (artifact id: 'd127619da5a1c80a4e332fff8caf94d5') in 0.009045 seconds
Number of updated asset objects reloaded before import = 0
Number of asset objects unloaded after import = 1
========================================================================
Received Import Request.
  Time since last request: 0.000017 seconds.
  path: Assets/Plugins/Zenject/OptionalExtras/UnitTests/Editor/Signals/TestAsyncSignals.cs
  artifactKey: Guid(ae6347214d2fec34faa73c79172f642d) Importer(2089858483,0ecaa5967403d082aa24f35e1b516d23)
Start importing Assets/Plugins/Zenject/OptionalExtras/UnitTests/Editor/Signals/TestAsyncSignals.cs using Guid(ae6347214d2fec34faa73c79172f642d) Importer(2089858483,0ecaa5967403d082aa24f35e1b516d23) [PhysX] Initialized MultithreadedTaskDispatcher with 12 workers.
 -> (artifact id: '459cbf03941417d7ca93a6847b892b8d') in 0.022105 seconds
Number of updated asset objects reloaded before import = 0
Number of asset objects unloaded after import = 1
========================================================================
Received Import Request.
  Time since last request: 0.000017 seconds.
  path: Assets/Plugins/Zenject/OptionalExtras/UnitTests/Editor/Other/TestKeyedFactoryExample.cs
  artifactKey: Guid(c2095fa27bc74d346a34ccfe39d21464) Importer(2089858483,0ecaa5967403d082aa24f35e1b516d23)
Start importing Assets/Plugins/Zenject/OptionalExtras/UnitTests/Editor/Other/TestKeyedFactoryExample.cs using Guid(c2095fa27bc74d346a34ccfe39d21464) Importer(2089858483,0ecaa5967403d082aa24f35e1b516d23) [PhysX] Initialized MultithreadedTaskDispatcher with 12 workers.
 -> (artifact id: '4a6d787075ee9ed0424e67c4b4406974') in 0.145492 seconds
Number of updated asset objects reloaded before import = 0
Number of asset objects unloaded after import = 1
========================================================================
Received Import Request.
  Time since last request: 0.000019 seconds.
  path: Assets/Plugins/Zenject/OptionalExtras/UnitTests/Editor/MemoryPool/TestFromPoolableMemoryPoolOne.cs
  artifactKey: Guid(0290781678baa694491808cbbb4365b0) Importer(2089858483,0ecaa5967403d082aa24f35e1b516d23)
Start importing Assets/Plugins/Zenject/OptionalExtras/UnitTests/Editor/MemoryPool/TestFromPoolableMemoryPoolOne.cs using Guid(0290781678baa694491808cbbb4365b0) Importer(2089858483,0ecaa5967403d082aa24f35e1b516d23) [PhysX] Initialized MultithreadedTaskDispatcher with 12 workers.
 -> (artifact id: 'd795e21ef435f6d806527b2274bcf3a5') in 0.014696 seconds
Number of updated asset objects reloaded before import = 0
Number of asset objects unloaded after import = 1
========================================================================
Received Import Request.
  Time since last request: 0.000024 seconds.
  path: Assets/Plugins/Zenject/OptionalExtras/UnitTests/Editor/Other/TestClearCacheProvider.cs
  artifactKey: Guid(60fe740f61f8eb340988d68157f7ec18) Importer(2089858483,0ecaa5967403d082aa24f35e1b516d23)
Start importing Assets/Plugins/Zenject/OptionalExtras/UnitTests/Editor/Other/TestClearCacheProvider.cs using Guid(60fe740f61f8eb340988d68157f7ec18) Importer(2089858483,0ecaa5967403d082aa24f35e1b516d23) [PhysX] Initialized MultithreadedTaskDispatcher with 12 workers.
 -> (artifact id: '1c38d2f085e71ebc514bb4f31b9dc34a') in 0.042304 seconds
Number of updated asset objects reloaded before import = 0
Number of asset objects unloaded after import = 1
========================================================================
Received Import Request.
  Time since last request: 0.000021 seconds.
  path: Assets/Plugins/Zenject/OptionalExtras/UnitTests/Editor/Signals/TestSignalRuntimeDeclaration.cs
  artifactKey: Guid(d126648ba38c37f4bbd46176fd19e72a) Importer(2089858483,0ecaa5967403d082aa24f35e1b516d23)
Start importing Assets/Plugins/Zenject/OptionalExtras/UnitTests/Editor/Signals/TestSignalRuntimeDeclaration.cs using Guid(d126648ba38c37f4bbd46176fd19e72a) Importer(2089858483,0ecaa5967403d082aa24f35e1b516d23) [PhysX] Initialized MultithreadedTaskDispatcher with 12 workers.
 -> (artifact id: 'cc631f2de89aab5d7b926dc0c7ce9bc3') in 0.027023 seconds
Number of updated asset objects reloaded before import = 0
Number of asset objects unloaded after import = 1
========================================================================
Received Import Request.
  Time since last request: 0.000014 seconds.
  path: Assets/Plugins/Zenject/OptionalExtras/UnitTests/Editor/Other/TestCircularDependencies.cs
  artifactKey: Guid(42f3a9d60487be74a953056c109c0f8f) Importer(2089858483,0ecaa5967403d082aa24f35e1b516d23)
Start importing Assets/Plugins/Zenject/OptionalExtras/UnitTests/Editor/Other/TestCircularDependencies.cs using Guid(42f3a9d60487be74a953056c109c0f8f) Importer(2089858483,0ecaa5967403d082aa24f35e1b516d23) [PhysX] Initialized MultithreadedTaskDispatcher with 12 workers.
 -> (artifact id: 'e11bbba100930d429b5d0ebda715773d') in 0.015976 seconds
Number of updated asset objects reloaded before import = 0
Number of asset objects unloaded after import = 1
========================================================================
Received Import Request.
  Time since last request: 0.000017 seconds.
  path: Assets/Plugins/Zenject/OptionalExtras/UnitTests/Editor/Signals/TestSignals1.cs
  artifactKey: Guid(5d50d2db331ed4b46b395d73e2032024) Importer(2089858483,0ecaa5967403d082aa24f35e1b516d23)
Start importing Assets/Plugins/Zenject/OptionalExtras/UnitTests/Editor/Signals/TestSignals1.cs using Guid(5d50d2db331ed4b46b395d73e2032024) Importer(2089858483,0ecaa5967403d082aa24f35e1b516d23) [PhysX] Initialized MultithreadedTaskDispatcher with 12 workers.
 -> (artifact id: '19a95f8cf013ce52766c3b5e8151ccdc') in 0.020565 seconds
Number of updated asset objects reloaded before import = 0
Number of asset objects unloaded after import = 1
========================================================================
Received Import Request.
  Time since last request: 0.000014 seconds.
  path: Assets/Plugins/Zenject/Source/Binding/Binders/ConcreteBinders/ConcreteBinderNonGeneric.cs
  artifactKey: Guid(b04935d23b1499e42a242d63a3fe248b) Importer(2089858483,0ecaa5967403d082aa24f35e1b516d23)
Start importing Assets/Plugins/Zenject/Source/Binding/Binders/ConcreteBinders/ConcreteBinderNonGeneric.cs using Guid(b04935d23b1499e42a242d63a3fe248b) Importer(2089858483,0ecaa5967403d082aa24f35e1b516d23) [PhysX] Initialized MultithreadedTaskDispatcher with 12 workers.
 -> (artifact id: '941c8f9604dee7b48dc03e3cfa43136e') in 0.019107 seconds
Number of updated asset objects reloaded before import = 0
Number of asset objects unloaded after import = 1
========================================================================
Received Import Request.
  Time since last request: 0.000015 seconds.
  path: Assets/Plugins/Zenject/Source/Providers/ComponentProviders/AddToGameObjectComponentProviders/AddToGameObjectComponentProviderBase.cs
  artifactKey: Guid(d818f8110e5b31d4eb27001e5c5b3eb9) Importer(2089858483,0ecaa5967403d082aa24f35e1b516d23)
Start importing Assets/Plugins/Zenject/Source/Providers/ComponentProviders/AddToGameObjectComponentProviders/AddToGameObjectComponentProviderBase.cs using Guid(d818f8110e5b31d4eb27001e5c5b3eb9) Importer(2089858483,0ecaa5967403d082aa24f35e1b516d23) [PhysX] Initialized MultithreadedTaskDispatcher with 12 workers.
 -> (artifact id: '45b218797cf6c2a1c9ea711926a06a4e') in 0.039998 seconds
Number of updated asset objects reloaded before import = 0
Number of asset objects unloaded after import = 1
========================================================================
Received Import Request.
  Time since last request: 0.000016 seconds.
  path: Assets/Plugins/Zenject/Source/Binding/Binders/GameObject/TransformScopeConcreteIdArgConditionCopyNonLazyBinder.cs
  artifactKey: Guid(d6441d2557329b14b8a80a6d3c490e9b) Importer(2089858483,0ecaa5967403d082aa24f35e1b516d23)
Start importing Assets/Plugins/Zenject/Source/Binding/Binders/GameObject/TransformScopeConcreteIdArgConditionCopyNonLazyBinder.cs using Guid(d6441d2557329b14b8a80a6d3c490e9b) Importer(2089858483,0ecaa5967403d082aa24f35e1b516d23) [PhysX] Initialized MultithreadedTaskDispatcher with 12 workers.
 -> (artifact id: 'f8e3ee09285ccb3cea070b8bee35e035') in 0.056788 seconds
Number of updated asset objects reloaded before import = 0
Number of asset objects unloaded after import = 1
========================================================================
Received Import Request.
  Time since last request: 0.000026 seconds.
  path: Assets/Systems/Objects/Rooms/RoomPart/Door/RoomPartObject/Door1.mat
  artifactKey: Guid(4aa8f16fa96f9304f96ece460d95c342) Importer(2089858483,0ecaa5967403d082aa24f35e1b516d23)
Start importing Assets/Systems/Objects/Rooms/RoomPart/Door/RoomPartObject/Door1.mat using Guid(4aa8f16fa96f9304f96ece460d95c342) Importer(2089858483,0ecaa5967403d082aa24f35e1b516d23) [PhysX] Initialized MultithreadedTaskDispatcher with 12 workers.
 -> (artifact id: 'f862316eec2d09eb1b2270070ff4df7d') in 0.050745 seconds
Number of updated asset objects reloaded before import = 0
Number of asset objects unloaded after import = 2
========================================================================
Received Import Request.
  Time since last request: 0.000020 seconds.
  path: Assets/Plugins/Zenject/Source/Binding/Binders/FromBinders/FromBinderGeneric.cs
  artifactKey: Guid(97eaa55248b4c824a887df4db7cf888d) Importer(2089858483,0ecaa5967403d082aa24f35e1b516d23)
Start importing Assets/Plugins/Zenject/Source/Binding/Binders/FromBinders/FromBinderGeneric.cs using Guid(97eaa55248b4c824a887df4db7cf888d) Importer(2089858483,0ecaa5967403d082aa24f35e1b516d23) [PhysX] Initialized MultithreadedTaskDispatcher with 12 workers.
 -> (artifact id: 'ae5d1bb303864077e165ffd86cca9f31') in 0.030550 seconds
Number of updated asset objects reloaded before import = 0
Number of asset objects unloaded after import = 1
========================================================================
Received Import Request.
  Time since last request: 0.000018 seconds.
  path: Assets/Plugins/Zenject/OptionalExtras/UnitTests/Editor/Other/TestGenericContract.cs
  artifactKey: Guid(af3b7f56a09aaa04c8eedd4f6c11945c) Importer(2089858483,0ecaa5967403d082aa24f35e1b516d23)
Start importing Assets/Plugins/Zenject/OptionalExtras/UnitTests/Editor/Other/TestGenericContract.cs using Guid(af3b7f56a09aaa04c8eedd4f6c11945c) Importer(2089858483,0ecaa5967403d082aa24f35e1b516d23) [PhysX] Initialized MultithreadedTaskDispatcher with 12 workers.
 -> (artifact id: '503a09eb498d6d9b8f39e0300eefdc0e') in 0.026096 seconds
Number of updated asset objects reloaded before import = 0
Number of asset objects unloaded after import = 1
========================================================================
Received Import Request.
  Time since last request: 0.000019 seconds.
  path: Assets/Plugins/Zenject/Source/Binding/Binders/GameObject/NameTransformScopeConcreteIdArgConditionCopyNonLazyBinder.cs
  artifactKey: Guid(74c9bb72aa7484d49a39760d2246f1a3) Importer(2089858483,0ecaa5967403d082aa24f35e1b516d23)
Start importing Assets/Plugins/Zenject/Source/Binding/Binders/GameObject/NameTransformScopeConcreteIdArgConditionCopyNonLazyBinder.cs using Guid(74c9bb72aa7484d49a39760d2246f1a3) Importer(2089858483,0ecaa5967403d082aa24f35e1b516d23) [PhysX] Initialized MultithreadedTaskDispatcher with 12 workers.
 -> (artifact id: '704cddb7aa6b619cc3443d76bfbd8f84') in 0.016772 seconds
Number of updated asset objects reloaded before import = 0
Number of asset objects unloaded after import = 1
========================================================================
Received Import Request.
  Time since last request: 0.000018 seconds.
  path: Assets/Plugins/Zenject/Source/Binding/Binders/Conventions/ConventionBindInfo.cs
  artifactKey: Guid(f1e908965ce63ab40b271724cb5490aa) Importer(2089858483,0ecaa5967403d082aa24f35e1b516d23)
Start importing Assets/Plugins/Zenject/Source/Binding/Binders/Conventions/ConventionBindInfo.cs using Guid(f1e908965ce63ab40b271724cb5490aa) Importer(2089858483,0ecaa5967403d082aa24f35e1b516d23) [PhysX] Initialized MultithreadedTaskDispatcher with 12 workers.
 -> (artifact id: 'cb1e654c1de11f34616ca2f29d3d6bbf') in 0.043219 seconds
Number of updated asset objects reloaded before import = 0
Number of asset objects unloaded after import = 1
========================================================================
Received Import Request.
  Time since last request: 0.000017 seconds.
  path: Assets/Plugins/Zenject/OptionalExtras/UnitTests/Editor/Util/TestListComparer.cs
  artifactKey: Guid(bf5f121e858986e43bb2591c885b5507) Importer(2089858483,0ecaa5967403d082aa24f35e1b516d23)
Start importing Assets/Plugins/Zenject/OptionalExtras/UnitTests/Editor/Util/TestListComparer.cs using Guid(bf5f121e858986e43bb2591c885b5507) Importer(2089858483,0ecaa5967403d082aa24f35e1b516d23) [PhysX] Initialized MultithreadedTaskDispatcher with 12 workers.
 -> (artifact id: '4cf17b2240d397f39c1d6b126eeaec99') in 0.019645 seconds
Number of updated asset objects reloaded before import = 0
Number of asset objects unloaded after import = 1
========================================================================
Received Import Request.
  Time since last request: 0.000048 seconds.
  path: Assets/Systems/Objects/Rooms/RoomPart/Door/RoomPartObject/DoorRoomPart.cs
  artifactKey: Guid(172d200eafd654046a12c5ea0346ad7f) Importer(2089858483,0ecaa5967403d082aa24f35e1b516d23)
Start importing Assets/Systems/Objects/Rooms/RoomPart/Door/RoomPartObject/DoorRoomPart.cs using Guid(172d200eafd654046a12c5ea0346ad7f) Importer(2089858483,0ecaa5967403d082aa24f35e1b516d23) [PhysX] Initialized MultithreadedTaskDispatcher with 12 workers.
 -> (artifact id: '5bc2d352d6737a8e15ce17359f43ef1f') in 0.423612 seconds
Number of updated asset objects reloaded before import = 0
Number of asset objects unloaded after import = 1
========================================================================
Received Import Request.
  Time since last request: 0.000017 seconds.
  path: Assets/Systems/Objects/Rooms/RoomPart/Empty/RoomPartObject/EmptyRoomPart.cs
  artifactKey: Guid(95ec5e5f25127224d89f059f01cc56f2) Importer(2089858483,0ecaa5967403d082aa24f35e1b516d23)
Start importing Assets/Systems/Objects/Rooms/RoomPart/Empty/RoomPartObject/EmptyRoomPart.cs using Guid(95ec5e5f25127224d89f059f01cc56f2) Importer(2089858483,0ecaa5967403d082aa24f35e1b516d23) [PhysX] Initialized MultithreadedTaskDispatcher with 12 workers.
 -> (artifact id: '79f8ef8948ac1dd99b236b485e7e0fae') in 0.015804 seconds
Number of updated asset objects reloaded before import = 0
Number of asset objects unloaded after import = 1
========================================================================
Received Import Request.
  Time since last request: 0.000028 seconds.
  path: Assets/Systems/Objects/Rooms/RoomPart/Wall/RoomPartObject/Wall.prefab
  artifactKey: Guid(0489310def65c7846a401a33a5ce134b) Importer(2089858483,0ecaa5967403d082aa24f35e1b516d23)
Start importing Assets/Systems/Objects/Rooms/RoomPart/Wall/RoomPartObject/Wall.prefab using Guid(0489310def65c7846a401a33a5ce134b) Importer(2089858483,0ecaa5967403d082aa24f35e1b516d23) [PhysX] Initialized MultithreadedTaskDispatcher with 12 workers.
 -> (artifact id: 'f96fbc7c77be7f19662b7ace92c49d3a') in 0.052531 seconds
Number of updated asset objects reloaded before import = 0
Number of asset objects unloaded after import = 31
========================================================================
Received Import Request.
  Time since last request: 0.000016 seconds.
  path: Assets/Systems/Objects/Rooms/RoomPart/Room/Instances/olive-greenstripedtextile-none-o0zaon-1200.jpg
  artifactKey: Guid(5876d26b544db144085539a3a2830dbf) Importer(2089858483,0ecaa5967403d082aa24f35e1b516d23)
Start importing Assets/Systems/Objects/Rooms/RoomPart/Room/Instances/olive-greenstripedtextile-none-o0zaon-1200.jpg using Guid(5876d26b544db144085539a3a2830dbf) Importer(2089858483,0ecaa5967403d082aa24f35e1b516d23) [PhysX] Initialized MultithreadedTaskDispatcher with 12 workers.
 -> (artifact id: '30c26704e7f17b5ad71074ec09072d39') in 0.033798 seconds
Number of updated asset objects reloaded before import = 0
Number of asset objects unloaded after import = 1
========================================================================
Received Import Request.
  Time since last request: 0.000018 seconds.
  path: Assets/Systems/Objects/Rooms/RoomPart/Wall/RoomPartObject/WallRoomPart.cs
  artifactKey: Guid(39fa8e73cc700e24bb7f6ffdf2621644) Importer(2089858483,0ecaa5967403d082aa24f35e1b516d23)
Start importing Assets/Systems/Objects/Rooms/RoomPart/Wall/RoomPartObject/WallRoomPart.cs using Guid(39fa8e73cc700e24bb7f6ffdf2621644) Importer(2089858483,0ecaa5967403d082aa24f35e1b516d23) [PhysX] Initialized MultithreadedTaskDispatcher with 12 workers.
 -> (artifact id: 'e7eaffea3b0f3dd2af2e625784ae86ca') in 0.020752 seconds
Number of updated asset objects reloaded before import = 0
Number of asset objects unloaded after import = 1
========================================================================
Received Import Request.
  Time since last request: 0.000015 seconds.
  path: Assets/Systems/Objects/Rooms/RoomPart/Window/RoomPartObject/window2.mat
  artifactKey: Guid(62cd05cbf218f554c9891f6b5ed5a6cd) Importer(2089858483,0ecaa5967403d082aa24f35e1b516d23)
Start importing Assets/Systems/Objects/Rooms/RoomPart/Window/RoomPartObject/window2.mat using Guid(62cd05cbf218f554c9891f6b5ed5a6cd) Importer(2089858483,0ecaa5967403d082aa24f35e1b516d23) [PhysX] Initialized MultithreadedTaskDispatcher with 12 workers.
 -> (artifact id: '7dfadd9e493cd3a082ec1b17ef6b497c') in 0.010689 seconds
Number of updated asset objects reloaded before import = 0
Number of asset objects unloaded after import = 2
========================================================================
Received Import Request.
  Time since last request: 0.000016 seconds.
  path: Assets/Systems/Objects/Rooms/RoomPart/Wall/RoomPartObject/RoomPartWall.prefab
  artifactKey: Guid(46566ffdc815b3442be96ddc830ec0bf) Importer(2089858483,0ecaa5967403d082aa24f35e1b516d23)
Start importing Assets/Systems/Objects/Rooms/RoomPart/Wall/RoomPartObject/RoomPartWall.prefab using Guid(46566ffdc815b3442be96ddc830ec0bf) Importer(2089858483,0ecaa5967403d082aa24f35e1b516d23) [PhysX] Initialized MultithreadedTaskDispatcher with 12 workers.
 -> (artifact id: '76da7a330fca6d44c108f06738756d54') in 0.091178 seconds
Number of updated asset objects reloaded before import = 0
Number of asset objects unloaded after import = 66
========================================================================
Received Import Request.
  Time since last request: 0.000015 seconds.
  path: Assets/Systems/Objects/Rooms/RoomPart/Room/Instances/marmaris-peacock-rebel-walls-zmehg6.jpg
  artifactKey: Guid(2382b02682e2e934693d8b0f73b5fe18) Importer(2089858483,0ecaa5967403d082aa24f35e1b516d23)
Start importing Assets/Systems/Objects/Rooms/RoomPart/Room/Instances/marmaris-peacock-rebel-walls-zmehg6.jpg using Guid(2382b02682e2e934693d8b0f73b5fe18) Importer(2089858483,0ecaa5967403d082aa24f35e1b516d23) [PhysX] Initialized MultithreadedTaskDispatcher with 12 workers.
 -> (artifact id: '2811790f84056efafcbb017222bbf918') in 0.029703 seconds
Number of updated asset objects reloaded before import = 0
Number of asset objects unloaded after import = 1
========================================================================
Received Import Request.
  Time since last request: 0.000029 seconds.
  path: Assets/Systems/Objects/Rooms/RoomPart/Room/Instances/tile-wall-background.jpg
  artifactKey: Guid(e3ae779e3ffa8214eabe4da28e8455db) Importer(2089858483,0ecaa5967403d082aa24f35e1b516d23)
Start importing Assets/Systems/Objects/Rooms/RoomPart/Room/Instances/tile-wall-background.jpg using Guid(e3ae779e3ffa8214eabe4da28e8455db) Importer(2089858483,0ecaa5967403d082aa24f35e1b516d23) [PhysX] Initialized MultithreadedTaskDispatcher with 12 workers.
 -> (artifact id: '77281a52ec8eb955c59f991d5f1a6b24') in 0.082657 seconds
Number of updated asset objects reloaded before import = 0
Number of asset objects unloaded after import = 1
========================================================================
Received Import Request.
  Time since last request: 0.000014 seconds.
  path: Assets/Plugins/Zenject/OptionalExtras/IntegrationTests/Tests/Bindings/TestFromComponent/TestFromComponentOn.cs
  artifactKey: Guid(69fc44fa2e9354d409863d794494198f) Importer(2089858483,0ecaa5967403d082aa24f35e1b516d23)
Start importing Assets/Plugins/Zenject/OptionalExtras/IntegrationTests/Tests/Bindings/TestFromComponent/TestFromComponentOn.cs using Guid(69fc44fa2e9354d409863d794494198f) Importer(2089858483,0ecaa5967403d082aa24f35e1b516d23) [PhysX] Initialized MultithreadedTaskDispatcher with 12 workers.
 -> (artifact id: '3374ea16e156178c45c027ecb9a98e77') in 0.073737 seconds
Number of updated asset objects reloaded before import = 0
Number of asset objects unloaded after import = 1
========================================================================
Received Import Request.
  Time since last request: 0.000015 seconds.
  path: Assets/Plugins/Zenject/OptionalExtras/IntegrationTests/Installers/Resources/TestScriptableObjectInstallers/BarInstaller.asset
  artifactKey: Guid(2de8710dcfa13404897fe61a0772cb01) Importer(2089858483,0ecaa5967403d082aa24f35e1b516d23)
Start importing Assets/Plugins/Zenject/OptionalExtras/IntegrationTests/Installers/Resources/TestScriptableObjectInstallers/BarInstaller.asset using Guid(2de8710dcfa13404897fe61a0772cb01) Importer(2089858483,0ecaa5967403d082aa24f35e1b516d23) [PhysX] Initialized MultithreadedTaskDispatcher with 12 workers.
 -> (artifact id: '8b2209a84d2fb577ff0902f33deab026') in 0.014648 seconds
Number of updated asset objects reloaded before import = 0
Number of asset objects unloaded after import = 1
========================================================================
Received Import Request.
  Time since last request: 0.000016 seconds.
  path: Assets/Plugins/Zenject/OptionalExtras/IntegrationTests/SceneContractTests/AutoLoader/Resources/ZenjectDefaultSceneContractConfig.asset
  artifactKey: Guid(aa394697317502845a45deb4243e85ea) Importer(2089858483,0ecaa5967403d082aa24f35e1b516d23)
Start importing Assets/Plugins/Zenject/OptionalExtras/IntegrationTests/SceneContractTests/AutoLoader/Resources/ZenjectDefaultSceneContractConfig.asset using Guid(aa394697317502845a45deb4243e85ea) Importer(2089858483,0ecaa5967403d082aa24f35e1b516d23) [PhysX] Initialized MultithreadedTaskDispatcher with 12 workers.
 -> (artifact id: '19ed4b865822c94c91b78f626f17a34e') in 0.037323 seconds
Number of updated asset objects reloaded before import = 0
Number of asset objects unloaded after import = 3
========================================================================
Received Import Request.
  Time since last request: 0.000022 seconds.
  path: Assets/Plugins/Zenject/OptionalExtras/IntegrationTests/Factories/Resources/TestBindFactoryOne/FooSubContainer.prefab
  artifactKey: Guid(0465df6236950a740af6ead536450d8e) Importer(2089858483,0ecaa5967403d082aa24f35e1b516d23)
Start importing Assets/Plugins/Zenject/OptionalExtras/IntegrationTests/Factories/Resources/TestBindFactoryOne/FooSubContainer.prefab using Guid(0465df6236950a740af6ead536450d8e) Importer(2089858483,0ecaa5967403d082aa24f35e1b516d23) [PhysX] Initialized MultithreadedTaskDispatcher with 12 workers.
 -> (artifact id: '01b8f64cc4739f4831c017c3a1345856') in 0.142540 seconds
Number of updated asset objects reloaded before import = 0
Number of asset objects unloaded after import = 6
========================================================================
Received Import Request.
  Time since last request: 0.000021 seconds.
  path: Assets/Plugins/Zenject/OptionalExtras/IntegrationTests/Factories/Resources/TestBindFactoryFive/FooSubContainer.prefab
  artifactKey: Guid(ecdaaf4205a5c4046ae08fbe25f94e42) Importer(2089858483,0ecaa5967403d082aa24f35e1b516d23)
Start importing Assets/Plugins/Zenject/OptionalExtras/IntegrationTests/Factories/Resources/TestBindFactoryFive/FooSubContainer.prefab using Guid(ecdaaf4205a5c4046ae08fbe25f94e42) Importer(2089858483,0ecaa5967403d082aa24f35e1b516d23) [PhysX] Initialized MultithreadedTaskDispatcher with 12 workers.
 -> (artifact id: '48abb911b385eb0bfdece140aff15ffd') in 0.032723 seconds
Number of updated asset objects reloaded before import = 0
Number of asset objects unloaded after import = 6
========================================================================
Received Import Request.
  Time since last request: 0.000014 seconds.
  path: Assets/Plugins/Zenject/OptionalExtras/IntegrationTests/Installers/Resources/TestScriptableObjectInstallers/FooInstaller.asset
  artifactKey: Guid(7654dc2852826a84181eb3ac6408966b) Importer(2089858483,0ecaa5967403d082aa24f35e1b516d23)
Start importing Assets/Plugins/Zenject/OptionalExtras/IntegrationTests/Installers/Resources/TestScriptableObjectInstallers/FooInstaller.asset using Guid(7654dc2852826a84181eb3ac6408966b) Importer(2089858483,0ecaa5967403d082aa24f35e1b516d23) [PhysX] Initialized MultithreadedTaskDispatcher with 12 workers.
 -> (artifact id: '32bcda932ca88534a3f2665bb9103bca') in 0.037766 seconds
Number of updated asset objects reloaded before import = 0
Number of asset objects unloaded after import = 1
========================================================================
Received Import Request.
  Time since last request: 0.000017 seconds.
  path: Assets/Plugins/Zenject/OptionalExtras/IntegrationTests/Installers/Resources/TestMonoInstallers/FooInstaller.prefab
  artifactKey: Guid(7aa5ef5454a791d458b0bda3c45da9e7) Importer(2089858483,0ecaa5967403d082aa24f35e1b516d23)
Start importing Assets/Plugins/Zenject/OptionalExtras/IntegrationTests/Installers/Resources/TestMonoInstallers/FooInstaller.prefab using Guid(7aa5ef5454a791d458b0bda3c45da9e7) Importer(2089858483,0ecaa5967403d082aa24f35e1b516d23) [PhysX] Initialized MultithreadedTaskDispatcher with 12 workers.
 -> (artifact id: '111ec34a3718c9896bb5168db3b8df1d') in 0.021688 seconds
Number of updated asset objects reloaded before import = 0
Number of asset objects unloaded after import = 5
========================================================================
Received Import Request.
  Time since last request: 0.000017 seconds.
  path: Assets/Systems/Objects/Rooms/RoomPart/Room/Instances/kitchen-floor-tiles-7011633.jpg
  artifactKey: Guid(eb33a9bd300502e43ab8915d6840a0af) Importer(2089858483,0ecaa5967403d082aa24f35e1b516d23)
Start importing Assets/Systems/Objects/Rooms/RoomPart/Room/Instances/kitchen-floor-tiles-7011633.jpg using Guid(eb33a9bd300502e43ab8915d6840a0af) Importer(2089858483,0ecaa5967403d082aa24f35e1b516d23) [PhysX] Initialized MultithreadedTaskDispatcher with 12 workers.
 -> (artifact id: 'cc852a1070aad4456e23fb17eacf7af3') in 0.030059 seconds
Number of updated asset objects reloaded before import = 0
Number of asset objects unloaded after import = 1
========================================================================
Received Import Request.
  Time since last request: 0.000017 seconds.
  path: Assets/Plugins/Zenject/Source/Binding/Binders/Factory/FactoryFromBinderBase.cs
  artifactKey: Guid(1cdc9466c4b6c7f4f81675e8f546672f) Importer(2089858483,0ecaa5967403d082aa24f35e1b516d23)
Start importing Assets/Plugins/Zenject/Source/Binding/Binders/Factory/FactoryFromBinderBase.cs using Guid(1cdc9466c4b6c7f4f81675e8f546672f) Importer(2089858483,0ecaa5967403d082aa24f35e1b516d23) [PhysX] Initialized MultithreadedTaskDispatcher with 12 workers.
 -> (artifact id: 'c39d5172b6a6827896a28eeb7734f464') in 0.018841 seconds
Number of updated asset objects reloaded before import = 0
Number of asset objects unloaded after import = 1
========================================================================
Received Import Request.
  Time since last request: 0.000015 seconds.
  path: Assets/Systems/Objects/Rooms/RoomPart/Door/RoomPartObject/Door2.mat
  artifactKey: Guid(14931dc40e506064ab1a3c5f70bccc7a) Importer(2089858483,0ecaa5967403d082aa24f35e1b516d23)
Start importing Assets/Systems/Objects/Rooms/RoomPart/Door/RoomPartObject/Door2.mat using Guid(14931dc40e506064ab1a3c5f70bccc7a) Importer(2089858483,0ecaa5967403d082aa24f35e1b516d23) [PhysX] Initialized MultithreadedTaskDispatcher with 12 workers.
 -> (artifact id: '48856dbd55d986ebe6ded0149f63a1c4') in 0.037919 seconds
Number of updated asset objects reloaded before import = 0
Number of asset objects unloaded after import = 2
========================================================================
Received Import Request.
  Time since last request: 0.000018 seconds.
  path: Assets/Plugins/Zenject/OptionalExtras/IntegrationTests/Tests/Bindings/TestInstantiateCallback/TestInstantiateCallback.cs
  artifactKey: Guid(fe1c39f4b0d91954a937f1277fad2453) Importer(2089858483,0ecaa5967403d082aa24f35e1b516d23)
Start importing Assets/Plugins/Zenject/OptionalExtras/IntegrationTests/Tests/Bindings/TestInstantiateCallback/TestInstantiateCallback.cs using Guid(fe1c39f4b0d91954a937f1277fad2453) Importer(2089858483,0ecaa5967403d082aa24f35e1b516d23) [PhysX] Initialized MultithreadedTaskDispatcher with 12 workers.
 -> (artifact id: '91a0f9158bdea8250eec6d9140bff2fc') in 0.015453 seconds
Number of updated asset objects reloaded before import = 0
Number of asset objects unloaded after import = 1
========================================================================
Received Import Request.
  Time since last request: 0.000016 seconds.
  path: Assets/Plugins/Zenject/OptionalExtras/IntegrationTests/Tests/Installers/TestMonoInstallers/TestMonoInstallers.cs
  artifactKey: Guid(93f2c1be16a3dce4a8a498951113458f) Importer(2089858483,0ecaa5967403d082aa24f35e1b516d23)
Start importing Assets/Plugins/Zenject/OptionalExtras/IntegrationTests/Tests/Installers/TestMonoInstallers/TestMonoInstallers.cs using Guid(93f2c1be16a3dce4a8a498951113458f) Importer(2089858483,0ecaa5967403d082aa24f35e1b516d23) [PhysX] Initialized MultithreadedTaskDispatcher with 12 workers.
 -> (artifact id: 'f054a8127b35662360bffe9b4ffefd5c') in 0.018729 seconds
Number of updated asset objects reloaded before import = 0
Number of asset objects unloaded after import = 1
========================================================================
Received Import Request.
  Time since last request: 0.000020 seconds.
  path: Assets/Plugins/Zenject/OptionalExtras/IntegrationTests/Tests/Bindings/TestFromResource/TestFromResource.cs
  artifactKey: Guid(dea2fb7319188134c9049c249f465009) Importer(2089858483,0ecaa5967403d082aa24f35e1b516d23)
Start importing Assets/Plugins/Zenject/OptionalExtras/IntegrationTests/Tests/Bindings/TestFromResource/TestFromResource.cs using Guid(dea2fb7319188134c9049c249f465009) Importer(2089858483,0ecaa5967403d082aa24f35e1b516d23) [PhysX] Initialized MultithreadedTaskDispatcher with 12 workers.
 -> (artifact id: 'aef9b0b5cc9df9a51d51ce272adde661') in 0.019674 seconds
Number of updated asset objects reloaded before import = 0
Number of asset objects unloaded after import = 1
========================================================================
Received Import Request.
  Time since last request: 0.000024 seconds.
  path: Assets/Plugins/Zenject/OptionalExtras/IntegrationTests/Tests/Bindings/TestFromPrefabInstaller/TestFromPrefabInstaller.cs
  artifactKey: Guid(6591427867291174ba958928b193a190) Importer(2089858483,0ecaa5967403d082aa24f35e1b516d23)
Start importing Assets/Plugins/Zenject/OptionalExtras/IntegrationTests/Tests/Bindings/TestFromPrefabInstaller/TestFromPrefabInstaller.cs using Guid(6591427867291174ba958928b193a190) Importer(2089858483,0ecaa5967403d082aa24f35e1b516d23) [PhysX] Initialized MultithreadedTaskDispatcher with 12 workers.
 -> (artifact id: '7792eed9c5362afffd2c31515eea0dbf') in 0.020858 seconds
Number of updated asset objects reloaded before import = 0
Number of asset objects unloaded after import = 1
========================================================================
Received Import Request.
  Time since last request: 0.000019 seconds.
  path: Assets/Plugins/Zenject/OptionalExtras/IntegrationTests/Tests/Bindings/TestFromSubContainerPrefab/TestFromSubContainerPrefab.cs
  artifactKey: Guid(bdaee535959c3024c889b3b486fa661a) Importer(2089858483,0ecaa5967403d082aa24f35e1b516d23)
Start importing Assets/Plugins/Zenject/OptionalExtras/IntegrationTests/Tests/Bindings/TestFromSubContainerPrefab/TestFromSubContainerPrefab.cs using Guid(bdaee535959c3024c889b3b486fa661a) Importer(2089858483,0ecaa5967403d082aa24f35e1b516d23) [PhysX] Initialized MultithreadedTaskDispatcher with 12 workers.
 -> (artifact id: 'aa7145f43b17b98aee00704115229ed6') in 0.019758 seconds
Number of updated asset objects reloaded before import = 0
Number of asset objects unloaded after import = 1
========================================================================
Received Import Request.
  Time since last request: 0.000041 seconds.
  path: Assets/Plugins/Zenject/OptionalExtras/IntegrationTests/Tests/Bindings/TestFromComponentInChildren/TestFromComponentInChildren.cs
  artifactKey: Guid(60e4db58b41116646b1675963b1c75a1) Importer(2089858483,0ecaa5967403d082aa24f35e1b516d23)
Start importing Assets/Plugins/Zenject/OptionalExtras/IntegrationTests/Tests/Bindings/TestFromComponentInChildren/TestFromComponentInChildren.cs using Guid(60e4db58b41116646b1675963b1c75a1) Importer(2089858483,0ecaa5967403d082aa24f35e1b516d23) [PhysX] Initialized MultithreadedTaskDispatcher with 12 workers.
 -> (artifact id: 'fbc853f3a1bc1d1a29d15a67996d0839') in 0.025969 seconds
Number of updated asset objects reloaded before import = 0
Number of asset objects unloaded after import = 1
========================================================================
Received Import Request.
  Time since last request: 0.000015 seconds.
  path: Assets/Plugins/Zenject/OptionalExtras/IntegrationTests/Tests/Bindings/TestFromComponentInParents/TestFromComponentInParents.cs
  artifactKey: Guid(9df118a8d9c898344bed28c6913a6d7e) Importer(2089858483,0ecaa5967403d082aa24f35e1b516d23)
Start importing Assets/Plugins/Zenject/OptionalExtras/IntegrationTests/Tests/Bindings/TestFromComponentInParents/TestFromComponentInParents.cs using Guid(9df118a8d9c898344bed28c6913a6d7e) Importer(2089858483,0ecaa5967403d082aa24f35e1b516d23) [PhysX] Initialized MultithreadedTaskDispatcher with 12 workers.
 -> (artifact id: '8ccdecfc832a7d3665c80836d7d86aea') in 0.034664 seconds
Number of updated asset objects reloaded before import = 0
Number of asset objects unloaded after import = 1
========================================================================
Received Import Request.
  Time since last request: 0.000019 seconds.
  path: Assets/Plugins/Zenject/OptionalExtras/IntegrationTests/Tests/Misc/TestAnimationStateBehaviourInject/TestAnimationStateBehaviourInject.cs
  artifactKey: Guid(f80ffddc2b920e54f85483d37863d1ba) Importer(2089858483,0ecaa5967403d082aa24f35e1b516d23)
Start importing Assets/Plugins/Zenject/OptionalExtras/IntegrationTests/Tests/Misc/TestAnimationStateBehaviourInject/TestAnimationStateBehaviourInject.cs using Guid(f80ffddc2b920e54f85483d37863d1ba) Importer(2089858483,0ecaa5967403d082aa24f35e1b516d23) [PhysX] Initialized MultithreadedTaskDispatcher with 12 workers.
 -> (artifact id: '2e0936deb08b3380e55c358e56c0e832') in 0.020227 seconds
Number of updated asset objects reloaded before import = 0
Number of asset objects unloaded after import = 1
========================================================================
Received Import Request.
  Time since last request: 0.000021 seconds.
  path: Assets/Plugins/Zenject/OptionalExtras/UnitTests/Editor/Conditions/TestIdentifiers.cs
  artifactKey: Guid(644729bec6228dd46a175eab4d04637a) Importer(2089858483,0ecaa5967403d082aa24f35e1b516d23)
Start importing Assets/Plugins/Zenject/OptionalExtras/UnitTests/Editor/Conditions/TestIdentifiers.cs using Guid(644729bec6228dd46a175eab4d04637a) Importer(2089858483,0ecaa5967403d082aa24f35e1b516d23) [PhysX] Initialized MultithreadedTaskDispatcher with 12 workers.
 -> (artifact id: 'e632028aea66f70cb7200d69cbe6a0be') in 0.041160 seconds
Number of updated asset objects reloaded before import = 0
Number of asset objects unloaded after import = 1
========================================================================
Received Import Request.
  Time since last request: 0.000014 seconds.
  path: Assets/Plugins/Zenject/OptionalExtras/SampleGame2 (Advanced)/Scripts/Installers/GameSignalsInstaller.cs
  artifactKey: Guid(23aa26bc747410a40ac441fedb64f05d) Importer(2089858483,0ecaa5967403d082aa24f35e1b516d23)
Start importing Assets/Plugins/Zenject/OptionalExtras/SampleGame2 (Advanced)/Scripts/Installers/GameSignalsInstaller.cs using Guid(23aa26bc747410a40ac441fedb64f05d) Importer(2089858483,0ecaa5967403d082aa24f35e1b516d23) [PhysX] Initialized MultithreadedTaskDispatcher with 12 workers.
 -> (artifact id: '0b77338c47bfd06b0f5590c3402a22b5') in 0.019408 seconds
Number of updated asset objects reloaded before import = 0
Number of asset objects unloaded after import = 1
========================================================================
Received Import Request.
  Time since last request: 0.000017 seconds.
  path: Assets/Plugins/Zenject/OptionalExtras/IntegrationTests/Factories/Resources/TestGameObjectFactoryZero/Cube.prefab
  artifactKey: Guid(4fd68bd3734238e43bd8b8bc25db3bcf) Importer(2089858483,0ecaa5967403d082aa24f35e1b516d23)
Start importing Assets/Plugins/Zenject/OptionalExtras/IntegrationTests/Factories/Resources/TestGameObjectFactoryZero/Cube.prefab using Guid(4fd68bd3734238e43bd8b8bc25db3bcf) Importer(2089858483,0ecaa5967403d082aa24f35e1b516d23) [PhysX] Initialized MultithreadedTaskDispatcher with 12 workers.
 -> (artifact id: '05ff04a67e4d6ec7856a272811cab891') in 0.032090 seconds
Number of updated asset objects reloaded before import = 0
Number of asset objects unloaded after import = 7
========================================================================
Received Import Request.
  Time since last request: 0.000019 seconds.
  path: Assets/Plugins/Zenject/OptionalExtras/UnitTests/Editor/Bindings/TestFromSubContainerInstance.cs
  artifactKey: Guid(1435f07f5e446424ab1523f4aed91c0c) Importer(2089858483,0ecaa5967403d082aa24f35e1b516d23)
Start importing Assets/Plugins/Zenject/OptionalExtras/UnitTests/Editor/Bindings/TestFromSubContainerInstance.cs using Guid(1435f07f5e446424ab1523f4aed91c0c) Importer(2089858483,0ecaa5967403d082aa24f35e1b516d23) [PhysX] Initialized MultithreadedTaskDispatcher with 12 workers.
 -> (artifact id: 'cf4f39eaa0edd6c60e5eb5868477561a') in 0.015672 seconds
Number of updated asset objects reloaded before import = 0
Number of asset objects unloaded after import = 1
========================================================================
Received Import Request.
  Time since last request: 0.000028 seconds.
  path: Assets/Plugins/Zenject/OptionalExtras/SampleGame2 (Advanced)/Scripts/Enemy/EnemyFacade.cs
  artifactKey: Guid(fac47e4da43b2ca4d955370e0dc6990e) Importer(2089858483,0ecaa5967403d082aa24f35e1b516d23)
Start importing Assets/Plugins/Zenject/OptionalExtras/SampleGame2 (Advanced)/Scripts/Enemy/EnemyFacade.cs using Guid(fac47e4da43b2ca4d955370e0dc6990e) Importer(2089858483,0ecaa5967403d082aa24f35e1b516d23) [PhysX] Initialized MultithreadedTaskDispatcher with 12 workers.
 -> (artifact id: 'fe12ed0019f07662b326be467da44b96') in 0.016288 seconds
Number of updated asset objects reloaded before import = 0
Number of asset objects unloaded after import = 1
========================================================================
Received Import Request.
  Time since last request: 0.000014 seconds.
  path: Assets/Plugins/Zenject/OptionalExtras/IntegrationTests/SceneTests/TestSceneContextEvents/TestSceneContextEventsSettings.lighting
  artifactKey: Guid(b99e9e312f77f46f6a8264126a1e3ac6) Importer(2089858483,0ecaa5967403d082aa24f35e1b516d23)
Start importing Assets/Plugins/Zenject/OptionalExtras/IntegrationTests/SceneTests/TestSceneContextEvents/TestSceneContextEventsSettings.lighting using Guid(b99e9e312f77f46f6a8264126a1e3ac6) Importer(2089858483,0ecaa5967403d082aa24f35e1b516d23) [PhysX] Initialized MultithreadedTaskDispatcher with 12 workers.
LightingSettings: switching bake backend from 1 to 0.
 -> (artifact id: '55fc21e4e343d5c4cac4c7f17a735abf') in 0.192576 seconds
Number of updated asset objects reloaded before import = 0
Number of asset objects unloaded after import = 1
========================================================================
Received Import Request.
  Time since last request: 0.000016 seconds.
  path: Assets/Plugins/Zenject/OptionalExtras/SampleGame1 (Beginner)/Scripts/Ship/States/BrokenShipFactory.cs
  artifactKey: Guid(b9b5eb959c3c75149a4153c9c7d7a7d4) Importer(2089858483,0ecaa5967403d082aa24f35e1b516d23)
Start importing Assets/Plugins/Zenject/OptionalExtras/SampleGame1 (Beginner)/Scripts/Ship/States/BrokenShipFactory.cs using Guid(b9b5eb959c3c75149a4153c9c7d7a7d4) Importer(2089858483,0ecaa5967403d082aa24f35e1b516d23) [PhysX] Initialized MultithreadedTaskDispatcher with 12 workers.
 -> (artifact id: 'c2fbb5a72902f315f3c676c105d9cd8f') in 0.033154 seconds
Number of updated asset objects reloaded before import = 0
Number of asset objects unloaded after import = 1
========================================================================
Received Import Request.
  Time since last request: 0.000023 seconds.
  path: Assets/Plugins/Zenject/OptionalExtras/SampleGame1 (Beginner)/Scripts/Ship/States/ShipState.cs
  artifactKey: Guid(a68789b75fb09ef43b854fd3c59241b0) Importer(2089858483,0ecaa5967403d082aa24f35e1b516d23)
Start importing Assets/Plugins/Zenject/OptionalExtras/SampleGame1 (Beginner)/Scripts/Ship/States/ShipState.cs using Guid(a68789b75fb09ef43b854fd3c59241b0) Importer(2089858483,0ecaa5967403d082aa24f35e1b516d23) [PhysX] Initialized MultithreadedTaskDispatcher with 12 workers.
 -> (artifact id: '7652aca2f36ce758142f3e756c16a8a7') in 0.016341 seconds
Number of updated asset objects reloaded before import = 0
Number of asset objects unloaded after import = 1
========================================================================
Received Import Request.
  Time since last request: 0.000015 seconds.
  path: Assets/Plugins/Zenject/OptionalExtras/Signals/Internal/Binders/DeclareSignal/DeclareSignalAsyncTickPriorityCopyBinder.cs
  artifactKey: Guid(b81f91889a4f58f45a186d306ec19a76) Importer(2089858483,0ecaa5967403d082aa24f35e1b516d23)
Start importing Assets/Plugins/Zenject/OptionalExtras/Signals/Internal/Binders/DeclareSignal/DeclareSignalAsyncTickPriorityCopyBinder.cs using Guid(b81f91889a4f58f45a186d306ec19a76) Importer(2089858483,0ecaa5967403d082aa24f35e1b516d23) [PhysX] Initialized MultithreadedTaskDispatcher with 12 workers.
 -> (artifact id: '50711f6dd61fac60aa71cdf87ee782c7') in 0.051480 seconds
Number of updated asset objects reloaded before import = 0
Number of asset objects unloaded after import = 1
========================================================================
Received Import Request.
  Time since last request: 0.000020 seconds.
  path: Assets/Plugins/Zenject/OptionalExtras/Signals/Internal/Binders/BindSignal/BindSignalIdToBinder.cs
  artifactKey: Guid(ecce6d44c178e564c8937125741f3c8c) Importer(2089858483,0ecaa5967403d082aa24f35e1b516d23)
Start importing Assets/Plugins/Zenject/OptionalExtras/Signals/Internal/Binders/BindSignal/BindSignalIdToBinder.cs using Guid(ecce6d44c178e564c8937125741f3c8c) Importer(2089858483,0ecaa5967403d082aa24f35e1b516d23) [PhysX] Initialized MultithreadedTaskDispatcher with 12 workers.
 -> (artifact id: 'a81f14fb9c95e703aefe786d01fd5396') in 0.014563 seconds
Number of updated asset objects reloaded before import = 0
Number of asset objects unloaded after import = 1
========================================================================
Received Import Request.
  Time since last request: 0.000026 seconds.
  path: Assets/Plugins/Zenject/OptionalExtras/SampleGame1 (Beginner)/Media/Imported/Textures/CampfireLeft.psd
  artifactKey: Guid(a72df340b82eb4fd2afbb9dbe634f4bc) Importer(2089858483,0ecaa5967403d082aa24f35e1b516d23)
Start importing Assets/Plugins/Zenject/OptionalExtras/SampleGame1 (Beginner)/Media/Imported/Textures/CampfireLeft.psd using Guid(a72df340b82eb4fd2afbb9dbe634f4bc) Importer(2089858483,0ecaa5967403d082aa24f35e1b516d23) [PhysX] Initialized MultithreadedTaskDispatcher with 12 workers.
 -> (artifact id: '60f61b8033570eca6b08e9df0ecad013') in 0.190805 seconds
Number of updated asset objects reloaded before import = 0
Number of asset objects unloaded after import = 1
========================================================================
Received Import Request.
  Time since last request: 0.000020 seconds.
  path: Assets/Plugins/Zenject/OptionalExtras/SampleGame1 (Beginner)/Media/Imported/Shaders/AddSmooth_Layer.shader
  artifactKey: Guid(e10518acdaf774d528297b6d5b3a5839) Importer(2089858483,0ecaa5967403d082aa24f35e1b516d23)
Start importing Assets/Plugins/Zenject/OptionalExtras/SampleGame1 (Beginner)/Media/Imported/Shaders/AddSmooth_Layer.shader using Guid(e10518acdaf774d528297b6d5b3a5839) Importer(2089858483,0ecaa5967403d082aa24f35e1b516d23) [PhysX] Initialized MultithreadedTaskDispatcher with 12 workers.
 -> (artifact id: '51275cc6af76eb2975ad9ff7a4b5c3a7') in 0.036143 seconds
Number of updated asset objects reloaded before import = 0
Number of asset objects unloaded after import = 1
========================================================================
Received Import Request.
  Time since last request: 0.000021 seconds.
  path: Assets/Plugins/Zenject/OptionalExtras/Signals/Internal/Binders/DeclareSignal/DeclareSignalRequireHandlerAsyncTickPriorityCopyBinder.cs
  artifactKey: Guid(7cc67ec88be096e4a89e01987d671cb9) Importer(2089858483,0ecaa5967403d082aa24f35e1b516d23)
Start importing Assets/Plugins/Zenject/OptionalExtras/Signals/Internal/Binders/DeclareSignal/DeclareSignalRequireHandlerAsyncTickPriorityCopyBinder.cs using Guid(7cc67ec88be096e4a89e01987d671cb9) Importer(2089858483,0ecaa5967403d082aa24f35e1b516d23) [PhysX] Initialized MultithreadedTaskDispatcher with 12 workers.
 -> (artifact id: '7309fdb75a2a401f690ad3687168c144') in 0.018191 seconds
Number of updated asset objects reloaded before import = 0
Number of asset objects unloaded after import = 1
========================================================================
Received Import Request.
  Time since last request: 0.000017 seconds.
  path: Assets/Plugins/Zenject/OptionalExtras/Signals/Internal/Binders/DeclareSignal/SignalDeclarationBindInfo.cs
  artifactKey: Guid(1e83db91ff836874fb4fcf3ae4e16f0b) Importer(2089858483,0ecaa5967403d082aa24f35e1b516d23)
Start importing Assets/Plugins/Zenject/OptionalExtras/Signals/Internal/Binders/DeclareSignal/SignalDeclarationBindInfo.cs using Guid(1e83db91ff836874fb4fcf3ae4e16f0b) Importer(2089858483,0ecaa5967403d082aa24f35e1b516d23) [PhysX] Initialized MultithreadedTaskDispatcher with 12 workers.
 -> (artifact id: '4c65714f0369fee96d82c62c511827db') in 0.023228 seconds
Number of updated asset objects reloaded before import = 0
Number of asset objects unloaded after import = 1
========================================================================
Received Import Request.
  Time since last request: 0.000016 seconds.
  path: Assets/Plugins/Zenject/OptionalExtras/IntegrationTests/Tests/Misc/TestMonoKernelDecoration/TestMonoKernelDecoration.cs
  artifactKey: Guid(166ad9cc65d872b48badf6da39e4a31c) Importer(2089858483,0ecaa5967403d082aa24f35e1b516d23)
Start importing Assets/Plugins/Zenject/OptionalExtras/IntegrationTests/Tests/Misc/TestMonoKernelDecoration/TestMonoKernelDecoration.cs using Guid(166ad9cc65d872b48badf6da39e4a31c) Importer(2089858483,0ecaa5967403d082aa24f35e1b516d23) [PhysX] Initialized MultithreadedTaskDispatcher with 12 workers.
 -> (artifact id: 'bc66190f2b5df3e2b3e7bce65c31555e') in 0.033203 seconds
Number of updated asset objects reloaded before import = 0
Number of asset objects unloaded after import = 1
========================================================================
Received Import Request.
  Time since last request: 0.000015 seconds.
  path: Assets/Plugins/Zenject/OptionalExtras/SampleGame1 (Beginner)/Media/Imported/Textures/fire.png
  artifactKey: Guid(d1f484f58ddfa4341a6e72ce14adc083) Importer(2089858483,0ecaa5967403d082aa24f35e1b516d23)
Start importing Assets/Plugins/Zenject/OptionalExtras/SampleGame1 (Beginner)/Media/Imported/Textures/fire.png using Guid(d1f484f58ddfa4341a6e72ce14adc083) Importer(2089858483,0ecaa5967403d082aa24f35e1b516d23) [PhysX] Initialized MultithreadedTaskDispatcher with 12 workers.
 -> (artifact id: '62fc8894b755ace2b72d2b0fe370f1cb') in 0.055651 seconds
Number of updated asset objects reloaded before import = 0
Number of asset objects unloaded after import = 1
========================================================================
Received Import Request.
  Time since last request: 0.000016 seconds.
  path: Assets/Plugins/Zenject/OptionalExtras/IntegrationTests/Tests/Misc/TestMonoKernelDecoration/KernelDecoratorInstaller.cs
  artifactKey: Guid(71d4a84946422ad49ae352537c257aed) Importer(2089858483,0ecaa5967403d082aa24f35e1b516d23)
Start importing Assets/Plugins/Zenject/OptionalExtras/IntegrationTests/Tests/Misc/TestMonoKernelDecoration/KernelDecoratorInstaller.cs using Guid(71d4a84946422ad49ae352537c257aed) Importer(2089858483,0ecaa5967403d082aa24f35e1b516d23) [PhysX] Initialized MultithreadedTaskDispatcher with 12 workers.
 -> (artifact id: 'cb7f4658a9c1c73002c98eb87f7ca697') in 0.023297 seconds
Number of updated asset objects reloaded before import = 0
Number of asset objects unloaded after import = 1
========================================================================
Received Import Request.
  Time since last request: 0.000052 seconds.
  path: Assets/Plugins/Zenject/Source/Binding/Binders/Factory/FactoryFromBinder/FactoryFromBinder4.cs
  artifactKey: Guid(e67ee9caa78de914a9c727a607c3d8c0) Importer(2089858483,0ecaa5967403d082aa24f35e1b516d23)
Start importing Assets/Plugins/Zenject/Source/Binding/Binders/Factory/FactoryFromBinder/FactoryFromBinder4.cs using Guid(e67ee9caa78de914a9c727a607c3d8c0) Importer(2089858483,0ecaa5967403d082aa24f35e1b516d23) [PhysX] Initialized MultithreadedTaskDispatcher with 12 workers.
 -> (artifact id: '556e4392bac120b29bf1fbf467965d7b') in 0.023359 seconds
Number of updated asset objects reloaded before import = 0
Number of asset objects unloaded after import = 1
========================================================================
Received Import Request.
  Time since last request: 0.000044 seconds.
  path: Assets/Plugins/Zenject/OptionalExtras/UnitTests/Editor/Factories/Bindings/TestFactoryFromGetter0.cs
  artifactKey: Guid(02801e9ad7fdcd54990732b0e9ec2d0f) Importer(2089858483,0ecaa5967403d082aa24f35e1b516d23)
Start importing Assets/Plugins/Zenject/OptionalExtras/UnitTests/Editor/Factories/Bindings/TestFactoryFromGetter0.cs using Guid(02801e9ad7fdcd54990732b0e9ec2d0f) Importer(2089858483,0ecaa5967403d082aa24f35e1b516d23) [PhysX] Initialized MultithreadedTaskDispatcher with 12 workers.
 -> (artifact id: '7225663b53786b0cabe452019040e488') in 0.028948 seconds
Number of updated asset objects reloaded before import = 0
Number of asset objects unloaded after import = 1
========================================================================
Received Import Request.
  Time since last request: 0.000020 seconds.
  path: Assets/Plugins/Zenject/Source/Binding/Binders/Factory/FactoryFromBinder/FactoryFromBinder10.cs
  artifactKey: Guid(d835e30b6131d754e892d6f397e9921a) Importer(2089858483,0ecaa5967403d082aa24f35e1b516d23)
Start importing Assets/Plugins/Zenject/Source/Binding/Binders/Factory/FactoryFromBinder/FactoryFromBinder10.cs using Guid(d835e30b6131d754e892d6f397e9921a) Importer(2089858483,0ecaa5967403d082aa24f35e1b516d23) [PhysX] Initialized MultithreadedTaskDispatcher with 12 workers.
 -> (artifact id: '935451df6b7d0b276965063be8acf562') in 0.041255 seconds
Number of updated asset objects reloaded before import = 0
Number of asset objects unloaded after import = 1
========================================================================
Received Import Request.
  Time since last request: 0.000030 seconds.
  path: Assets/Plugins/Zenject/Source/Binding/Binders/Factory/FactoryToChoiceBinder/DecoratorToChoiceFromBinder.cs
  artifactKey: Guid(e70f91cb77703ce42ae6ad721b89d35c) Importer(2089858483,0ecaa5967403d082aa24f35e1b516d23)
Start importing Assets/Plugins/Zenject/Source/Binding/Binders/Factory/FactoryToChoiceBinder/DecoratorToChoiceFromBinder.cs using Guid(e70f91cb77703ce42ae6ad721b89d35c) Importer(2089858483,0ecaa5967403d082aa24f35e1b516d23) [PhysX] Initialized MultithreadedTaskDispatcher with 12 workers.
 -> (artifact id: '031d40110c4ecb4eb2ee0413ff361ab3') in 0.024416 seconds
Number of updated asset objects reloaded before import = 0
Number of asset objects unloaded after import = 1
========================================================================
Received Import Request.
  Time since last request: 0.000017 seconds.
  path: Assets/Plugins/Zenject/Source/Binding/Binders/Factory/FactoryFromBinder/FactoryFromBinder3.cs
  artifactKey: Guid(4eb3a4d5d01c55748b43f48a1da3c7b6) Importer(2089858483,0ecaa5967403d082aa24f35e1b516d23)
Start importing Assets/Plugins/Zenject/Source/Binding/Binders/Factory/FactoryFromBinder/FactoryFromBinder3.cs using Guid(4eb3a4d5d01c55748b43f48a1da3c7b6) Importer(2089858483,0ecaa5967403d082aa24f35e1b516d23) [PhysX] Initialized MultithreadedTaskDispatcher with 12 workers.
 -> (artifact id: 'ad0ab06ba6e587a5a2f67db26be979df') in 0.014953 seconds
Number of updated asset objects reloaded before import = 0
Number of asset objects unloaded after import = 1
========================================================================
Received Import Request.
  Time since last request: 0.000014 seconds.
  path: Assets/Plugins/Zenject/Source/Binding/Binders/Factory/FactoryFromBinder/FactoryFromBinder5.cs
  artifactKey: Guid(901200be3b8d1cc40876aa50a03103b8) Importer(2089858483,0ecaa5967403d082aa24f35e1b516d23)
Start importing Assets/Plugins/Zenject/Source/Binding/Binders/Factory/FactoryFromBinder/FactoryFromBinder5.cs using Guid(901200be3b8d1cc40876aa50a03103b8) Importer(2089858483,0ecaa5967403d082aa24f35e1b516d23) [PhysX] Initialized MultithreadedTaskDispatcher with 12 workers.
 -> (artifact id: 'cb6330b219663e3149d5f8d7453094c6') in 0.019058 seconds
Number of updated asset objects reloaded before import = 0
Number of asset objects unloaded after import = 1
========================================================================
Received Import Request.
  Time since last request: 0.000013 seconds.
  path: Assets/Plugins/Zenject/OptionalExtras/UnitTests/Editor/Factories/IFactory/TestIFactory.cs
  artifactKey: Guid(1663d737024bdf5438c672cef0d2d577) Importer(2089858483,0ecaa5967403d082aa24f35e1b516d23)
Start importing Assets/Plugins/Zenject/OptionalExtras/UnitTests/Editor/Factories/IFactory/TestIFactory.cs using Guid(1663d737024bdf5438c672cef0d2d577) Importer(2089858483,0ecaa5967403d082aa24f35e1b516d23) [PhysX] Initialized MultithreadedTaskDispatcher with 12 workers.
 -> (artifact id: '7771ac2bd07ecf2187995d6543d23e47') in 0.019984 seconds
Number of updated asset objects reloaded before import = 0
Number of asset objects unloaded after import = 1
========================================================================
Received Import Request.
  Time since last request: 0.000015 seconds.
  path: Assets/Plugins/Zenject/Source/Binding/Binders/Factory/FactoryArgumentsToChoiceBinder/FactoryArgumentsToChoiceBinder0.cs
  artifactKey: Guid(ca3197650e9628a45b99e79b8dea27d9) Importer(2089858483,0ecaa5967403d082aa24f35e1b516d23)
Start importing Assets/Plugins/Zenject/Source/Binding/Binders/Factory/FactoryArgumentsToChoiceBinder/FactoryArgumentsToChoiceBinder0.cs using Guid(ca3197650e9628a45b99e79b8dea27d9) Importer(2089858483,0ecaa5967403d082aa24f35e1b516d23) [PhysX] Initialized MultithreadedTaskDispatcher with 12 workers.
 -> (artifact id: '4e8046e7a6ee72cf52a20ca48fa72144') in 0.017687 seconds
Number of updated asset objects reloaded before import = 0
Number of asset objects unloaded after import = 1
========================================================================
Received Import Request.
  Time since last request: 0.000017 seconds.
  path: Assets/Plugins/Zenject/OptionalExtras/SampleGame2 (Advanced)/Scripts/Enemy/States/EnemyStateAttack.cs
  artifactKey: Guid(3d2bd141d86c3fb40a0a616c19e6de0c) Importer(2089858483,0ecaa5967403d082aa24f35e1b516d23)
Start importing Assets/Plugins/Zenject/OptionalExtras/SampleGame2 (Advanced)/Scripts/Enemy/States/EnemyStateAttack.cs using Guid(3d2bd141d86c3fb40a0a616c19e6de0c) Importer(2089858483,0ecaa5967403d082aa24f35e1b516d23) [PhysX] Initialized MultithreadedTaskDispatcher with 12 workers.
 -> (artifact id: '93efdd28607c6909902b9d4ec96aee70') in 0.018892 seconds
Number of updated asset objects reloaded before import = 0
Number of asset objects unloaded after import = 1
========================================================================
Received Import Request.
  Time since last request: 0.000016 seconds.
  path: Assets/Plugins/Zenject/OptionalExtras/SampleGame1 (Beginner)/Media/Imported/Textures/SmokeB.psd
  artifactKey: Guid(67f9b9363b45b4d3fb7b466648fe8fd1) Importer(2089858483,0ecaa5967403d082aa24f35e1b516d23)
Start importing Assets/Plugins/Zenject/OptionalExtras/SampleGame1 (Beginner)/Media/Imported/Textures/SmokeB.psd using Guid(67f9b9363b45b4d3fb7b466648fe8fd1) Importer(2089858483,0ecaa5967403d082aa24f35e1b516d23) [PhysX] Initialized MultithreadedTaskDispatcher with 12 workers.
 -> (artifact id: '03a230fce0eb3b0a32e1eecf3f179f89') in 0.413798 seconds
Number of updated asset objects reloaded before import = 0
Number of asset objects unloaded after import = 1
========================================================================
Received Import Request.
  Time since last request: 0.000020 seconds.
  path: Assets/Plugins/Zenject/Source/Binding/Binders/Factory/FactoryToChoiceBinder/FactoryToChoiceBinder10.cs
  artifactKey: Guid(4cdcd151f6d139642b7a2a6968c6ebd8) Importer(2089858483,0ecaa5967403d082aa24f35e1b516d23)
Start importing Assets/Plugins/Zenject/Source/Binding/Binders/Factory/FactoryToChoiceBinder/FactoryToChoiceBinder10.cs using Guid(4cdcd151f6d139642b7a2a6968c6ebd8) Importer(2089858483,0ecaa5967403d082aa24f35e1b516d23) [PhysX] Initialized MultithreadedTaskDispatcher with 12 workers.
 -> (artifact id: '719672d9f7c68aa18e429cc02ea2bc8a') in 0.068528 seconds
Number of updated asset objects reloaded before import = 0
Number of asset objects unloaded after import = 1
========================================================================
Received Import Request.
  Time since last request: 0.000023 seconds.
  path: Assets/Plugins/Zenject/Source/Binding/Binders/Factory/FactoryToChoiceBinder/FactoryToChoiceBinder4.cs
  artifactKey: Guid(fee2c810a2ee8d2489a6a29177b48d82) Importer(2089858483,0ecaa5967403d082aa24f35e1b516d23)
Start importing Assets/Plugins/Zenject/Source/Binding/Binders/Factory/FactoryToChoiceBinder/FactoryToChoiceBinder4.cs using Guid(fee2c810a2ee8d2489a6a29177b48d82) Importer(2089858483,0ecaa5967403d082aa24f35e1b516d23) [PhysX] Initialized MultithreadedTaskDispatcher with 12 workers.
 -> (artifact id: '8559788006cbe9f0a5d61073249a5b8a') in 0.029832 seconds
Number of updated asset objects reloaded before import = 0
Number of asset objects unloaded after import = 1
========================================================================
Received Import Request.
  Time since last request: 0.000018 seconds.
  path: Assets/Systems/Objects/Rooms/RoomPart/Room/Instances/BathRoom/d47d7bb8fedd1bec9283ef1a571a4d6f.jpg
  artifactKey: Guid(46327add3e8577c44864552896576972) Importer(2089858483,0ecaa5967403d082aa24f35e1b516d23)
Start importing Assets/Systems/Objects/Rooms/RoomPart/Room/Instances/BathRoom/d47d7bb8fedd1bec9283ef1a571a4d6f.jpg using Guid(46327add3e8577c44864552896576972) Importer(2089858483,0ecaa5967403d082aa24f35e1b516d23) [PhysX] Initialized MultithreadedTaskDispatcher with 12 workers.
 -> (artifact id: '286a818f443dc419ea2f1c055ecee607') in 0.032440 seconds
Number of updated asset objects reloaded before import = 0
Number of asset objects unloaded after import = 1
========================================================================
Received Import Request.
  Time since last request: 0.000014 seconds.
  path: Assets/Systems/Objects/Rooms/RoomPart/Room/Instances/DarkRoom/worn_tile_floor_diff_4k.jpg
  artifactKey: Guid(2f27a0d495fb7244c9ed2d432cb5104c) Importer(2089858483,0ecaa5967403d082aa24f35e1b516d23)
Start importing Assets/Systems/Objects/Rooms/RoomPart/Room/Instances/DarkRoom/worn_tile_floor_diff_4k.jpg using Guid(2f27a0d495fb7244c9ed2d432cb5104c) Importer(2089858483,0ecaa5967403d082aa24f35e1b516d23) [PhysX] Initialized MultithreadedTaskDispatcher with 12 workers.
 -> (artifact id: '1aa1cc503e6b1a29c3bcc627372e7c7a') in 0.042805 seconds
Number of updated asset objects reloaded before import = 0
Number of asset objects unloaded after import = 1
========================================================================
Received Import Request.
  Time since last request: 0.000017 seconds.
  path: Assets/Plugins/Zenject/Source/Binding/Binders/Factory/FactoryToChoiceBinder/FactoryToChoiceBinder3.cs
  artifactKey: Guid(a71cc77bd306cca459126294c63080b1) Importer(2089858483,0ecaa5967403d082aa24f35e1b516d23)
Start importing Assets/Plugins/Zenject/Source/Binding/Binders/Factory/FactoryToChoiceBinder/FactoryToChoiceBinder3.cs using Guid(a71cc77bd306cca459126294c63080b1) Importer(2089858483,0ecaa5967403d082aa24f35e1b516d23) [PhysX] Initialized MultithreadedTaskDispatcher with 12 workers.
 -> (artifact id: '4aa7123d6af09bb87fa5914c5243c0a0') in 0.027285 seconds
Number of updated asset objects reloaded before import = 0
Number of asset objects unloaded after import = 1
========================================================================
Received Import Request.
  Time since last request: 0.000016 seconds.
  path: Assets/Systems/Objects/Rooms/RoomPart/Room/Instances/DarkRoom/DarkRoom.prefab
  artifactKey: Guid(a81f0ed5f65547948b955564435454d2) Importer(2089858483,0ecaa5967403d082aa24f35e1b516d23)
Start importing Assets/Systems/Objects/Rooms/RoomPart/Room/Instances/DarkRoom/DarkRoom.prefab using Guid(a81f0ed5f65547948b955564435454d2) Importer(2089858483,0ecaa5967403d082aa24f35e1b516d23) [PhysX] Initialized MultithreadedTaskDispatcher with 12 workers.
 -> (artifact id: '7e700500b96c394529fa29a9fcb7e34a') in 0.017351 seconds
Number of updated asset objects reloaded before import = 0
Number of asset objects unloaded after import = 45
========================================================================
Received Import Request.
  Time since last request: 0.000017 seconds.
  path: Assets/Plugins/Zenject/Source/Binding/Binders/Factory/FactoryArgumentsToChoiceBinder/FactoryArgumentsToChoiceBinder10.cs
  artifactKey: Guid(614bb4e31afa5154487c94e128e9461a) Importer(2089858483,0ecaa5967403d082aa24f35e1b516d23)
Start importing Assets/Plugins/Zenject/Source/Binding/Binders/Factory/FactoryArgumentsToChoiceBinder/FactoryArgumentsToChoiceBinder10.cs using Guid(614bb4e31afa5154487c94e128e9461a) Importer(2089858483,0ecaa5967403d082aa24f35e1b516d23) [PhysX] Initialized MultithreadedTaskDispatcher with 12 workers.
 -> (artifact id: 'a87f9f864f47d386f6e23ff2a6555c36') in 0.018642 seconds
Number of updated asset objects reloaded before import = 0
Number of asset objects unloaded after import = 1
========================================================================
Received Import Request.
  Time since last request: 0.000017 seconds.
  path: Assets/Plugins/Zenject/Source/Binding/Binders/Factory/FactoryToChoiceIdBinder/FactoryToChoiceIdBinder2.cs
  artifactKey: Guid(c109e2a5fd72a004e83beae958fa888a) Importer(2089858483,0ecaa5967403d082aa24f35e1b516d23)
Start importing Assets/Plugins/Zenject/Source/Binding/Binders/Factory/FactoryToChoiceIdBinder/FactoryToChoiceIdBinder2.cs using Guid(c109e2a5fd72a004e83beae958fa888a) Importer(2089858483,0ecaa5967403d082aa24f35e1b516d23) [PhysX] Initialized MultithreadedTaskDispatcher with 12 workers.
 -> (artifact id: '33a13e911cb7c2dd4fa4dd120c59c739') in 0.019950 seconds
Number of updated asset objects reloaded before import = 0
Number of asset objects unloaded after import = 1
========================================================================
Received Import Request.
  Time since last request: 0.000017 seconds.
  path: Assets/Plugins/Zenject/OptionalExtras/IntegrationTests/Tests/Bindings/TestDiContainerMethods/TestDiContainerMethods.cs
  artifactKey: Guid(03827fc575424954ba63c60d88fdd289) Importer(2089858483,0ecaa5967403d082aa24f35e1b516d23)
Start importing Assets/Plugins/Zenject/OptionalExtras/IntegrationTests/Tests/Bindings/TestDiContainerMethods/TestDiContainerMethods.cs using Guid(03827fc575424954ba63c60d88fdd289) Importer(2089858483,0ecaa5967403d082aa24f35e1b516d23) [PhysX] Initialized MultithreadedTaskDispatcher with 12 workers.
 -> (artifact id: 'aa5a823ddb19de5e89e50a14208d3d90') in 0.029087 seconds
Number of updated asset objects reloaded before import = 0
Number of asset objects unloaded after import = 1
========================================================================
Received Import Request.
  Time since last request: 0.000018 seconds.
  path: Assets/Plugins/Zenject/Source/Binding/Binders/Conventions/ConventionAssemblySelectionBinder.cs
  artifactKey: Guid(5229c122d45b5634ebd4b9bccee749ac) Importer(2089858483,0ecaa5967403d082aa24f35e1b516d23)
Start importing Assets/Plugins/Zenject/Source/Binding/Binders/Conventions/ConventionAssemblySelectionBinder.cs using Guid(5229c122d45b5634ebd4b9bccee749ac) Importer(2089858483,0ecaa5967403d082aa24f35e1b516d23) [PhysX] Initialized MultithreadedTaskDispatcher with 12 workers.
 -> (artifact id: '4743fe19de10f7f78ca40efe8d3a7792') in 0.030210 seconds
Number of updated asset objects reloaded before import = 0
Number of asset objects unloaded after import = 1
========================================================================
Received Import Request.
  Time since last request: 0.000022 seconds.
  path: Assets/Systems/Objects/Rooms/RoomPart/Room/Instances/BathRoom/images (9).jpg
  artifactKey: Guid(f37eae0cca9d2324c95744c7937109c8) Importer(2089858483,0ecaa5967403d082aa24f35e1b516d23)
Start importing Assets/Systems/Objects/Rooms/RoomPart/Room/Instances/BathRoom/images (9).jpg using Guid(f37eae0cca9d2324c95744c7937109c8) Importer(2089858483,0ecaa5967403d082aa24f35e1b516d23) [PhysX] Initialized MultithreadedTaskDispatcher with 12 workers.
 -> (artifact id: '275f17093811c3f84f6e75589a77bf8b') in 0.033658 seconds
Number of updated asset objects reloaded before import = 0
Number of asset objects unloaded after import = 1
========================================================================
Received Import Request.
  Time since last request: 0.000016 seconds.
  path: Assets/Systems/Objects/Rooms/RoomPart/Room/Instances/LivingRoom2/LivingRoom2.prefab
  artifactKey: Guid(04bc868d594ce904b8d3f98f7e186d39) Importer(2089858483,0ecaa5967403d082aa24f35e1b516d23)
Start importing Assets/Systems/Objects/Rooms/RoomPart/Room/Instances/LivingRoom2/LivingRoom2.prefab using Guid(04bc868d594ce904b8d3f98f7e186d39) Importer(2089858483,0ecaa5967403d082aa24f35e1b516d23) [PhysX] Initialized MultithreadedTaskDispatcher with 12 workers.
 -> (artifact id: '0cf6b670494c320b3a4d7ec5cb9f320c') in 0.022146 seconds
Number of updated asset objects reloaded before import = 0
Number of asset objects unloaded after import = 45
========================================================================
Received Import Request.
  Time since last request: 0.000018 seconds.
  path: Assets/Systems/Objects/Rooms/RoomPart/Room/Instances/StoneRoom/roof_tiles_14_diff_4k.jpg
  artifactKey: Guid(8b734be3011795b4f8f5a3b54be643ad) Importer(2089858483,0ecaa5967403d082aa24f35e1b516d23)
Start importing Assets/Systems/Objects/Rooms/RoomPart/Room/Instances/StoneRoom/roof_tiles_14_diff_4k.jpg using Guid(8b734be3011795b4f8f5a3b54be643ad) Importer(2089858483,0ecaa5967403d082aa24f35e1b516d23) [PhysX] Initialized MultithreadedTaskDispatcher with 12 workers.
 -> (artifact id: 'a32a910bc34852bd77b69e1cb0cf5930') in 0.236448 seconds
Number of updated asset objects reloaded before import = 0
Number of asset objects unloaded after import = 1
========================================================================
Received Import Request.
  Time since last request: 0.000015 seconds.
  path: Assets/Systems/Objects/Rooms/RoomPart/Room/Instances/GrassRoom/cuddle-clouds-rebel-walls-efu16l.jpg
  artifactKey: Guid(98abe8025806604499b59c9f9203500e) Importer(2089858483,0ecaa5967403d082aa24f35e1b516d23)
Start importing Assets/Systems/Objects/Rooms/RoomPart/Room/Instances/GrassRoom/cuddle-clouds-rebel-walls-efu16l.jpg using Guid(98abe8025806604499b59c9f9203500e) Importer(2089858483,0ecaa5967403d082aa24f35e1b516d23) [PhysX] Initialized MultithreadedTaskDispatcher with 12 workers.
 -> (artifact id: '0569ef6cdb2a6e654a0ad463578fc490') in 0.049464 seconds
Number of updated asset objects reloaded before import = 0
Number of asset objects unloaded after import = 1
========================================================================
Received Import Request.
  Time since last request: 0.000022 seconds.
  path: Assets/Systems/Objects/Rooms/RoomPart/Room/Instances/LivingRoom3/livingRoomFloor3.mat
  artifactKey: Guid(c0c7baa34b207da4d9a37fad0aa2f121) Importer(2089858483,0ecaa5967403d082aa24f35e1b516d23)
Start importing Assets/Systems/Objects/Rooms/RoomPart/Room/Instances/LivingRoom3/livingRoomFloor3.mat using Guid(c0c7baa34b207da4d9a37fad0aa2f121) Importer(2089858483,0ecaa5967403d082aa24f35e1b516d23) [PhysX] Initialized MultithreadedTaskDispatcher with 12 workers.
 -> (artifact id: 'a6d44ac40633458742ad1e7cd858506d') in 0.030688 seconds
Number of updated asset objects reloaded before import = 0
Number of asset objects unloaded after import = 2
========================================================================
Received Import Request.
  Time since last request: 0.000019 seconds.
  path: Assets/Systems/Objects/Rooms/RoomPart/Room/Instances/LivingRoom3/LivingRoom3.prefab
  artifactKey: Guid(e21e45b3a26f7194b972bd7c7c7f8be9) Importer(2089858483,0ecaa5967403d082aa24f35e1b516d23)
Start importing Assets/Systems/Objects/Rooms/RoomPart/Room/Instances/LivingRoom3/LivingRoom3.prefab using Guid(e21e45b3a26f7194b972bd7c7c7f8be9) Importer(2089858483,0ecaa5967403d082aa24f35e1b516d23) [PhysX] Initialized MultithreadedTaskDispatcher with 12 workers.
 -> (artifact id: 'ed3b748e88de91e9f85a94acc7080707') in 0.031439 seconds
Number of updated asset objects reloaded before import = 0
Number of asset objects unloaded after import = 45
========================================================================
Received Import Request.
  Time since last request: 0.000016 seconds.
  path: Assets/Systems/Objects/Rooms/RoomPart/Room/Instances/RedRoom/redRoom.prefab
  artifactKey: Guid(088cbd4add2dd1247a1f1b19a05b725e) Importer(2089858483,0ecaa5967403d082aa24f35e1b516d23)
Start importing Assets/Systems/Objects/Rooms/RoomPart/Room/Instances/RedRoom/redRoom.prefab using Guid(088cbd4add2dd1247a1f1b19a05b725e) Importer(2089858483,0ecaa5967403d082aa24f35e1b516d23) [PhysX] Initialized MultithreadedTaskDispatcher with 12 workers.
 -> (artifact id: '5710843cd0e4ecbc01e5b70b0ad9800b') in 0.025870 seconds
Number of updated asset objects reloaded before import = 0
Number of asset objects unloaded after import = 45
========================================================================
Received Import Request.
  Time since last request: 0.000015 seconds.
  path: Assets/Systems/Objects/Rooms/RoomPart/Room/Instances/FactoryRoom/FactoryRoomFloor.mat
  artifactKey: Guid(abaa7906c69841947ab689c3b055dff5) Importer(2089858483,0ecaa5967403d082aa24f35e1b516d23)
Start importing Assets/Systems/Objects/Rooms/RoomPart/Room/Instances/FactoryRoom/FactoryRoomFloor.mat using Guid(abaa7906c69841947ab689c3b055dff5) Importer(2089858483,0ecaa5967403d082aa24f35e1b516d23) [PhysX] Initialized MultithreadedTaskDispatcher with 12 workers.
 -> (artifact id: '56118d205e2f621066ee57331c2c9639') in 0.038680 seconds
Number of updated asset objects reloaded before import = 0
Number of asset objects unloaded after import = 2
========================================================================
Received Import Request.
  Time since last request: 0.000014 seconds.
  path: Assets/Systems/Objects/Rooms/RoomPart/Room/Instances/Materials/rusted_shutter_diff_4k.mat
  artifactKey: Guid(47c9b0d3718bb8742adc60e43ba6751d) Importer(2089858483,0ecaa5967403d082aa24f35e1b516d23)
Start importing Assets/Systems/Objects/Rooms/RoomPart/Room/Instances/Materials/rusted_shutter_diff_4k.mat using Guid(47c9b0d3718bb8742adc60e43ba6751d) Importer(2089858483,0ecaa5967403d082aa24f35e1b516d23) [PhysX] Initialized MultithreadedTaskDispatcher with 12 workers.
 -> (artifact id: 'd38dfc8a429f684937c93dbd96e27860') in 0.024738 seconds
Number of updated asset objects reloaded before import = 0
Number of asset objects unloaded after import = 2
========================================================================
Received Import Request.
  Time since last request: 0.000016 seconds.
  path: Assets/Systems/Objects/Rooms/RoomPart/Room/Instances/GrassRoom/GrassRoom.prefab
  artifactKey: Guid(60c5c4317f503ce4284eee2e2d43c976) Importer(2089858483,0ecaa5967403d082aa24f35e1b516d23)
Start importing Assets/Systems/Objects/Rooms/RoomPart/Room/Instances/GrassRoom/GrassRoom.prefab using Guid(60c5c4317f503ce4284eee2e2d43c976) Importer(2089858483,0ecaa5967403d082aa24f35e1b516d23) [PhysX] Initialized MultithreadedTaskDispatcher with 12 workers.
 -> (artifact id: '8ef02ef938b447298f4675c4006cecb9') in 0.029368 seconds
Number of updated asset objects reloaded before import = 0
Number of asset objects unloaded after import = 45
========================================================================
Received Import Request.
  Time since last request: 0.000022 seconds.
  path: Assets/Systems/Objects/Rooms/RoomPart/Room/Instances/LivingRoom2/livingRoomFloor2.mat
  artifactKey: Guid(5b967a9ffff28d44daea6ee02947e73b) Importer(2089858483,0ecaa5967403d082aa24f35e1b516d23)
Start importing Assets/Systems/Objects/Rooms/RoomPart/Room/Instances/LivingRoom2/livingRoomFloor2.mat using Guid(5b967a9ffff28d44daea6ee02947e73b) Importer(2089858483,0ecaa5967403d082aa24f35e1b516d23) [PhysX] Initialized MultithreadedTaskDispatcher with 12 workers.
 -> (artifact id: '34697460c8446f7ea5031edc7e68998a') in 0.026871 seconds
Number of updated asset objects reloaded before import = 0
Number of asset objects unloaded after import = 2
========================================================================
Received Import Request.
  Time since last request: 0.000016 seconds.
  path: Assets/Plugins/Zenject/OptionalExtras/SampleGame1 (Beginner)/Media/Imported/SpaceShip/Textures/512_TXTR+Spec.tif
  artifactKey: Guid(96dace51c0add3a46a111a286f8455a6) Importer(2089858483,0ecaa5967403d082aa24f35e1b516d23)
Start importing Assets/Plugins/Zenject/OptionalExtras/SampleGame1 (Beginner)/Media/Imported/SpaceShip/Textures/512_TXTR+Spec.tif using Guid(96dace51c0add3a46a111a286f8455a6) Importer(2089858483,0ecaa5967403d082aa24f35e1b516d23) [PhysX] Initialized MultithreadedTaskDispatcher with 12 workers.
 -> (artifact id: '1dcb188c332f8edfe33bd02a4fc8dac4') in 0.080669 seconds
Number of updated asset objects reloaded before import = 0
Number of asset objects unloaded after import = 1
========================================================================
Received Import Request.
  Time since last request: 0.000025 seconds.
  path: Assets/Systems/Objects/Rooms/RoomPart/Room/Instances/Kitchen/KitchenRoom.prefab
  artifactKey: Guid(8ce78727a399b704390b67f207b66d67) Importer(2089858483,0ecaa5967403d082aa24f35e1b516d23)
Start importing Assets/Systems/Objects/Rooms/RoomPart/Room/Instances/Kitchen/KitchenRoom.prefab using Guid(8ce78727a399b704390b67f207b66d67) Importer(2089858483,0ecaa5967403d082aa24f35e1b516d23) [PhysX] Initialized MultithreadedTaskDispatcher with 12 workers.
 -> (artifact id: '0887ac6651613cc166b5f05d13ae7a34') in 0.061655 seconds
Number of updated asset objects reloaded before import = 0
Number of asset objects unloaded after import = 45
========================================================================
Received Import Request.
  Time since last request: 0.000014 seconds.
  path: Assets/Plugins/Zenject/Source/Binding/Binders/Factory/FactoryToChoiceIdBinder/FactoryToChoiceIdBinder6.cs
  artifactKey: Guid(b60ae0cff4748ec43b6cb040b0f3a728) Importer(2089858483,0ecaa5967403d082aa24f35e1b516d23)
Start importing Assets/Plugins/Zenject/Source/Binding/Binders/Factory/FactoryToChoiceIdBinder/FactoryToChoiceIdBinder6.cs using Guid(b60ae0cff4748ec43b6cb040b0f3a728) Importer(2089858483,0ecaa5967403d082aa24f35e1b516d23) [PhysX] Initialized MultithreadedTaskDispatcher with 12 workers.
 -> (artifact id: '7284a3b51cbda7a1ba7f2614dc057a41') in 0.016234 seconds
Number of updated asset objects reloaded before import = 0
Number of asset objects unloaded after import = 1
========================================================================
Received Import Request.
  Time since last request: 0.000021 seconds.
  path: Assets/Systems/Objects/Rooms/RoomPart/Room/Instances/RedRoom/wenge-chevron-peot73.jpg
  artifactKey: Guid(6072072531f229a4fa5476d9e14bde08) Importer(2089858483,0ecaa5967403d082aa24f35e1b516d23)
Start importing Assets/Systems/Objects/Rooms/RoomPart/Room/Instances/RedRoom/wenge-chevron-peot73.jpg using Guid(6072072531f229a4fa5476d9e14bde08) Importer(2089858483,0ecaa5967403d082aa24f35e1b516d23) [PhysX] Initialized MultithreadedTaskDispatcher with 12 workers.
 -> (artifact id: 'a5f06d5211af97c57f581c0ace169d98') in 0.064340 seconds
Number of updated asset objects reloaded before import = 0
Number of asset objects unloaded after import = 1
========================================================================
Received Import Request.
  Time since last request: 0.000015 seconds.
  path: Assets/Plugins/Zenject/OptionalExtras/SampleGame1 (Beginner)/Media/Imported/Textures/Glow.png
  artifactKey: Guid(9fd0803556af44591a2d3be1bd49a003) Importer(2089858483,0ecaa5967403d082aa24f35e1b516d23)
Start importing Assets/Plugins/Zenject/OptionalExtras/SampleGame1 (Beginner)/Media/Imported/Textures/Glow.png using Guid(9fd0803556af44591a2d3be1bd49a003) Importer(2089858483,0ecaa5967403d082aa24f35e1b516d23) [PhysX] Initialized MultithreadedTaskDispatcher with 12 workers.
 -> (artifact id: '65d09d2411705de8c3d52000d7650206') in 0.027546 seconds
Number of updated asset objects reloaded before import = 0
Number of asset objects unloaded after import = 1
========================================================================
Received Import Request.
  Time since last request: 0.000030 seconds.
  path: Assets/Plugins/Zenject/OptionalExtras/SampleGame1 (Beginner)/Media/Imported/SpaceShip/Textures/1K_Body-TXTR.jpg
  artifactKey: Guid(edc2b3bfe412721409008df82ad98102) Importer(2089858483,0ecaa5967403d082aa24f35e1b516d23)
Start importing Assets/Plugins/Zenject/OptionalExtras/SampleGame1 (Beginner)/Media/Imported/SpaceShip/Textures/1K_Body-TXTR.jpg using Guid(edc2b3bfe412721409008df82ad98102) Importer(2089858483,0ecaa5967403d082aa24f35e1b516d23) [PhysX] Initialized MultithreadedTaskDispatcher with 12 workers.
 -> (artifact id: '101573e76f920740074ee442cde1c5d9') in 0.133338 seconds
Number of updated asset objects reloaded before import = 0
Number of asset objects unloaded after import = 1
========================================================================
Received Import Request.
  Time since last request: 0.000018 seconds.
  path: Assets/Plugins/Zenject/OptionalExtras/SampleGame1 (Beginner)/Media/Imported/SpaceShip/Space_Shooter.fbm/1K_Body-TXTR.jpg
  artifactKey: Guid(01e65fb55683f1f4182f15ee0a5057ad) Importer(2089858483,0ecaa5967403d082aa24f35e1b516d23)
Start importing Assets/Plugins/Zenject/OptionalExtras/SampleGame1 (Beginner)/Media/Imported/SpaceShip/Space_Shooter.fbm/1K_Body-TXTR.jpg using Guid(01e65fb55683f1f4182f15ee0a5057ad) Importer(2089858483,0ecaa5967403d082aa24f35e1b516d23) [PhysX] Initialized MultithreadedTaskDispatcher with 12 workers.
 -> (artifact id: '143e20211110b22beba1a82e5a730b74') in 0.168233 seconds
Number of updated asset objects reloaded before import = 0
Number of asset objects unloaded after import = 1
========================================================================
Received Import Request.
  Time since last request: 0.000026 seconds.
  path: Assets/Plugins/Zenject/Source/Binding/Binders/Factory/FactoryFromBinder/SubContainerBinder/FactorySubContainerBinder2.cs
  artifactKey: Guid(5f32bdc495dbe204caab18bace045515) Importer(2089858483,0ecaa5967403d082aa24f35e1b516d23)
Start importing Assets/Plugins/Zenject/Source/Binding/Binders/Factory/FactoryFromBinder/SubContainerBinder/FactorySubContainerBinder2.cs using Guid(5f32bdc495dbe204caab18bace045515) Importer(2089858483,0ecaa5967403d082aa24f35e1b516d23) [PhysX] Initialized MultithreadedTaskDispatcher with 12 workers.
 -> (artifact id: 'ab507838443cd69767576a3f8c985561') in 0.196646 seconds
Number of updated asset objects reloaded before import = 0
Number of asset objects unloaded after import = 1
========================================================================
Received Import Request.
  Time since last request: 0.000015 seconds.
  path: Assets/Plugins/Zenject/Source/Binding/Binders/Factory/FactoryFromBinder/Untyped/FactoryFromBinderUntyped.cs
  artifactKey: Guid(ed1989ebc010d0746ab301cc5747f5c8) Importer(2089858483,0ecaa5967403d082aa24f35e1b516d23)
Start importing Assets/Plugins/Zenject/Source/Binding/Binders/Factory/FactoryFromBinder/Untyped/FactoryFromBinderUntyped.cs using Guid(ed1989ebc010d0746ab301cc5747f5c8) Importer(2089858483,0ecaa5967403d082aa24f35e1b516d23) [PhysX] Initialized MultithreadedTaskDispatcher with 12 workers.
 -> (artifact id: '8ca052fa5f7e108618525157c4ebdff5') in 0.077538 seconds
Number of updated asset objects reloaded before import = 0
Number of asset objects unloaded after import = 1
========================================================================
Received Import Request.
  Time since last request: 0.000017 seconds.
  path: Assets/Plugins/Zenject/Source/Binding/Binders/Factory/FactoryFromBinder/SubContainerBinder/FactorySubContainerBinder4.cs
  artifactKey: Guid(b0f061434819b334289a066ab685ab37) Importer(2089858483,0ecaa5967403d082aa24f35e1b516d23)
Start importing Assets/Plugins/Zenject/Source/Binding/Binders/Factory/FactoryFromBinder/SubContainerBinder/FactorySubContainerBinder4.cs using Guid(b0f061434819b334289a066ab685ab37) Importer(2089858483,0ecaa5967403d082aa24f35e1b516d23) [PhysX] Initialized MultithreadedTaskDispatcher with 12 workers.
 -> (artifact id: '00ed43f8d5f709d21c56657280f698e0') in 0.031145 seconds
Number of updated asset objects reloaded before import = 0
Number of asset objects unloaded after import = 1
========================================================================
Received Import Request.
  Time since last request: 0.000027 seconds.
  path: Assets/Plugins/Zenject/Source/Binding/Binders/Factory/FactoryFromBinder/SubContainerBinder/FactorySubContainerBinder3.cs
  artifactKey: Guid(fdb97e2862ca0a24e8f87c081ea05727) Importer(2089858483,0ecaa5967403d082aa24f35e1b516d23)
Start importing Assets/Plugins/Zenject/Source/Binding/Binders/Factory/FactoryFromBinder/SubContainerBinder/FactorySubContainerBinder3.cs using Guid(fdb97e2862ca0a24e8f87c081ea05727) Importer(2089858483,0ecaa5967403d082aa24f35e1b516d23) [PhysX] Initialized MultithreadedTaskDispatcher with 12 workers.
 -> (artifact id: '24b09b7f926d18590b536821d0beccf4') in 0.015632 seconds
Number of updated asset objects reloaded before import = 0
Number of asset objects unloaded after import = 1
========================================================================
Received Import Request.
  Time since last request: 0.000019 seconds.
  path: Assets/Systems/Objects/Rooms/RoomPart/Room/Instances/StoneRoom/stoneRoomWall.mat
  artifactKey: Guid(57cd71245465ebb489ba77d260840213) Importer(2089858483,0ecaa5967403d082aa24f35e1b516d23)
Start importing Assets/Systems/Objects/Rooms/RoomPart/Room/Instances/StoneRoom/stoneRoomWall.mat using Guid(57cd71245465ebb489ba77d260840213) Importer(2089858483,0ecaa5967403d082aa24f35e1b516d23) [PhysX] Initialized MultithreadedTaskDispatcher with 12 workers.
 -> (artifact id: 'fe5e3ecabe65a3012451e72f0afbb4d1') in 0.015794 seconds
Number of updated asset objects reloaded before import = 0
Number of asset objects unloaded after import = 2
========================================================================
Received Import Request.
  Time since last request: 0.000017 seconds.
  path: Assets/Plugins/Zenject/OptionalExtras/UnitTests/Editor/Factories/Bindings/TestFactoryFromInstance0.cs
  artifactKey: Guid(a07aa9c58bcc5094f8e29f0d10303fb8) Importer(2089858483,0ecaa5967403d082aa24f35e1b516d23)
Start importing Assets/Plugins/Zenject/OptionalExtras/UnitTests/Editor/Factories/Bindings/TestFactoryFromInstance0.cs using Guid(a07aa9c58bcc5094f8e29f0d10303fb8) Importer(2089858483,0ecaa5967403d082aa24f35e1b516d23) [PhysX] Initialized MultithreadedTaskDispatcher with 12 workers.
 -> (artifact id: '27ccdda5e313cf083b3ae1de1b7087e4') in 0.016309 seconds
Number of updated asset objects reloaded before import = 0
Number of asset objects unloaded after import = 1
========================================================================
Received Import Request.
  Time since last request: 0.000016 seconds.
  path: Assets/Plugins/Zenject/OptionalExtras/SampleGame2 (Advanced)/Media/Prefabs/Explosion.prefab
  artifactKey: Guid(93a60ba8e409947b1a0334537c8b38c8) Importer(2089858483,0ecaa5967403d082aa24f35e1b516d23)
Start importing Assets/Plugins/Zenject/OptionalExtras/SampleGame2 (Advanced)/Media/Prefabs/Explosion.prefab using Guid(93a60ba8e409947b1a0334537c8b38c8) Importer(2089858483,0ecaa5967403d082aa24f35e1b516d23) [PhysX] Initialized MultithreadedTaskDispatcher with 12 workers.
 -> (artifact id: 'fe2b0becdc4d3e7d8581427659fef538') in 0.074073 seconds
Number of updated asset objects reloaded before import = 0
Number of asset objects unloaded after import = 11
========================================================================
Received Import Request.
  Time since last request: 0.000013 seconds.
  path: Assets/Plugins/Zenject/OptionalExtras/UnitTests/Editor/Signals/TestBindSignal.cs
  artifactKey: Guid(907fe89581f70f64e88ceda5022ffdd6) Importer(2089858483,0ecaa5967403d082aa24f35e1b516d23)
Start importing Assets/Plugins/Zenject/OptionalExtras/UnitTests/Editor/Signals/TestBindSignal.cs using Guid(907fe89581f70f64e88ceda5022ffdd6) Importer(2089858483,0ecaa5967403d082aa24f35e1b516d23) [PhysX] Initialized MultithreadedTaskDispatcher with 12 workers.
 -> (artifact id: '9bd94811802db6e38679a5523eb129fa') in 0.018792 seconds
Number of updated asset objects reloaded before import = 0
Number of asset objects unloaded after import = 1
========================================================================
Received Import Request.
  Time since last request: 0.000018 seconds.
  path: Assets/Plugins/Zenject/Source/Binding/Binders/Factory/FactoryFromBinder/FactoryFromBinder0.cs
  artifactKey: Guid(fd0f7feaafd2cc44da895162de285da7) Importer(2089858483,0ecaa5967403d082aa24f35e1b516d23)
Start importing Assets/Plugins/Zenject/Source/Binding/Binders/Factory/FactoryFromBinder/FactoryFromBinder0.cs using Guid(fd0f7feaafd2cc44da895162de285da7) Importer(2089858483,0ecaa5967403d082aa24f35e1b516d23) [PhysX] Initialized MultithreadedTaskDispatcher with 12 workers.
 -> (artifact id: '9349a52d83764b3dc6555c75f9895d78') in 0.018386 seconds
Number of updated asset objects reloaded before import = 0
Number of asset objects unloaded after import = 1
========================================================================
Received Import Request.
  Time since last request: 0.000021 seconds.
  path: Assets/Plugins/Zenject/OptionalExtras/SampleGame1 (Beginner)/Media/Imported/SpaceShip/Textures/1K_Body-NM.jpg
  artifactKey: Guid(b425f3d4e800e284e90bfeccc7276fba) Importer(2089858483,0ecaa5967403d082aa24f35e1b516d23)
Start importing Assets/Plugins/Zenject/OptionalExtras/SampleGame1 (Beginner)/Media/Imported/SpaceShip/Textures/1K_Body-NM.jpg using Guid(b425f3d4e800e284e90bfeccc7276fba) Importer(2089858483,0ecaa5967403d082aa24f35e1b516d23) [PhysX] Initialized MultithreadedTaskDispatcher with 12 workers.
 -> (artifact id: '08cb39b4337d83b05defde7b88b6ab58') in 0.175744 seconds
Number of updated asset objects reloaded before import = 0
Number of asset objects unloaded after import = 1
========================================================================
Received Import Request.
  Time since last request: 0.000017 seconds.
  path: Assets/Plugins/Zenject/OptionalExtras/UnitTests/Editor/BindFeatures/TestMultipleContractTypes.cs
  artifactKey: Guid(fb35253dbaabad84a815c3a9106cab8b) Importer(2089858483,0ecaa5967403d082aa24f35e1b516d23)
Start importing Assets/Plugins/Zenject/OptionalExtras/UnitTests/Editor/BindFeatures/TestMultipleContractTypes.cs using Guid(fb35253dbaabad84a815c3a9106cab8b) Importer(2089858483,0ecaa5967403d082aa24f35e1b516d23) [PhysX] Initialized MultithreadedTaskDispatcher with 12 workers.
 -> (artifact id: '0a107839773512be2ff3ef7e7e98f841') in 0.026833 seconds
Number of updated asset objects reloaded before import = 0
Number of asset objects unloaded after import = 1
========================================================================
Received Import Request.
  Time since last request: 0.000024 seconds.
  path: Assets/Plugins/Zenject/OptionalExtras/SampleGame2 (Advanced)/Scripts/Misc/GameRestartHandler.cs
  artifactKey: Guid(2244a42ec7f6e62498da08eaf3d40e0d) Importer(2089858483,0ecaa5967403d082aa24f35e1b516d23)
Start importing Assets/Plugins/Zenject/OptionalExtras/SampleGame2 (Advanced)/Scripts/Misc/GameRestartHandler.cs using Guid(2244a42ec7f6e62498da08eaf3d40e0d) Importer(2089858483,0ecaa5967403d082aa24f35e1b516d23) [PhysX] Initialized MultithreadedTaskDispatcher with 12 workers.
 -> (artifact id: '29b8e9290ab7c83722bda25042610413') in 0.056255 seconds
Number of updated asset objects reloaded before import = 0
Number of asset objects unloaded after import = 1
========================================================================
Received Import Request.
  Time since last request: 0.000022 seconds.
  path: Assets/Plugins/Zenject/OptionalExtras/IntegrationTests/Bindings/TestDiContainerMethods/Gorp.cs
  artifactKey: Guid(33197ae07a0a36e41bf9fa09aa8d0ce6) Importer(2089858483,0ecaa5967403d082aa24f35e1b516d23)
Start importing Assets/Plugins/Zenject/OptionalExtras/IntegrationTests/Bindings/TestDiContainerMethods/Gorp.cs using Guid(33197ae07a0a36e41bf9fa09aa8d0ce6) Importer(2089858483,0ecaa5967403d082aa24f35e1b516d23) [PhysX] Initialized MultithreadedTaskDispatcher with 12 workers.
 -> (artifact id: '3a7c87641985d7a9cfe7d5bb1cc93ce3') in 0.051511 seconds
Number of updated asset objects reloaded before import = 0
Number of asset objects unloaded after import = 1
========================================================================
Received Import Request.
  Time since last request: 0.000018 seconds.
  path: Assets/Systems/Other/WorldManadgerAndLightSystem/RotationRemapper.cs
  artifactKey: Guid(29733ff4cd54a674c919fc7f44895cc1) Importer(2089858483,0ecaa5967403d082aa24f35e1b516d23)
Start importing Assets/Systems/Other/WorldManadgerAndLightSystem/RotationRemapper.cs using Guid(29733ff4cd54a674c919fc7f44895cc1) Importer(2089858483,0ecaa5967403d082aa24f35e1b516d23) [PhysX] Initialized MultithreadedTaskDispatcher with 12 workers.
 -> (artifact id: '73dd175b5fb41b37b714ac4a6b0ab8a5') in 0.110105 seconds
Number of updated asset objects reloaded before import = 0
Number of asset objects unloaded after import = 1
========================================================================
Received Import Request.
  Time since last request: 0.000015 seconds.
  path: Assets/Plugins/Zenject/OptionalExtras/UnitTests/Editor/Bindings/TestFromMethodMultiple.cs
  artifactKey: Guid(fadc8263bac9f4941b06a03c82251f36) Importer(2089858483,0ecaa5967403d082aa24f35e1b516d23)
Start importing Assets/Plugins/Zenject/OptionalExtras/UnitTests/Editor/Bindings/TestFromMethodMultiple.cs using Guid(fadc8263bac9f4941b06a03c82251f36) Importer(2089858483,0ecaa5967403d082aa24f35e1b516d23) [PhysX] Initialized MultithreadedTaskDispatcher with 12 workers.
 -> (artifact id: '39a3427a89f595ff80a0aeb196e0a84e') in 0.020713 seconds
Number of updated asset objects reloaded before import = 0
Number of asset objects unloaded after import = 1
========================================================================
Received Import Request.
  Time since last request: 0.000025 seconds.
  path: Assets/Plugins/Zenject/OptionalExtras/SampleGame1 (Beginner)/Media/Imported/Rocks/meshes/rock_01.fbx
  artifactKey: Guid(0aee836645b89374583afeb4ca36b969) Importer(2089858483,0ecaa5967403d082aa24f35e1b516d23)
Start importing Assets/Plugins/Zenject/OptionalExtras/SampleGame1 (Beginner)/Media/Imported/Rocks/meshes/rock_01.fbx using Guid(0aee836645b89374583afeb4ca36b969) Importer(2089858483,0ecaa5967403d082aa24f35e1b516d23) [PhysX] Initialized MultithreadedTaskDispatcher with 12 workers.
 -> (artifact id: 'f6b5380f0864c8ce3b47b003a1ccd193') in 0.029821 seconds
Number of updated asset objects reloaded before import = 0
Number of asset objects unloaded after import = 8
========================================================================
Received Import Request.
  Time since last request: 0.000016 seconds.
  path: Assets/Plugins/Zenject/OptionalExtras/IntegrationTests/SceneContractTests/Decorators/Scene1Installer.cs
  artifactKey: Guid(c4d7a9a15b734ad4682e1817c61c98c6) Importer(2089858483,0ecaa5967403d082aa24f35e1b516d23)
Start importing Assets/Plugins/Zenject/OptionalExtras/IntegrationTests/SceneContractTests/Decorators/Scene1Installer.cs using Guid(c4d7a9a15b734ad4682e1817c61c98c6) Importer(2089858483,0ecaa5967403d082aa24f35e1b516d23) [PhysX] Initialized MultithreadedTaskDispatcher with 12 workers.
 -> (artifact id: 'c8cc6ce03e0f52b5bc321adb2d9927b2') in 0.028265 seconds
Number of updated asset objects reloaded before import = 0
Number of asset objects unloaded after import = 1
========================================================================
Received Import Request.
  Time since last request: 0.000018 seconds.
  path: Assets/BearsStudios_LowPoly_PineTrees/Prefabs/winter_pine_03.prefab
  artifactKey: Guid(b7d42a351b1c878429031a75fe6a85fe) Importer(2089858483,0ecaa5967403d082aa24f35e1b516d23)
Start importing Assets/BearsStudios_LowPoly_PineTrees/Prefabs/winter_pine_03.prefab using Guid(b7d42a351b1c878429031a75fe6a85fe) Importer(2089858483,0ecaa5967403d082aa24f35e1b516d23) [PhysX] Initialized MultithreadedTaskDispatcher with 12 workers.
 -> (artifact id: '19e6669860ac38ac34fc33284a89d5ac') in 0.116764 seconds
Number of updated asset objects reloaded before import = 0
Number of asset objects unloaded after import = 8
========================================================================
Received Import Request.
  Time since last request: 0.000015 seconds.
  path: Assets/Plugins/Zenject/OptionalExtras/IntegrationTests/Bindings/TestFromSubContainerPrefab/Foo.cs
  artifactKey: Guid(6997e435baf0c60488bc2bc179014813) Importer(2089858483,0ecaa5967403d082aa24f35e1b516d23)
Start importing Assets/Plugins/Zenject/OptionalExtras/IntegrationTests/Bindings/TestFromSubContainerPrefab/Foo.cs using Guid(6997e435baf0c60488bc2bc179014813) Importer(2089858483,0ecaa5967403d082aa24f35e1b516d23) [PhysX] Initialized MultithreadedTaskDispatcher with 12 workers.
 -> (artifact id: 'fdb8fb980eb42631511f88e0ad463220') in 0.019184 seconds
Number of updated asset objects reloaded before import = 0
Number of asset objects unloaded after import = 1
========================================================================
Received Import Request.
  Time since last request: 0.000020 seconds.
  path: Assets/Scenes/PlayerTest/PlayerTest.unity
  artifactKey: Guid(d41f9ea4fcd80b046b448f7b6fe64ed0) Importer(2089858483,0ecaa5967403d082aa24f35e1b516d23)
Start importing Assets/Scenes/PlayerTest/PlayerTest.unity using Guid(d41f9ea4fcd80b046b448f7b6fe64ed0) Importer(2089858483,0ecaa5967403d082aa24f35e1b516d23) [PhysX] Initialized MultithreadedTaskDispatcher with 12 workers.
 -> (artifact id: 'afb9d05c46196aa89d4039faa423112d') in 0.062987 seconds
Number of updated asset objects reloaded before import = 0
Number of asset objects unloaded after import = 1
========================================================================
Received Import Request.
  Time since last request: 0.000017 seconds.
  path: Assets/Plugins/TextMesh Pro/Shaders/TMP_SDF-Surface-Mobile.shader
  artifactKey: Guid(85187c2149c549c5b33f0cdb02836b17) Importer(2089858483,0ecaa5967403d082aa24f35e1b516d23)
Start importing Assets/Plugins/TextMesh Pro/Shaders/TMP_SDF-Surface-Mobile.shader using Guid(85187c2149c549c5b33f0cdb02836b17) Importer(2089858483,0ecaa5967403d082aa24f35e1b516d23) [PhysX] Initialized MultithreadedTaskDispatcher with 12 workers.
 -> (artifact id: 'b2eb3f939f2789b30af7b33f8b9575ac') in 0.018838 seconds
Number of updated asset objects reloaded before import = 0
Number of asset objects unloaded after import = 1
========================================================================
Received Import Request.
  Time since last request: 0.000028 seconds.
  path: Assets/Plugins/Zenject/Source/Util/ZenPools.cs
  artifactKey: Guid(14ff296505fe79448b0c79ec09977477) Importer(2089858483,0ecaa5967403d082aa24f35e1b516d23)
Start importing Assets/Plugins/Zenject/Source/Util/ZenPools.cs using Guid(14ff296505fe79448b0c79ec09977477) Importer(2089858483,0ecaa5967403d082aa24f35e1b516d23) [PhysX] Initialized MultithreadedTaskDispatcher with 12 workers.
 -> (artifact id: 'e56f619fb78ba99becc6ac01853f35f5') in 0.017211 seconds
Number of updated asset objects reloaded before import = 0
Number of asset objects unloaded after import = 1
========================================================================
Received Import Request.
  Time since last request: 0.000017 seconds.
  path: Assets/Music and Sound/SFX/Monsters/Updated Dog Sounds/Dog Sniff SFX 3.wav
  artifactKey: Guid(0eded0a8501f1b1498aff1245ace96f9) Importer(2089858483,0ecaa5967403d082aa24f35e1b516d23)
Start importing Assets/Music and Sound/SFX/Monsters/Updated Dog Sounds/Dog Sniff SFX 3.wav using Guid(0eded0a8501f1b1498aff1245ace96f9) Importer(2089858483,0ecaa5967403d082aa24f35e1b516d23) [PhysX] Initialized MultithreadedTaskDispatcher with 12 workers.
 -> (artifact id: '45cb3d769514cef84dfe63b772f71d18') in 0.053073 seconds
Number of updated asset objects reloaded before import = 0
Number of asset objects unloaded after import = 1
========================================================================
Received Import Request.
  Time since last request: 0.000014 seconds.
  path: Assets/Audio/LevelMusic.cs
  artifactKey: Guid(c73982400cee69e40a0d75ff62bc3f0d) Importer(2089858483,0ecaa5967403d082aa24f35e1b516d23)
Start importing Assets/Audio/LevelMusic.cs using Guid(c73982400cee69e40a0d75ff62bc3f0d) Importer(2089858483,0ecaa5967403d082aa24f35e1b516d23) [PhysX] Initialized MultithreadedTaskDispatcher with 12 workers.
 -> (artifact id: 'f2ffa6377d28eec89dc4bfa7ab6bf350') in 0.432641 seconds
Number of updated asset objects reloaded before import = 0
Number of asset objects unloaded after import = 1
========================================================================
Received Import Request.
  Time since last request: 0.000015 seconds.
  path: Assets/Graphics/Icons/circular-alarm-clock-tool.png
  artifactKey: Guid(20406eca41b0bc245ba983135796bffa) Importer(2089858483,0ecaa5967403d082aa24f35e1b516d23)
Start importing Assets/Graphics/Icons/circular-alarm-clock-tool.png using Guid(20406eca41b0bc245ba983135796bffa) Importer(2089858483,0ecaa5967403d082aa24f35e1b516d23) [PhysX] Initialized MultithreadedTaskDispatcher with 12 workers.
 -> (artifact id: '948b092bc083e640c5cc2452bea2dcfc') in 0.158142 seconds
Number of updated asset objects reloaded before import = 0
Number of asset objects unloaded after import = 3
========================================================================
Received Import Request.
  Time since last request: 111.112528 seconds.
  path: Assets/Systems/Objects/Rooms/RoomPart/Room/Instances/BathRoom/bathRoomWall.mat
  artifactKey: Guid(5fc06a1eeba70124d85eee901f10e622) Importer(815301076,1909f56bfc062723c751e8b465ee728b)
Start importing Assets/Systems/Objects/Rooms/RoomPart/Room/Instances/BathRoom/bathRoomWall.mat using Guid(5fc06a1eeba70124d85eee901f10e622) Importer(815301076,1909f56bfc062723c751e8b465ee728b) [PhysX] Initialized MultithreadedTaskDispatcher with 12 workers.
[PhysX] Initialized MultithreadedTaskDispatcher with 12 workers.
 -> (artifact id: '2dfbd4c09c06a6a93f40d69ee4a1fcab') in 0.020997 seconds
Number of updated asset objects reloaded before import = 0
Number of asset objects unloaded after import = 2
========================================================================
Received Import Request.
  Time since last request: 0.000015 seconds.
  path: Assets/Systems/Objects/Rooms/RoomPart/Room/Instances/StoneRoom/stoneRoomWall.mat
  artifactKey: Guid(57cd71245465ebb489ba77d260840213) Importer(815301076,1909f56bfc062723c751e8b465ee728b)
Start importing Assets/Systems/Objects/Rooms/RoomPart/Room/Instances/StoneRoom/stoneRoomWall.mat using Guid(57cd71245465ebb489ba77d260840213) Importer(815301076,1909f56bfc062723c751e8b465ee728b) [PhysX] Initialized MultithreadedTaskDispatcher with 12 workers.
[PhysX] Initialized MultithreadedTaskDispatcher with 12 workers.
 -> (artifact id: '9634703259d2b48404420f292d8fd4e2') in 0.021089 seconds
Number of updated asset objects reloaded before import = 0
Number of asset objects unloaded after import = 2
========================================================================
Received Import Request.
  Time since last request: 0.000018 seconds.
  path: Assets/Systems/Objects/Rooms/RoomPart/Room/Instances/StoneRoom/stoneRoomFloor.mat
  artifactKey: Guid(87b9e5ca2561d0442b61196e5a491cc4) Importer(815301076,1909f56bfc062723c751e8b465ee728b)
Start importing Assets/Systems/Objects/Rooms/RoomPart/Room/Instances/StoneRoom/stoneRoomFloor.mat using Guid(87b9e5ca2561d0442b61196e5a491cc4) Importer(815301076,1909f56bfc062723c751e8b465ee728b) [PhysX] Initialized MultithreadedTaskDispatcher with 12 workers.
[PhysX] Initialized MultithreadedTaskDispatcher with 12 workers.
 -> (artifact id: 'ef158b0158a0d8b8d396220582de323b') in 0.039859 seconds
Number of updated asset objects reloaded before import = 0
Number of asset objects unloaded after import = 2
========================================================================
Received Import Request.
  Time since last request: 0.000014 seconds.
  path: Assets/Systems/Objects/Rooms/RoomPart/Room/Instances/FactoryRoom/FactoryRoomFloor.mat
  artifactKey: Guid(abaa7906c69841947ab689c3b055dff5) Importer(815301076,1909f56bfc062723c751e8b465ee728b)
Start importing Assets/Systems/Objects/Rooms/RoomPart/Room/Instances/FactoryRoom/FactoryRoomFloor.mat using Guid(abaa7906c69841947ab689c3b055dff5) Importer(815301076,1909f56bfc062723c751e8b465ee728b) [PhysX] Initialized MultithreadedTaskDispatcher with 12 workers.
[PhysX] Initialized MultithreadedTaskDispatcher with 12 workers.
 -> (artifact id: '49ec1c3b261b3fbee968414c283c74e7') in 0.023552 seconds
Number of updated asset objects reloaded before import = 0
Number of asset objects unloaded after import = 2
========================================================================
Received Import Request.
  Time since last request: 0.000021 seconds.
  path: Assets/Systems/Objects/Rooms/RoomPart/Room/Instances/LivingRoom3/livingRoomFloor3.mat
  artifactKey: Guid(c0c7baa34b207da4d9a37fad0aa2f121) Importer(815301076,1909f56bfc062723c751e8b465ee728b)
Start importing Assets/Systems/Objects/Rooms/RoomPart/Room/Instances/LivingRoom3/livingRoomFloor3.mat using Guid(c0c7baa34b207da4d9a37fad0aa2f121) Importer(815301076,1909f56bfc062723c751e8b465ee728b) [PhysX] Initialized MultithreadedTaskDispatcher with 12 workers.
[PhysX] Initialized MultithreadedTaskDispatcher with 12 workers.
 -> (artifact id: 'da371aac5ae6913a6497f10b68d0f37d') in 0.015959 seconds
Number of updated asset objects reloaded before import = 0
Number of asset objects unloaded after import = 2
========================================================================
Received Import Request.
  Time since last request: 0.876687 seconds.
  path: Assets/Systems/Objects/Rooms/RoomPart/Room/Instances/LivingRoom3/livingRoomWall3.mat
  artifactKey: Guid(67c9f251e66ba0546ba01dc6fe40a541) Importer(2089858483,0ecaa5967403d082aa24f35e1b516d23)
Start importing Assets/Systems/Objects/Rooms/RoomPart/Room/Instances/LivingRoom3/livingRoomWall3.mat using Guid(67c9f251e66ba0546ba01dc6fe40a541) Importer(2089858483,0ecaa5967403d082aa24f35e1b516d23) [PhysX] Initialized MultithreadedTaskDispatcher with 12 workers.
 -> (artifact id: 'b01ba84b74f08c4be511701973dbefd7') in 0.009707 seconds
Number of updated asset objects reloaded before import = 0
Number of asset objects unloaded after import = 2
========================================================================
Received Import Request.
  Time since last request: 0.000018 seconds.
  path: Assets/Systems/Objects/Rooms/RoomPart/Room/Instances/BathRoom/bathRoomFloor.mat
  artifactKey: Guid(51fb40d0feab4a04d9b3f9c32511077d) Importer(2089858483,0ecaa5967403d082aa24f35e1b516d23)
Start importing Assets/Systems/Objects/Rooms/RoomPart/Room/Instances/BathRoom/bathRoomFloor.mat using Guid(51fb40d0feab4a04d9b3f9c32511077d) Importer(2089858483,0ecaa5967403d082aa24f35e1b516d23) [PhysX] Initialized MultithreadedTaskDispatcher with 12 workers.
 -> (artifact id: 'eefb6e5055b34c23cf68631be854738f') in 0.060770 seconds
Number of updated asset objects reloaded before import = 0
Number of asset objects unloaded after import = 2
========================================================================
Received Import Request.
  Time since last request: 0.000018 seconds.
  path: Assets/Scenes/newLevels/HubLevel.unity
  artifactKey: Guid(23baca84fe707634799d0586118617de) Importer(2089858483,0ecaa5967403d082aa24f35e1b516d23)
Start importing Assets/Scenes/newLevels/HubLevel.unity using Guid(23baca84fe707634799d0586118617de) Importer(2089858483,0ecaa5967403d082aa24f35e1b516d23) [PhysX] Initialized MultithreadedTaskDispatcher with 12 workers.
 -> (artifact id: 'd0eb3d8fd7a6fcf31a8332e7934617a0') in 0.013997 seconds
Number of updated asset objects reloaded before import = 0
Number of asset objects unloaded after import = 1
========================================================================
Received Import Request.
  Time since last request: 0.000013 seconds.
  path: Assets/Systems/Objects/Rooms/RoomPart/Room/Instances/LivingRoom3/livingRoomFloor3.mat
  artifactKey: Guid(c0c7baa34b207da4d9a37fad0aa2f121) Importer(2089858483,0ecaa5967403d082aa24f35e1b516d23)
Start importing Assets/Systems/Objects/Rooms/RoomPart/Room/Instances/LivingRoom3/livingRoomFloor3.mat using Guid(c0c7baa34b207da4d9a37fad0aa2f121) Importer(2089858483,0ecaa5967403d082aa24f35e1b516d23) [PhysX] Initialized MultithreadedTaskDispatcher with 12 workers.
 -> (artifact id: '356a176374d4349f8def24d679b1d726') in 0.029548 seconds
Number of updated asset objects reloaded before import = 0
Number of asset objects unloaded after import = 2
========================================================================
Received Import Request.
  Time since last request: 0.000017 seconds.
  path: Assets/Systems/Objects/Rooms/RoomPart/Room/Instances/StoneRoom/stoneRoomWall.mat
  artifactKey: Guid(57cd71245465ebb489ba77d260840213) Importer(2089858483,0ecaa5967403d082aa24f35e1b516d23)
Start importing Assets/Systems/Objects/Rooms/RoomPart/Room/Instances/StoneRoom/stoneRoomWall.mat using Guid(57cd71245465ebb489ba77d260840213) Importer(2089858483,0ecaa5967403d082aa24f35e1b516d23) [PhysX] Initialized MultithreadedTaskDispatcher with 12 workers.
 -> (artifact id: 'bf1717dc60603675f8f095c7e34d4163') in 0.020192 seconds
Number of updated asset objects reloaded before import = 0
Number of asset objects unloaded after import = 2
========================================================================
Received Import Request.
  Time since last request: 0.000013 seconds.
  path: Assets/Systems/Objects/Rooms/RoomPart/Room/Instances/BathRoom/bathRoomWall.mat
  artifactKey: Guid(5fc06a1eeba70124d85eee901f10e622) Importer(2089858483,0ecaa5967403d082aa24f35e1b516d23)
Start importing Assets/Systems/Objects/Rooms/RoomPart/Room/Instances/BathRoom/bathRoomWall.mat using Guid(5fc06a1eeba70124d85eee901f10e622) Importer(2089858483,0ecaa5967403d082aa24f35e1b516d23) [PhysX] Initialized MultithreadedTaskDispatcher with 12 workers.
 -> (artifact id: '2909541fd55c51b795b37271b9018dab') in 0.027830 seconds
Number of updated asset objects reloaded before import = 0
Number of asset objects unloaded after import = 2
========================================================================
Received Import Request.
  Time since last request: 0.000018 seconds.
  path: Assets/Systems/Objects/Rooms/RoomPart/Room/Instances/StoneRoom/stoneRoomFloor.mat
  artifactKey: Guid(87b9e5ca2561d0442b61196e5a491cc4) Importer(2089858483,0ecaa5967403d082aa24f35e1b516d23)
Start importing Assets/Systems/Objects/Rooms/RoomPart/Room/Instances/StoneRoom/stoneRoomFloor.mat using Guid(87b9e5ca2561d0442b61196e5a491cc4) Importer(2089858483,0ecaa5967403d082aa24f35e1b516d23) [PhysX] Initialized MultithreadedTaskDispatcher with 12 workers.
 -> (artifact id: '9e9cfca41940d4e6acc499a6b0226e1d') in 0.017749 seconds
Number of updated asset objects reloaded before import = 0
Number of asset objects unloaded after import = 2
========================================================================
Received Prepare
Caller must complete domain reload
Begin MonoManager ReloadAssembly
Symbol file LoadedFromMemory is not a mono symbol file
- Loaded All Assemblies, in  0.913 seconds
Native extension for WindowsStandalone target not found
Native extension for WebGL target not found
[MODES] ModeService[none].Initialize
[MODES] ModeService[none].LoadModes
[MODES] Loading mode Default (0) for mode-current-id-ALiminalGame
Mono: successfully reloaded assembly
- Finished resetting the current domain, in  2.425 seconds
Domain Reload Profiling: 3339ms
	BeginReloadAssembly (514ms)
		ExecutionOrderSort (0ms)
		DisableScriptedObjects (335ms)
		BackupInstance (0ms)
		ReleaseScriptingObjects (0ms)
		CreateAndSetChildDomain (69ms)
	RebuildCommonClasses (45ms)
	RebuildNativeTypeToScriptingClass (13ms)
	initialDomainReloadingComplete (32ms)
	LoadAllAssembliesAndSetupDomain (309ms)
		LoadAssemblies (355ms)
		RebuildTransferFunctionScriptingTraits (0ms)
		AnalyzeDomain (27ms)
			TypeCache.Refresh (10ms)
				TypeCache.ScanAssembly (0ms)
			ScanForSourceGeneratedMonoScriptInfo (0ms)
			ResolveRequiredComponents (15ms)
	FinalizeReload (2425ms)
		ReleaseScriptCaches (0ms)
		RebuildScriptCaches (0ms)
		SetupLoadedEditorAssemblies (1673ms)
			LogAssemblyErrors (0ms)
			InitializePlatformSupportModulesInManaged (7ms)
			SetLoadedEditorAssemblies (5ms)
			RefreshPlugins (0ms)
			BeforeProcessingInitializeOnLoad (168ms)
			ProcessInitializeOnLoadAttributes (1439ms)
			ProcessInitializeOnLoadMethodAttributes (50ms)
			AfterProcessingInitializeOnLoad (3ms)
			EditorAssembliesLoaded (0ms)
		ExecutionOrderSort2 (0ms)
		AwakeInstancesAfterBackupRestoration (549ms)
Refreshing native plugins compatible for Editor in 3.88 ms, found 5 plugins.
Preloading 0 native plugins for Editor in 0.00 ms.
Unloading 6748 Unused Serialized files (Serialized files now loaded: 0)
Unloading 36 unused Assets / (42.4 KB). Loaded Objects now: 7338.
Memory consumption went from 207.1 MB to 207.1 MB.
Total: 5.562100 ms (FindLiveObjects: 0.508800 ms CreateObjectMapping: 0.655300 ms MarkObjects: 4.322300 ms  DeleteObjects: 0.074900 ms)

Prepare: number of updated asset objects reloaded= 0
AssetImportParameters requested are different than current active one (requested -> active):
  custom:container-demuxer-ogg: 62fdf1f143b41e24485cea50d1cbac27 -> 
  custom:framework-win-MediaFoundation: 216162199b28c13a410421893ffa2e32 -> 
  custom:container-muxer-webm: aa71ff27fc2769a1b78a27578f13a17b -> 
  custom:video-decoder-webm-vp8: 9c59270c3fd7afecdb556c50c9e8de78 -> 
  custom:SearchIndexIgnoredProperties: e643bd26f0fe6173181afceb89e7c659 -> 
  custom:AudioImporter_EditorPlatform: d09bf68614088b80899f8185d706f6e7 -> 
  custom:audio-decoder-ogg-vorbis: bf7c407c2cedff20999df2af8eb42d56 -> 
  custom:audio-encoder-webm-vorbis: bf7c407c2cedff20999df2af8eb42d56 -> 
  custom:video-decoder-ogg-theora: a1e56fd34408186e4bbccfd4996cb3dc -> 
  custom:CustomObjectIndexerAttribute: 9a22284fe3817be447336de3de66b15e -> 
  custom:container-demuxer-webm: 4f35f7cbe854078d1ac9338744f61a02 -> 
  custom:video-encoder-webm-vp8: eb34c28f22e8b96e1ab97ce403110664 -> 
========================================================================
Received Prepare
Caller must complete domain reload
Begin MonoManager ReloadAssembly
Symbol file LoadedFromMemory is not a mono symbol file
- Loaded All Assemblies, in  0.560 seconds
Native extension for WindowsStandalone target not found
Native extension for WebGL target not found
[MODES] ModeService[none].Initialize
[MODES] ModeService[none].LoadModes
[MODES] Loading mode Default (0) for mode-current-id-ALiminalGame
Mono: successfully reloaded assembly
- Finished resetting the current domain, in  3.245 seconds
Domain Reload Profiling: 3804ms
	BeginReloadAssembly (173ms)
		ExecutionOrderSort (0ms)
		DisableScriptedObjects (12ms)
		BackupInstance (0ms)
		ReleaseScriptingObjects (0ms)
		CreateAndSetChildDomain (42ms)
	RebuildCommonClasses (33ms)
	RebuildNativeTypeToScriptingClass (15ms)
	initialDomainReloadingComplete (35ms)
	LoadAllAssembliesAndSetupDomain (302ms)
		LoadAssemblies (353ms)
		RebuildTransferFunctionScriptingTraits (0ms)
		AnalyzeDomain (25ms)
			TypeCache.Refresh (9ms)
				TypeCache.ScanAssembly (0ms)
			ScanForSourceGeneratedMonoScriptInfo (0ms)
			ResolveRequiredComponents (14ms)
	FinalizeReload (3245ms)
		ReleaseScriptCaches (0ms)
		RebuildScriptCaches (0ms)
		SetupLoadedEditorAssemblies (1639ms)
			LogAssemblyErrors (0ms)
			InitializePlatformSupportModulesInManaged (7ms)
			SetLoadedEditorAssemblies (5ms)
			RefreshPlugins (0ms)
			BeforeProcessingInitializeOnLoad (155ms)
			ProcessInitializeOnLoadAttributes (1427ms)
			ProcessInitializeOnLoadMethodAttributes (43ms)
			AfterProcessingInitializeOnLoad (3ms)
			EditorAssembliesLoaded (0ms)
		ExecutionOrderSort2 (0ms)
		AwakeInstancesAfterBackupRestoration (1073ms)
Refreshing native plugins compatible for Editor in 3.89 ms, found 5 plugins.
Preloading 0 native plugins for Editor in 0.00 ms.
Unloading 6749 Unused Serialized files (Serialized files now loaded: 0)
Unloading 30 unused Assets / (36.8 KB). Loaded Objects now: 7344.
Memory consumption went from 207.4 MB to 207.4 MB.
Total: 4.575800 ms (FindLiveObjects: 0.434400 ms CreateObjectMapping: 0.358800 ms MarkObjects: 3.731100 ms  DeleteObjects: 0.050800 ms)

Prepare: number of updated asset objects reloaded= 0
AssetImportParameters requested are different than current active one (requested -> active):
  custom:container-demuxer-ogg: 62fdf1f143b41e24485cea50d1cbac27 -> 
  custom:framework-win-MediaFoundation: 216162199b28c13a410421893ffa2e32 -> 
  custom:container-muxer-webm: aa71ff27fc2769a1b78a27578f13a17b -> 
  custom:video-decoder-webm-vp8: 9c59270c3fd7afecdb556c50c9e8de78 -> 
  custom:SearchIndexIgnoredProperties: e643bd26f0fe6173181afceb89e7c659 -> 
  custom:AudioImporter_EditorPlatform: d09bf68614088b80899f8185d706f6e7 -> 
  custom:audio-decoder-ogg-vorbis: bf7c407c2cedff20999df2af8eb42d56 -> 
  custom:audio-encoder-webm-vorbis: bf7c407c2cedff20999df2af8eb42d56 -> 
  custom:video-decoder-ogg-theora: a1e56fd34408186e4bbccfd4996cb3dc -> 
  custom:CustomObjectIndexerAttribute: 9a22284fe3817be447336de3de66b15e -> 
  custom:container-demuxer-webm: 4f35f7cbe854078d1ac9338744f61a02 -> 
  custom:video-encoder-webm-vp8: eb34c28f22e8b96e1ab97ce403110664 -> 
========================================================================
Received Import Request.
  Time since last request: 543.503377 seconds.
  path: Assets/Systems/Objects/Objects/LevelPortal/Portal.mat
  artifactKey: Guid(ead257362741fda40b9f7511aaffa21a) Importer(815301076,1909f56bfc062723c751e8b465ee728b)
Start importing Assets/Systems/Objects/Objects/LevelPortal/Portal.mat using Guid(ead257362741fda40b9f7511aaffa21a) Importer(815301076,1909f56bfc062723c751e8b465ee728b) [PhysX] Initialized MultithreadedTaskDispatcher with 12 workers.
[PhysX] Initialized MultithreadedTaskDispatcher with 12 workers.
 -> (artifact id: '508f1f1c88b0b7ff2f0d692ffe283512') in 0.090471 seconds
Number of updated asset objects reloaded before import = 0
Number of asset objects unloaded after import = 1
========================================================================
Received Import Request.
  Time since last request: 0.000014 seconds.
  path: Assets/Systems/Objects/Objects/LevelPortal/PortalDoor.prefab
  artifactKey: Guid(b9095fb205688be4c82ee8ed9a54a958) Importer(815301076,1909f56bfc062723c751e8b465ee728b)
Start importing Assets/Systems/Objects/Objects/LevelPortal/PortalDoor.prefab using Guid(b9095fb205688be4c82ee8ed9a54a958) Importer(815301076,1909f56bfc062723c751e8b465ee728b) [PhysX] Initialized MultithreadedTaskDispatcher with 12 workers.
[PhysX] Initialized MultithreadedTaskDispatcher with 12 workers.
Refreshing native plugins compatible for Editor in 4.43 ms, found 5 plugins.
Preloading 0 native plugins for Editor in 0.00 ms.
 -> (artifact id: '489ed2f684bbede69e5b04d7793026b2') in 0.353860 seconds
Number of updated asset objects reloaded before import = 0
Number of asset objects unloaded after import = 105
========================================================================
Received Import Request.
  Time since last request: 97.224380 seconds.
  path: Assets/Systems/Objects/Rooms/Prefabs/FullWallBlock.prefab
  artifactKey: Guid(5cf442d646fbef34e9d1a68e594bcf8b) Importer(815301076,1909f56bfc062723c751e8b465ee728b)
Start importing Assets/Systems/Objects/Rooms/Prefabs/FullWallBlock.prefab using Guid(5cf442d646fbef34e9d1a68e594bcf8b) Importer(815301076,1909f56bfc062723c751e8b465ee728b) [PhysX] Initialized MultithreadedTaskDispatcher with 12 workers.
[PhysX] Initialized MultithreadedTaskDispatcher with 12 workers.
 -> (artifact id: '57b5eb49ccccc3fbad8077847c11077a') in 0.159113 seconds
Number of updated asset objects reloaded before import = 0
Number of asset objects unloaded after import = 11
========================================================================
Received Import Request.
  Time since last request: 0.000014 seconds.
  path: Assets/Systems/Objects/Rooms/Prefabs/RoomPart_Door.prefab
  artifactKey: Guid(989218249d3d5fd429ab6d91ce6eec03) Importer(815301076,1909f56bfc062723c751e8b465ee728b)
Start importing Assets/Systems/Objects/Rooms/Prefabs/RoomPart_Door.prefab using Guid(989218249d3d5fd429ab6d91ce6eec03) Importer(815301076,1909f56bfc062723c751e8b465ee728b) [PhysX] Initialized MultithreadedTaskDispatcher with 12 workers.
[PhysX] Initialized MultithreadedTaskDispatcher with 12 workers.
 -> (artifact id: 'a1645aadc530f16166089d97fef6a26d') in 0.206361 seconds
Number of updated asset objects reloaded before import = 0
Number of asset objects unloaded after import = 41
========================================================================
Received Import Request.
  Time since last request: 49.647167 seconds.
  path: Assets/Systems/Objects/Rooms/RoomPart/Wall/RoomPartObject/Wall.prefab
  artifactKey: Guid(0489310def65c7846a401a33a5ce134b) Importer(815301076,1909f56bfc062723c751e8b465ee728b)
Start importing Assets/Systems/Objects/Rooms/RoomPart/Wall/RoomPartObject/Wall.prefab using Guid(0489310def65c7846a401a33a5ce134b) Importer(815301076,1909f56bfc062723c751e8b465ee728b) [PhysX] Initialized MultithreadedTaskDispatcher with 12 workers.
[PhysX] Initialized MultithreadedTaskDispatcher with 12 workers.
 -> (artifact id: '1d26177a5986c2323e06f6c849bb29e8') in 0.033044 seconds
Number of updated asset objects reloaded before import = 0
Number of asset objects unloaded after import = 34
========================================================================
Received Import Request.
  Time since last request: 22.822797 seconds.
  path: Assets/Systems/Objects/Rooms/RoomPart/DoorPortal/RoomPartMarkDoor.prefab
  artifactKey: Guid(94d03bab5315d1b4ea502e4b801e1f66) Importer(815301076,1909f56bfc062723c751e8b465ee728b)
Start importing Assets/Systems/Objects/Rooms/RoomPart/DoorPortal/RoomPartMarkDoor.prefab using Guid(94d03bab5315d1b4ea502e4b801e1f66) Importer(815301076,1909f56bfc062723c751e8b465ee728b) [PhysX] Initialized MultithreadedTaskDispatcher with 12 workers.
[PhysX] Initialized MultithreadedTaskDispatcher with 12 workers.
 -> (artifact id: 'e4f2a0c5850935c64c18c35f6cef3d0d') in 0.023904 seconds
Number of updated asset objects reloaded before import = 0
Number of asset objects unloaded after import = 9
========================================================================
Received Import Request.
  Time since last request: 118.002480 seconds.
  path: Assets/Systems/Objects/Rooms/RoomPart/DoorPortal/RoomPartMarkDoorPortal.prefab
  artifactKey: Guid(94d03bab5315d1b4ea502e4b801e1f66) Importer(815301076,1909f56bfc062723c751e8b465ee728b)
Start importing Assets/Systems/Objects/Rooms/RoomPart/DoorPortal/RoomPartMarkDoorPortal.prefab using Guid(94d03bab5315d1b4ea502e4b801e1f66) Importer(815301076,1909f56bfc062723c751e8b465ee728b) [PhysX] Initialized MultithreadedTaskDispatcher with 12 workers.
[PhysX] Initialized MultithreadedTaskDispatcher with 12 workers.
 -> (artifact id: '1bca1845d24e45faa5442674ac33f62f') in 0.032150 seconds
Number of updated asset objects reloaded before import = 1
Number of asset objects unloaded after import = 9
========================================================================
Received Prepare
Caller must complete domain reload
Begin MonoManager ReloadAssembly
Symbol file LoadedFromMemory is not a mono symbol file
- Loaded All Assemblies, in  0.562 seconds
Native extension for WindowsStandalone target not found
Native extension for WebGL target not found
[MODES] ModeService[none].Initialize
[MODES] ModeService[none].LoadModes
[MODES] Loading mode Default (0) for mode-current-id-ALiminalGame
Mono: successfully reloaded assembly
- Finished resetting the current domain, in  2.578 seconds
Domain Reload Profiling: 3138ms
	BeginReloadAssembly (169ms)
		ExecutionOrderSort (0ms)
		DisableScriptedObjects (11ms)
		BackupInstance (0ms)
		ReleaseScriptingObjects (0ms)
		CreateAndSetChildDomain (44ms)
	RebuildCommonClasses (40ms)
	RebuildNativeTypeToScriptingClass (14ms)
	initialDomainReloadingComplete (31ms)
	LoadAllAssembliesAndSetupDomain (306ms)
		LoadAssemblies (357ms)
		RebuildTransferFunctionScriptingTraits (0ms)
		AnalyzeDomain (25ms)
			TypeCache.Refresh (9ms)
				TypeCache.ScanAssembly (0ms)
			ScanForSourceGeneratedMonoScriptInfo (0ms)
			ResolveRequiredComponents (14ms)
	FinalizeReload (2579ms)
		ReleaseScriptCaches (0ms)
		RebuildScriptCaches (0ms)
		SetupLoadedEditorAssemblies (1052ms)
			LogAssemblyErrors (0ms)
			InitializePlatformSupportModulesInManaged (7ms)
			SetLoadedEditorAssemblies (5ms)
			RefreshPlugins (0ms)
			BeforeProcessingInitializeOnLoad (173ms)
			ProcessInitializeOnLoadAttributes (820ms)
			ProcessInitializeOnLoadMethodAttributes (43ms)
			AfterProcessingInitializeOnLoad (3ms)
			EditorAssembliesLoaded (0ms)
		ExecutionOrderSort2 (0ms)
		AwakeInstancesAfterBackupRestoration (963ms)
Refreshing native plugins compatible for Editor in 4.43 ms, found 5 plugins.
Preloading 0 native plugins for Editor in 0.00 ms.
Unloading 6748 Unused Serialized files (Serialized files now loaded: 0)
Unloading 30 unused Assets / (36.7 KB). Loaded Objects now: 7351.
Memory consumption went from 207.2 MB to 207.1 MB.
Total: 4.866300 ms (FindLiveObjects: 0.560300 ms CreateObjectMapping: 0.606600 ms MarkObjects: 3.640300 ms  DeleteObjects: 0.058000 ms)

Prepare: number of updated asset objects reloaded= 0
AssetImportParameters requested are different than current active one (requested -> active):
  custom:container-demuxer-ogg: 62fdf1f143b41e24485cea50d1cbac27 -> 
  custom:framework-win-MediaFoundation: 216162199b28c13a410421893ffa2e32 -> 
  custom:container-muxer-webm: aa71ff27fc2769a1b78a27578f13a17b -> 
  custom:video-decoder-webm-vp8: 9c59270c3fd7afecdb556c50c9e8de78 -> 
  custom:SearchIndexIgnoredProperties: e643bd26f0fe6173181afceb89e7c659 -> 
  custom:AudioImporter_EditorPlatform: d09bf68614088b80899f8185d706f6e7 -> 
  custom:audio-decoder-ogg-vorbis: bf7c407c2cedff20999df2af8eb42d56 -> 
  custom:audio-encoder-webm-vorbis: bf7c407c2cedff20999df2af8eb42d56 -> 
  custom:video-decoder-ogg-theora: a1e56fd34408186e4bbccfd4996cb3dc -> 
  custom:CustomObjectIndexerAttribute: 9a22284fe3817be447336de3de66b15e -> 
  custom:container-demuxer-webm: 4f35f7cbe854078d1ac9338744f61a02 -> 
  custom:video-encoder-webm-vp8: eb34c28f22e8b96e1ab97ce403110664 -> 
========================================================================
Received Prepare
Caller must complete domain reload
Begin MonoManager ReloadAssembly
Symbol file LoadedFromMemory is not a mono symbol file
- Loaded All Assemblies, in  0.537 seconds
Native extension for WindowsStandalone target not found
Native extension for WebGL target not found
[MODES] ModeService[none].Initialize
[MODES] ModeService[none].LoadModes
[MODES] Loading mode Default (0) for mode-current-id-ALiminalGame
Mono: successfully reloaded assembly
- Finished resetting the current domain, in  3.963 seconds
Domain Reload Profiling: 4500ms
	BeginReloadAssembly (161ms)
		ExecutionOrderSort (0ms)
		DisableScriptedObjects (12ms)
		BackupInstance (0ms)
		ReleaseScriptingObjects (0ms)
		CreateAndSetChildDomain (42ms)
	RebuildCommonClasses (33ms)
	RebuildNativeTypeToScriptingClass (12ms)
	initialDomainReloadingComplete (26ms)
	LoadAllAssembliesAndSetupDomain (304ms)
		LoadAssemblies (351ms)
		RebuildTransferFunctionScriptingTraits (0ms)
		AnalyzeDomain (26ms)
			TypeCache.Refresh (10ms)
				TypeCache.ScanAssembly (0ms)
			ScanForSourceGeneratedMonoScriptInfo (0ms)
			ResolveRequiredComponents (15ms)
	FinalizeReload (3964ms)
		ReleaseScriptCaches (0ms)
		RebuildScriptCaches (0ms)
		SetupLoadedEditorAssemblies (2162ms)
			LogAssemblyErrors (0ms)
			InitializePlatformSupportModulesInManaged (7ms)
			SetLoadedEditorAssemblies (5ms)
			RefreshPlugins (0ms)
			BeforeProcessingInitializeOnLoad (155ms)
			ProcessInitializeOnLoadAttributes (1945ms)
			ProcessInitializeOnLoadMethodAttributes (48ms)
			AfterProcessingInitializeOnLoad (3ms)
			EditorAssembliesLoaded (0ms)
		ExecutionOrderSort2 (0ms)
		AwakeInstancesAfterBackupRestoration (1300ms)
Refreshing native plugins compatible for Editor in 4.07 ms, found 5 plugins.
Preloading 0 native plugins for Editor in 0.00 ms.
Unloading 6749 Unused Serialized files (Serialized files now loaded: 0)
Unloading 30 unused Assets / (37.8 KB). Loaded Objects now: 7357.
Memory consumption went from 207.4 MB to 207.4 MB.
Total: 4.904600 ms (FindLiveObjects: 0.509400 ms CreateObjectMapping: 0.515100 ms MarkObjects: 3.810600 ms  DeleteObjects: 0.068400 ms)

Prepare: number of updated asset objects reloaded= 0
AssetImportParameters requested are different than current active one (requested -> active):
  custom:container-demuxer-ogg: 62fdf1f143b41e24485cea50d1cbac27 -> 
  custom:framework-win-MediaFoundation: 216162199b28c13a410421893ffa2e32 -> 
  custom:container-muxer-webm: aa71ff27fc2769a1b78a27578f13a17b -> 
  custom:video-decoder-webm-vp8: 9c59270c3fd7afecdb556c50c9e8de78 -> 
  custom:SearchIndexIgnoredProperties: e643bd26f0fe6173181afceb89e7c659 -> 
  custom:AudioImporter_EditorPlatform: d09bf68614088b80899f8185d706f6e7 -> 
  custom:audio-decoder-ogg-vorbis: bf7c407c2cedff20999df2af8eb42d56 -> 
  custom:audio-encoder-webm-vorbis: bf7c407c2cedff20999df2af8eb42d56 -> 
  custom:video-decoder-ogg-theora: a1e56fd34408186e4bbccfd4996cb3dc -> 
  custom:CustomObjectIndexerAttribute: 9a22284fe3817be447336de3de66b15e -> 
  custom:container-demuxer-webm: 4f35f7cbe854078d1ac9338744f61a02 -> 
  custom:video-encoder-webm-vp8: eb34c28f22e8b96e1ab97ce403110664 -> 
========================================================================
Received Import Request.
  Time since last request: 1874.797339 seconds.
  path: Assets/Materials/Radio.mat
  artifactKey: Guid(bbc177aab6311d347a79f4ba2bcf36aa) Importer(815301076,1909f56bfc062723c751e8b465ee728b)
Start importing Assets/Materials/Radio.mat using Guid(bbc177aab6311d347a79f4ba2bcf36aa) Importer(815301076,1909f56bfc062723c751e8b465ee728b) [PhysX] Initialized MultithreadedTaskDispatcher with 12 workers.
[PhysX] Initialized MultithreadedTaskDispatcher with 12 workers.
 -> (artifact id: '4cf7d4c9ce3978c1c5a16d10cb2fea36') in 0.134067 seconds
Number of updated asset objects reloaded before import = 0
Number of asset objects unloaded after import = 1
========================================================================
Received Import Request.
  Time since last request: 0.000014 seconds.
  path: Assets/Materials/Wall3.mat
  artifactKey: Guid(98d30e291f69f764b9bb2a9c66d863a0) Importer(815301076,1909f56bfc062723c751e8b465ee728b)
Start importing Assets/Materials/Wall3.mat using Guid(98d30e291f69f764b9bb2a9c66d863a0) Importer(815301076,1909f56bfc062723c751e8b465ee728b) [PhysX] Initialized MultithreadedTaskDispatcher with 12 workers.
[PhysX] Initialized MultithreadedTaskDispatcher with 12 workers.
 -> (artifact id: '885005b904eecd7b5c80a7d6d7b040c0') in 0.071572 seconds
Number of updated asset objects reloaded before import = 0
Number of asset objects unloaded after import = 2
========================================================================
Received Import Request.
  Time since last request: 0.000017 seconds.
  path: Assets/Materials/Wall.mat
  artifactKey: Guid(723ee588f04e7394a9e982ce1deeaed5) Importer(815301076,1909f56bfc062723c751e8b465ee728b)
Start importing Assets/Materials/Wall.mat using Guid(723ee588f04e7394a9e982ce1deeaed5) Importer(815301076,1909f56bfc062723c751e8b465ee728b) [PhysX] Initialized MultithreadedTaskDispatcher with 12 workers.
[PhysX] Initialized MultithreadedTaskDispatcher with 12 workers.
 -> (artifact id: 'a4a931f7623aada653a1031e6e5173e6') in 0.126101 seconds
Number of updated asset objects reloaded before import = 0
Number of asset objects unloaded after import = 1
========================================================================
Received Prepare
Caller must complete domain reload
Begin MonoManager ReloadAssembly
Symbol file LoadedFromMemory is not a mono symbol file
- Loaded All Assemblies, in  0.537 seconds
Native extension for WindowsStandalone target not found
Native extension for WebGL target not found
[MODES] ModeService[none].Initialize
[MODES] ModeService[none].LoadModes
[MODES] Loading mode Default (0) for mode-current-id-ALiminalGame
Mono: successfully reloaded assembly
- Finished resetting the current domain, in  3.396 seconds
Domain Reload Profiling: 3932ms
	BeginReloadAssembly (168ms)
		ExecutionOrderSort (0ms)
		DisableScriptedObjects (11ms)
		BackupInstance (0ms)
		ReleaseScriptingObjects (0ms)
		CreateAndSetChildDomain (47ms)
	RebuildCommonClasses (32ms)
	RebuildNativeTypeToScriptingClass (12ms)
	initialDomainReloadingComplete (26ms)
	LoadAllAssembliesAndSetupDomain (297ms)
		LoadAssemblies (347ms)
		RebuildTransferFunctionScriptingTraits (0ms)
		AnalyzeDomain (26ms)
			TypeCache.Refresh (9ms)
				TypeCache.ScanAssembly (0ms)
			ScanForSourceGeneratedMonoScriptInfo (0ms)
			ResolveRequiredComponents (15ms)
	FinalizeReload (3396ms)
		ReleaseScriptCaches (0ms)
		RebuildScriptCaches (0ms)
		SetupLoadedEditorAssemblies (1247ms)
			LogAssemblyErrors (0ms)
			InitializePlatformSupportModulesInManaged (8ms)
			SetLoadedEditorAssemblies (8ms)
			RefreshPlugins (0ms)
			BeforeProcessingInitializeOnLoad (176ms)
			ProcessInitializeOnLoadAttributes (1010ms)
			ProcessInitializeOnLoadMethodAttributes (42ms)
			AfterProcessingInitializeOnLoad (3ms)
			EditorAssembliesLoaded (0ms)
		ExecutionOrderSort2 (0ms)
		AwakeInstancesAfterBackupRestoration (1651ms)
Refreshing native plugins compatible for Editor in 4.35 ms, found 5 plugins.
Preloading 0 native plugins for Editor in 0.00 ms.
Unloading 6748 Unused Serialized files (Serialized files now loaded: 0)
Unloading 30 unused Assets / (36.8 KB). Loaded Objects now: 7363.
Memory consumption went from 207.2 MB to 207.1 MB.
Total: 5.402400 ms (FindLiveObjects: 0.502600 ms CreateObjectMapping: 0.444100 ms MarkObjects: 4.399100 ms  DeleteObjects: 0.055500 ms)

Prepare: number of updated asset objects reloaded= 0
AssetImportParameters requested are different than current active one (requested -> active):
  custom:container-demuxer-ogg: 62fdf1f143b41e24485cea50d1cbac27 -> 
  custom:framework-win-MediaFoundation: 216162199b28c13a410421893ffa2e32 -> 
  custom:container-muxer-webm: aa71ff27fc2769a1b78a27578f13a17b -> 
  custom:video-decoder-webm-vp8: 9c59270c3fd7afecdb556c50c9e8de78 -> 
  custom:SearchIndexIgnoredProperties: e643bd26f0fe6173181afceb89e7c659 -> 
  custom:AudioImporter_EditorPlatform: d09bf68614088b80899f8185d706f6e7 -> 
  custom:audio-decoder-ogg-vorbis: bf7c407c2cedff20999df2af8eb42d56 -> 
  custom:audio-encoder-webm-vorbis: bf7c407c2cedff20999df2af8eb42d56 -> 
  custom:video-decoder-ogg-theora: a1e56fd34408186e4bbccfd4996cb3dc -> 
  custom:CustomObjectIndexerAttribute: 9a22284fe3817be447336de3de66b15e -> 
  custom:container-demuxer-webm: 4f35f7cbe854078d1ac9338744f61a02 -> 
  custom:video-encoder-webm-vp8: eb34c28f22e8b96e1ab97ce403110664 -> 
========================================================================
Received Import Request.
  Time since last request: 523.718315 seconds.
  path: Assets/Systems/Objects/Items/Instances/Lamp/Lamp.prefab
  artifactKey: Guid(450ca5a64db4f3148a10a959e13d30ad) Importer(815301076,1909f56bfc062723c751e8b465ee728b)
Start importing Assets/Systems/Objects/Items/Instances/Lamp/Lamp.prefab using Guid(450ca5a64db4f3148a10a959e13d30ad) Importer(815301076,1909f56bfc062723c751e8b465ee728b) [PhysX] Initialized MultithreadedTaskDispatcher with 12 workers.
[PhysX] Initialized MultithreadedTaskDispatcher with 12 workers.
 -> (artifact id: 'fd22ffb864ddab677ab9a446fab58885') in 0.081913 seconds
Number of updated asset objects reloaded before import = 0
Number of asset objects unloaded after import = 23
========================================================================
Received Import Request.
  Time since last request: 8.812955 seconds.
  path: Assets/Systems/Objects/Items/Instances/CCTVCameraControlPanel/CCTVCameraControlPanel.prefab
  artifactKey: Guid(fd2efb39d1d2fb14a9a7910180d8ed6c) Importer(815301076,1909f56bfc062723c751e8b465ee728b)
Start importing Assets/Systems/Objects/Items/Instances/CCTVCameraControlPanel/CCTVCameraControlPanel.prefab using Guid(fd2efb39d1d2fb14a9a7910180d8ed6c) Importer(815301076,1909f56bfc062723c751e8b465ee728b) [PhysX] Initialized MultithreadedTaskDispatcher with 12 workers.
[PhysX] Initialized MultithreadedTaskDispatcher with 12 workers.
 -> (artifact id: 'b706de98fd9de335bbd1a52d0b6380b7') in 0.030938 seconds
Number of updated asset objects reloaded before import = 0
Number of asset objects unloaded after import = 30
========================================================================
Received Import Request.
  Time since last request: 8.607317 seconds.
  path: Assets/Systems/Objects/Items/Instances/CCTVCamera/CCTVCamera.prefab
  artifactKey: Guid(c7433ffcd70ea424180591f57fba5297) Importer(815301076,1909f56bfc062723c751e8b465ee728b)
Start importing Assets/Systems/Objects/Items/Instances/CCTVCamera/CCTVCamera.prefab using Guid(c7433ffcd70ea424180591f57fba5297) Importer(815301076,1909f56bfc062723c751e8b465ee728b) [PhysX] Initialized MultithreadedTaskDispatcher with 12 workers.
[PhysX] Initialized MultithreadedTaskDispatcher with 12 workers.
 -> (artifact id: '91a8646f076b10a3c63a9e5fe8789c06') in 0.029401 seconds
Number of updated asset objects reloaded before import = 0
Number of asset objects unloaded after import = 30
========================================================================
Received Import Request.
  Time since last request: 17.432384 seconds.
  path: Assets/Systems/Objects/Items/Instances/AlarmClock/AlarmClock.prefab
  artifactKey: Guid(8ce30f9b7ba0acf48a4de58f62bc0ace) Importer(815301076,1909f56bfc062723c751e8b465ee728b)
Start importing Assets/Systems/Objects/Items/Instances/AlarmClock/AlarmClock.prefab using Guid(8ce30f9b7ba0acf48a4de58f62bc0ace) Importer(815301076,1909f56bfc062723c751e8b465ee728b) [PhysX] Initialized MultithreadedTaskDispatcher with 12 workers.
[PhysX] Initialized MultithreadedTaskDispatcher with 12 workers.
Refreshing native plugins compatible for Editor in 4.08 ms, found 5 plugins.
Preloading 0 native plugins for Editor in 0.00 ms.
 -> (artifact id: '60924265b8db4f54b8f30fbe6c0893c1') in 0.035689 seconds
Number of updated asset objects reloaded before import = 0
Number of asset objects unloaded after import = 32
========================================================================
Received Import Request.
  Time since last request: 40.651256 seconds.
  path: Assets/Systems/Objects/Objects/LevelExit/LevelExit.prefab
  artifactKey: Guid(fc3ab0971ecd03e40979f4b88c2b9310) Importer(815301076,1909f56bfc062723c751e8b465ee728b)
Start importing Assets/Systems/Objects/Objects/LevelExit/LevelExit.prefab using Guid(fc3ab0971ecd03e40979f4b88c2b9310) Importer(815301076,1909f56bfc062723c751e8b465ee728b) [PhysX] Initialized MultithreadedTaskDispatcher with 12 workers.
[PhysX] Initialized MultithreadedTaskDispatcher with 12 workers.
 -> (artifact id: '3ebb943def740dd99359453a578e5155') in 0.029771 seconds
Number of updated asset objects reloaded before import = 0
Number of asset objects unloaded after import = 11
========================================================================
Received Import Request.
  Time since last request: 47.494297 seconds.
  path: Assets/Materials/DitheredTransparentShader.shader
  artifactKey: Guid(ad1a8f01dc77c464c8d9c5f012b9bba6) Importer(815301076,1909f56bfc062723c751e8b465ee728b)
Start importing Assets/Materials/DitheredTransparentShader.shader using Guid(ad1a8f01dc77c464c8d9c5f012b9bba6) Importer(815301076,1909f56bfc062723c751e8b465ee728b) [PhysX] Initialized MultithreadedTaskDispatcher with 12 workers.
 -> (artifact id: '44aa2f3437793e680f66247862aa746b') in 0.000674 seconds
Number of updated asset objects reloaded before import = 0
Number of asset objects unloaded after import = 0
========================================================================
Received Import Request.
  Time since last request: 60.434562 seconds.
  path: Assets/Systems/Objects/Objects/LevelCandel/LevelCandel.prefab
  artifactKey: Guid(9327c67e1aeab4248a357799fd54bf37) Importer(815301076,1909f56bfc062723c751e8b465ee728b)
Start importing Assets/Systems/Objects/Objects/LevelCandel/LevelCandel.prefab using Guid(9327c67e1aeab4248a357799fd54bf37) Importer(815301076,1909f56bfc062723c751e8b465ee728b) [PhysX] Initialized MultithreadedTaskDispatcher with 12 workers.
[PhysX] Initialized MultithreadedTaskDispatcher with 12 workers.
 -> (artifact id: '55423bc052db050e3794a74fc5dbac76') in 0.076690 seconds
Number of updated asset objects reloaded before import = 0
Number of asset objects unloaded after import = 17
========================================================================
Received Prepare
Caller must complete domain reload
Begin MonoManager ReloadAssembly
Symbol file LoadedFromMemory is not a mono symbol file
- Loaded All Assemblies, in  0.542 seconds
Native extension for WindowsStandalone target not found
Native extension for WebGL target not found
[MODES] ModeService[none].Initialize
[MODES] ModeService[none].LoadModes
[MODES] Loading mode Default (0) for mode-current-id-ALiminalGame
Mono: successfully reloaded assembly
- Finished resetting the current domain, in  2.006 seconds
Domain Reload Profiling: 2547ms
	BeginReloadAssembly (165ms)
		ExecutionOrderSort (0ms)
		DisableScriptedObjects (12ms)
		BackupInstance (0ms)
		ReleaseScriptingObjects (0ms)
		CreateAndSetChildDomain (43ms)
	RebuildCommonClasses (38ms)
	RebuildNativeTypeToScriptingClass (12ms)
	initialDomainReloadingComplete (26ms)
	LoadAllAssembliesAndSetupDomain (300ms)
		LoadAssemblies (352ms)
		RebuildTransferFunctionScriptingTraits (0ms)
		AnalyzeDomain (24ms)
			TypeCache.Refresh (8ms)
				TypeCache.ScanAssembly (0ms)
			ScanForSourceGeneratedMonoScriptInfo (0ms)
			ResolveRequiredComponents (14ms)
	FinalizeReload (2006ms)
		ReleaseScriptCaches (0ms)
		RebuildScriptCaches (0ms)
		SetupLoadedEditorAssemblies (1033ms)
			LogAssemblyErrors (0ms)
			InitializePlatformSupportModulesInManaged (10ms)
			SetLoadedEditorAssemblies (5ms)
			RefreshPlugins (0ms)
			BeforeProcessingInitializeOnLoad (155ms)
			ProcessInitializeOnLoadAttributes (820ms)
			ProcessInitializeOnLoadMethodAttributes (42ms)
			AfterProcessingInitializeOnLoad (3ms)
			EditorAssembliesLoaded (0ms)
		ExecutionOrderSort2 (0ms)
		AwakeInstancesAfterBackupRestoration (460ms)
Refreshing native plugins compatible for Editor in 3.99 ms, found 5 plugins.
Preloading 0 native plugins for Editor in 0.00 ms.
Unloading 6748 Unused Serialized files (Serialized files now loaded: 0)
Unloading 30 unused Assets / (37.9 KB). Loaded Objects now: 7369.
Memory consumption went from 207.2 MB to 207.2 MB.
Total: 4.638200 ms (FindLiveObjects: 0.478800 ms CreateObjectMapping: 0.443700 ms MarkObjects: 3.664300 ms  DeleteObjects: 0.050800 ms)

Prepare: number of updated asset objects reloaded= 0
AssetImportParameters requested are different than current active one (requested -> active):
  custom:container-demuxer-ogg: 62fdf1f143b41e24485cea50d1cbac27 -> 
  custom:framework-win-MediaFoundation: 216162199b28c13a410421893ffa2e32 -> 
  custom:container-muxer-webm: aa71ff27fc2769a1b78a27578f13a17b -> 
  custom:video-decoder-webm-vp8: 9c59270c3fd7afecdb556c50c9e8de78 -> 
  custom:SearchIndexIgnoredProperties: e643bd26f0fe6173181afceb89e7c659 -> 
  custom:AudioImporter_EditorPlatform: d09bf68614088b80899f8185d706f6e7 -> 
  custom:audio-decoder-ogg-vorbis: bf7c407c2cedff20999df2af8eb42d56 -> 
  custom:audio-encoder-webm-vorbis: bf7c407c2cedff20999df2af8eb42d56 -> 
  custom:video-decoder-ogg-theora: a1e56fd34408186e4bbccfd4996cb3dc -> 
  custom:CustomObjectIndexerAttribute: 9a22284fe3817be447336de3de66b15e -> 
  custom:container-demuxer-webm: 4f35f7cbe854078d1ac9338744f61a02 -> 
  custom:video-encoder-webm-vp8: eb34c28f22e8b96e1ab97ce403110664 -> 
========================================================================
Received Import Request.
  Time since last request: 357.436071 seconds.
  path: Assets/Music and Sound/Music/New area.wav
  artifactKey: Guid(67d520f9b2bdb164690af5f2148780f5) Importer(815301076,1909f56bfc062723c751e8b465ee728b)
Start importing Assets/Music and Sound/Music/New area.wav using Guid(67d520f9b2bdb164690af5f2148780f5) Importer(815301076,1909f56bfc062723c751e8b465ee728b) [PhysX] Initialized MultithreadedTaskDispatcher with 12 workers.
[PhysX] Initialized MultithreadedTaskDispatcher with 12 workers.
 -> (artifact id: '14991e78e8a073d1d016e49337e2b919') in 0.083468 seconds
Number of updated asset objects reloaded before import = 0
Number of asset objects unloaded after import = 2
========================================================================
Received Prepare
Caller must complete domain reload
Begin MonoManager ReloadAssembly
Symbol file LoadedFromMemory is not a mono symbol file
- Loaded All Assemblies, in  0.573 seconds
Native extension for WindowsStandalone target not found
Native extension for WebGL target not found
Error loading file Library/StateCache/LayerSettings/9e/9ecc5c3c162a7aba29bafa64c8b94b7c.json. Error: System.IO.IOException: Sharing violation on path G:\Sync\Projects\ALiminalGame\Unity\ALiminalGame\Library\StateCache\LayerSettings\9e\9ecc5c3c162a7aba29bafa64c8b94b7c.json
  at System.IO.FileStream..ctor (System.String path, System.IO.FileMode mode, System.IO.FileAccess access, System.IO.FileShare share, System.Int32 bufferSize, System.Boolean anonymous, System.IO.FileOptions options) [0x0019e] in <1071a2cb0cb3433aae80a793c277a048>:0 
  at System.IO.FileStream..ctor (System.String path, System.IO.FileMode mode, System.IO.FileAccess access, System.IO.FileShare share, System.Int32 bufferSize, System.IO.FileOptions options) [0x00000] in <1071a2cb0cb3433aae80a793c277a048>:0 
  at (wrapper remoting-invoke-with-check) System.IO.FileStream..ctor(string,System.IO.FileMode,System.IO.FileAccess,System.IO.FileShare,int,System.IO.FileOptions)
  at System.IO.StreamReader..ctor (System.String path, System.Text.Encoding encoding, System.Boolean detectEncodingFromByteOrderMarks, System.Int32 bufferSize) [0x00055] in <1071a2cb0cb3433aae80a793c277a048>:0 
  at System.IO.StreamReader..ctor (System.String path, System.Text.Encoding encoding, System.Boolean detectEncodingFromByteOrderMarks) [0x00000] in <1071a2cb0cb3433aae80a793c277a048>:0 
  at (wrapper remoting-invoke-with-check) System.IO.StreamReader..ctor(string,System.Text.Encoding,bool)
  at System.IO.File.InternalReadAllText (System.String path, System.Text.Encoding encoding) [0x00000] in <1071a2cb0cb3433aae80a793c277a048>:0 
  at System.IO.File.ReadAllText (System.String path, System.Text.Encoding encoding) [0x00034] in <1071a2cb0cb3433aae80a793c277a048>:0 
  at UnityEditor.StateCache`1[T].GetState (UnityEngine.Hash128 key, T defaultValue) [0x00041] in <4b8f645257c94d1296f440a10c6f388e>:0 
UnityEngine.StackTraceUtility:ExtractStackTrace ()
UnityEngine.DebugLogHandler:LogFormat (UnityEngine.LogType,UnityEngine.Object,string,object[])
UnityEngine.Logger:Log (UnityEngine.LogType,object)
UnityEngine.Debug:LogError (object)
UnityEditor.StateCache`1<UnityEditor.Tools/LayerSettings>:GetState (UnityEngine.Hash128,UnityEditor.Tools/LayerSettings)
UnityEditor.Tools:OnEnable ()
UnityEngine.ScriptableObject:CreateInstance (System.Type)
UnityEngine.ScriptableObject:CreateInstance<UnityEditor.Tools> ()
UnityEditor.Tools:get_get ()
UnityEditor.Tools:get_visibleLayers ()
UnityEditor.Animations.Rigging.BoneRendererUtils:.cctor () (at ./Library/PackageCache/com.unity.animation.rigging@1.2.1/Editor/Utils/BoneRendererUtils.cs:121)
System.Runtime.CompilerServices.RuntimeHelpers:RunClassConstructor (System.RuntimeTypeHandle)
UnityEditor.EditorAssemblies:ProcessInitializeOnLoadAttributes (System.Type[])

(Filename: ./Library/PackageCache/com.unity.animation.rigging@1.2.1/Editor/Utils/BoneRendererUtils.cs Line: 121)

[MODES] ModeService[none].Initialize
[MODES] ModeService[none].LoadModes
[MODES] Loading mode Default (0) for mode-current-id-ALiminalGame
Mono: successfully reloaded assembly
- Finished resetting the current domain, in  2.316 seconds
Domain Reload Profiling: 2889ms
	BeginReloadAssembly (170ms)
		ExecutionOrderSort (0ms)
		DisableScriptedObjects (17ms)
		BackupInstance (0ms)
		ReleaseScriptingObjects (0ms)
		CreateAndSetChildDomain (44ms)
	RebuildCommonClasses (38ms)
	RebuildNativeTypeToScriptingClass (12ms)
	initialDomainReloadingComplete (31ms)
	LoadAllAssembliesAndSetupDomain (321ms)
		LoadAssemblies (368ms)
		RebuildTransferFunctionScriptingTraits (0ms)
		AnalyzeDomain (26ms)
			TypeCache.Refresh (9ms)
				TypeCache.ScanAssembly (0ms)
			ScanForSourceGeneratedMonoScriptInfo (0ms)
			ResolveRequiredComponents (15ms)
	FinalizeReload (2317ms)
		ReleaseScriptCaches (0ms)
		RebuildScriptCaches (0ms)
		SetupLoadedEditorAssemblies (1152ms)
			LogAssemblyErrors (0ms)
			InitializePlatformSupportModulesInManaged (10ms)
			SetLoadedEditorAssemblies (5ms)
			RefreshPlugins (0ms)
			BeforeProcessingInitializeOnLoad (157ms)
			ProcessInitializeOnLoadAttributes (935ms)
			ProcessInitializeOnLoadMethodAttributes (42ms)
			AfterProcessingInitializeOnLoad (3ms)
			EditorAssembliesLoaded (0ms)
		ExecutionOrderSort2 (0ms)
		AwakeInstancesAfterBackupRestoration (658ms)
Refreshing native plugins compatible for Editor in 4.12 ms, found 5 plugins.
Preloading 0 native plugins for Editor in 0.00 ms.
Unloading 6748 Unused Serialized files (Serialized files now loaded: 0)
Unloading 30 unused Assets / (36.9 KB). Loaded Objects now: 7377.
Memory consumption went from 207.2 MB to 207.2 MB.
Total: 4.769300 ms (FindLiveObjects: 0.534900 ms CreateObjectMapping: 0.519900 ms MarkObjects: 3.657600 ms  DeleteObjects: 0.056200 ms)

Prepare: number of updated asset objects reloaded= 0
AssetImportParameters requested are different than current active one (requested -> active):
  custom:container-demuxer-ogg: 62fdf1f143b41e24485cea50d1cbac27 -> 
  custom:framework-win-MediaFoundation: 216162199b28c13a410421893ffa2e32 -> 
  custom:container-muxer-webm: aa71ff27fc2769a1b78a27578f13a17b -> 
  custom:video-decoder-webm-vp8: 9c59270c3fd7afecdb556c50c9e8de78 -> 
  custom:SearchIndexIgnoredProperties: e643bd26f0fe6173181afceb89e7c659 -> 
  custom:AudioImporter_EditorPlatform: d09bf68614088b80899f8185d706f6e7 -> 
  custom:audio-decoder-ogg-vorbis: bf7c407c2cedff20999df2af8eb42d56 -> 
  custom:audio-encoder-webm-vorbis: bf7c407c2cedff20999df2af8eb42d56 -> 
  custom:video-decoder-ogg-theora: a1e56fd34408186e4bbccfd4996cb3dc -> 
  custom:CustomObjectIndexerAttribute: 9a22284fe3817be447336de3de66b15e -> 
  custom:container-demuxer-webm: 4f35f7cbe854078d1ac9338744f61a02 -> 
  custom:video-encoder-webm-vp8: eb34c28f22e8b96e1ab97ce403110664 -> 
========================================================================
Received Prepare
Caller must complete domain reload
Begin MonoManager ReloadAssembly
Symbol file LoadedFromMemory is not a mono symbol file
- Loaded All Assemblies, in  0.578 seconds
Native extension for WindowsStandalone target not found
Native extension for WebGL target not found
[MODES] ModeService[none].Initialize
[MODES] ModeService[none].LoadModes
[MODES] Loading mode Default (0) for mode-current-id-ALiminalGame
Mono: successfully reloaded assembly
- Finished resetting the current domain, in  3.001 seconds
Domain Reload Profiling: 3579ms
	BeginReloadAssembly (183ms)
		ExecutionOrderSort (0ms)
		DisableScriptedObjects (12ms)
		BackupInstance (0ms)
		ReleaseScriptingObjects (0ms)
		CreateAndSetChildDomain (44ms)
	RebuildCommonClasses (39ms)
	RebuildNativeTypeToScriptingClass (13ms)
	initialDomainReloadingComplete (28ms)
	LoadAllAssembliesAndSetupDomain (315ms)
		LoadAssemblies (370ms)
		RebuildTransferFunctionScriptingTraits (0ms)
		AnalyzeDomain (29ms)
			TypeCache.Refresh (10ms)
				TypeCache.ScanAssembly (0ms)
			ScanForSourceGeneratedMonoScriptInfo (0ms)
			ResolveRequiredComponents (16ms)
	FinalizeReload (3002ms)
		ReleaseScriptCaches (0ms)
		RebuildScriptCaches (0ms)
		SetupLoadedEditorAssemblies (1134ms)
			LogAssemblyErrors (0ms)
			InitializePlatformSupportModulesInManaged (7ms)
			SetLoadedEditorAssemblies (5ms)
			RefreshPlugins (0ms)
			BeforeProcessingInitializeOnLoad (184ms)
			ProcessInitializeOnLoadAttributes (889ms)
			ProcessInitializeOnLoadMethodAttributes (46ms)
			AfterProcessingInitializeOnLoad (3ms)
			EditorAssembliesLoaded (0ms)
		ExecutionOrderSort2 (0ms)
		AwakeInstancesAfterBackupRestoration (1337ms)
Refreshing native plugins compatible for Editor in 5.78 ms, found 5 plugins.
Preloading 0 native plugins for Editor in 0.00 ms.
Unloading 6749 Unused Serialized files (Serialized files now loaded: 0)
Unloading 30 unused Assets / (37.9 KB). Loaded Objects now: 7383.
Memory consumption went from 207.5 MB to 207.5 MB.
Total: 6.203200 ms (FindLiveObjects: 0.539200 ms CreateObjectMapping: 0.516900 ms MarkObjects: 5.009600 ms  DeleteObjects: 0.136600 ms)

Prepare: number of updated asset objects reloaded= 0
AssetImportParameters requested are different than current active one (requested -> active):
  custom:container-demuxer-ogg: 62fdf1f143b41e24485cea50d1cbac27 -> 
  custom:framework-win-MediaFoundation: 216162199b28c13a410421893ffa2e32 -> 
  custom:container-muxer-webm: aa71ff27fc2769a1b78a27578f13a17b -> 
  custom:video-decoder-webm-vp8: 9c59270c3fd7afecdb556c50c9e8de78 -> 
  custom:SearchIndexIgnoredProperties: e643bd26f0fe6173181afceb89e7c659 -> 
  custom:AudioImporter_EditorPlatform: d09bf68614088b80899f8185d706f6e7 -> 
  custom:audio-decoder-ogg-vorbis: bf7c407c2cedff20999df2af8eb42d56 -> 
  custom:audio-encoder-webm-vorbis: bf7c407c2cedff20999df2af8eb42d56 -> 
  custom:video-decoder-ogg-theora: a1e56fd34408186e4bbccfd4996cb3dc -> 
  custom:CustomObjectIndexerAttribute: 9a22284fe3817be447336de3de66b15e -> 
  custom:container-demuxer-webm: 4f35f7cbe854078d1ac9338744f61a02 -> 
  custom:video-encoder-webm-vp8: eb34c28f22e8b96e1ab97ce403110664 -> 
========================================================================
Received Import Request.
  Time since last request: 385.693354 seconds.
  path: Assets/Scenes/HubLevel.unity
  artifactKey: Guid(a1ab9110c3bd0df4bbb29ae9ea40369b) Importer(815301076,1909f56bfc062723c751e8b465ee728b)
Start importing Assets/Scenes/HubLevel.unity using Guid(a1ab9110c3bd0df4bbb29ae9ea40369b) Importer(815301076,1909f56bfc062723c751e8b465ee728b) [PhysX] Initialized MultithreadedTaskDispatcher with 12 workers.
 -> (artifact id: '0e3ff225e960b8679b2c9b71984e1174') in 0.004008 seconds
Number of updated asset objects reloaded before import = 0
Number of asset objects unloaded after import = 0
========================================================================
Received Import Request.
  Time since last request: 3.451391 seconds.
  path: Assets/Scenes/Level1.unity
  artifactKey: Guid(1aff6e59d2917974bba3e6d8d676dab6) Importer(815301076,1909f56bfc062723c751e8b465ee728b)
Start importing Assets/Scenes/Level1.unity using Guid(1aff6e59d2917974bba3e6d8d676dab6) Importer(815301076,1909f56bfc062723c751e8b465ee728b) [PhysX] Initialized MultithreadedTaskDispatcher with 12 workers.
 -> (artifact id: '5afb5ce2a5b2b767cda059bdd29ccd39') in 0.000428 seconds
Number of updated asset objects reloaded before import = 0
Number of asset objects unloaded after import = 0
========================================================================
Received Import Request.
  Time since last request: 174.191457 seconds.
  path: Assets/Scenes/newLevels/Levels/Level1.unity
  artifactKey: Guid(4045c2315499f0742b87c14edc60539b) Importer(815301076,1909f56bfc062723c751e8b465ee728b)
Start importing Assets/Scenes/newLevels/Levels/Level1.unity using Guid(4045c2315499f0742b87c14edc60539b) Importer(815301076,1909f56bfc062723c751e8b465ee728b) [PhysX] Initialized MultithreadedTaskDispatcher with 12 workers.
 -> (artifact id: '6b8eb1390f3c6e3e0ca81585d215362e') in 0.000466 seconds
Number of updated asset objects reloaded before import = 0
Number of asset objects unloaded after import = 0
========================================================================
Received Import Request.
  Time since last request: 123.439562 seconds.
  path: Assets/Systems/Objects/Items/Instances/Box/Box.prefab
  artifactKey: Guid(64ec12c111090614d878e261d14a3358) Importer(815301076,1909f56bfc062723c751e8b465ee728b)
Start importing Assets/Systems/Objects/Items/Instances/Box/Box.prefab using Guid(64ec12c111090614d878e261d14a3358) Importer(815301076,1909f56bfc062723c751e8b465ee728b) [PhysX] Initialized MultithreadedTaskDispatcher with 12 workers.
[PhysX] Initialized MultithreadedTaskDispatcher with 12 workers.
 -> (artifact id: '6dd2305cbb31898a1c4eeccfcd6be955') in 0.079421 seconds
Number of updated asset objects reloaded before import = 0
Number of asset objects unloaded after import = 19
========================================================================
Received Prepare
Caller must complete domain reload
Begin MonoManager ReloadAssembly
Symbol file LoadedFromMemory is not a mono symbol file
- Loaded All Assemblies, in  0.562 seconds
Native extension for WindowsStandalone target not found
Native extension for WebGL target not found
[MODES] ModeService[none].Initialize
[MODES] ModeService[none].LoadModes
[MODES] Loading mode Default (0) for mode-current-id-ALiminalGame
Mono: successfully reloaded assembly
- Finished resetting the current domain, in  5.171 seconds
Domain Reload Profiling: 5732ms
	BeginReloadAssembly (172ms)
		ExecutionOrderSort (0ms)
		DisableScriptedObjects (12ms)
		BackupInstance (0ms)
		ReleaseScriptingObjects (0ms)
		CreateAndSetChildDomain (46ms)
	RebuildCommonClasses (33ms)
	RebuildNativeTypeToScriptingClass (13ms)
	initialDomainReloadingComplete (27ms)
	LoadAllAssembliesAndSetupDomain (316ms)
		LoadAssemblies (366ms)
		RebuildTransferFunctionScriptingTraits (0ms)
		AnalyzeDomain (25ms)
			TypeCache.Refresh (9ms)
				TypeCache.ScanAssembly (0ms)
			ScanForSourceGeneratedMonoScriptInfo (0ms)
			ResolveRequiredComponents (14ms)
	FinalizeReload (5172ms)
		ReleaseScriptCaches (0ms)
		RebuildScriptCaches (0ms)
		SetupLoadedEditorAssemblies (1131ms)
			LogAssemblyErrors (0ms)
			InitializePlatformSupportModulesInManaged (7ms)
			SetLoadedEditorAssemblies (6ms)
			RefreshPlugins (0ms)
			BeforeProcessingInitializeOnLoad (167ms)
			ProcessInitializeOnLoadAttributes (903ms)
			ProcessInitializeOnLoadMethodAttributes (44ms)
			AfterProcessingInitializeOnLoad (3ms)
			EditorAssembliesLoaded (0ms)
		ExecutionOrderSort2 (0ms)
		AwakeInstancesAfterBackupRestoration (3432ms)
Refreshing native plugins compatible for Editor in 3.88 ms, found 5 plugins.
Preloading 0 native plugins for Editor in 0.00 ms.
Unloading 6748 Unused Serialized files (Serialized files now loaded: 0)
Unloading 30 unused Assets / (36.9 KB). Loaded Objects now: 7389.
Memory consumption went from 207.3 MB to 207.2 MB.
Total: 4.571200 ms (FindLiveObjects: 0.518700 ms CreateObjectMapping: 0.485600 ms MarkObjects: 3.509900 ms  DeleteObjects: 0.056300 ms)

Prepare: number of updated asset objects reloaded= 0
AssetImportParameters requested are different than current active one (requested -> active):
  custom:container-demuxer-ogg: 62fdf1f143b41e24485cea50d1cbac27 -> 
  custom:framework-win-MediaFoundation: 216162199b28c13a410421893ffa2e32 -> 
  custom:container-muxer-webm: aa71ff27fc2769a1b78a27578f13a17b -> 
  custom:video-decoder-webm-vp8: 9c59270c3fd7afecdb556c50c9e8de78 -> 
  custom:SearchIndexIgnoredProperties: e643bd26f0fe6173181afceb89e7c659 -> 
  custom:AudioImporter_EditorPlatform: d09bf68614088b80899f8185d706f6e7 -> 
  custom:audio-decoder-ogg-vorbis: bf7c407c2cedff20999df2af8eb42d56 -> 
  custom:audio-encoder-webm-vorbis: bf7c407c2cedff20999df2af8eb42d56 -> 
  custom:video-decoder-ogg-theora: a1e56fd34408186e4bbccfd4996cb3dc -> 
  custom:CustomObjectIndexerAttribute: 9a22284fe3817be447336de3de66b15e -> 
  custom:container-demuxer-webm: 4f35f7cbe854078d1ac9338744f61a02 -> 
  custom:video-encoder-webm-vp8: eb34c28f22e8b96e1ab97ce403110664 -> 
========================================================================
Received Import Request.
  Time since last request: 335.554364 seconds.
  path: Assets/Systems/Spawners.prefab
  artifactKey: Guid(191cc0847b768174fa3a43e37f333e89) Importer(815301076,1909f56bfc062723c751e8b465ee728b)
Start importing Assets/Systems/Spawners.prefab using Guid(191cc0847b768174fa3a43e37f333e89) Importer(815301076,1909f56bfc062723c751e8b465ee728b) [PhysX] Initialized MultithreadedTaskDispatcher with 12 workers.
 -> (artifact id: '208e0c7357f42c996c81c4f796a17688') in 0.031867 seconds
Number of updated asset objects reloaded before import = 0
Number of asset objects unloaded after import = 51
========================================================================
Received Import Request.
  Time since last request: 35.120936 seconds.
  path: Assets/Systems/Spawners.prefab
  artifactKey: Guid(191cc0847b768174fa3a43e37f333e89) Importer(815301076,1909f56bfc062723c751e8b465ee728b)
Start importing Assets/Systems/Spawners.prefab using Guid(191cc0847b768174fa3a43e37f333e89) Importer(815301076,1909f56bfc062723c751e8b465ee728b) [PhysX] Initialized MultithreadedTaskDispatcher with 12 workers.
 -> (artifact id: 'f16494030acce05a4ef7f4f774ff2d60') in 0.003570 seconds
Number of updated asset objects reloaded before import = 0
Number of asset objects unloaded after import = 43
========================================================================
Received Import Request.
  Time since last request: 4.677620 seconds.
  path: Assets/Systems/Spawners.prefab
  artifactKey: Guid(191cc0847b768174fa3a43e37f333e89) Importer(815301076,1909f56bfc062723c751e8b465ee728b)
Start importing Assets/Systems/Spawners.prefab using Guid(191cc0847b768174fa3a43e37f333e89) Importer(815301076,1909f56bfc062723c751e8b465ee728b) [PhysX] Initialized MultithreadedTaskDispatcher with 12 workers.
 -> (artifact id: '58c73f97ec8e183e297bb80cac3d8e01') in 0.003513 seconds
Number of updated asset objects reloaded before import = 0
Number of asset objects unloaded after import = 51
========================================================================
Received Import Request.
  Time since last request: 1.571611 seconds.
  path: Assets/Systems/Spawners.prefab
  artifactKey: Guid(191cc0847b768174fa3a43e37f333e89) Importer(815301076,1909f56bfc062723c751e8b465ee728b)
Start importing Assets/Systems/Spawners.prefab using Guid(191cc0847b768174fa3a43e37f333e89) Importer(815301076,1909f56bfc062723c751e8b465ee728b) [PhysX] Initialized MultithreadedTaskDispatcher with 12 workers.
 -> (artifact id: '14cb63de4d07f97c56e84a2cd0bf74a9') in 0.002789 seconds
Number of updated asset objects reloaded before import = 0
Number of asset objects unloaded after import = 59
========================================================================
Received Import Request.
  Time since last request: 4.834170 seconds.
  path: Assets/Systems/Spawners.prefab
  artifactKey: Guid(191cc0847b768174fa3a43e37f333e89) Importer(815301076,1909f56bfc062723c751e8b465ee728b)
Start importing Assets/Systems/Spawners.prefab using Guid(191cc0847b768174fa3a43e37f333e89) Importer(815301076,1909f56bfc062723c751e8b465ee728b) [PhysX] Initialized MultithreadedTaskDispatcher with 12 workers.
 -> (artifact id: 'f67615c9bb149456ab0caa606671ef70') in 0.003422 seconds
Number of updated asset objects reloaded before import = 0
Number of asset objects unloaded after import = 59
========================================================================
Received Import Request.
  Time since last request: 9.721457 seconds.
  path: Assets/Systems/Spawners.prefab
  artifactKey: Guid(191cc0847b768174fa3a43e37f333e89) Importer(815301076,1909f56bfc062723c751e8b465ee728b)
Start importing Assets/Systems/Spawners.prefab using Guid(191cc0847b768174fa3a43e37f333e89) Importer(815301076,1909f56bfc062723c751e8b465ee728b) [PhysX] Initialized MultithreadedTaskDispatcher with 12 workers.
 -> (artifact id: '54b433a52d6e20adc37a86e69046de8a') in 0.002897 seconds
Number of updated asset objects reloaded before import = 0
Number of asset objects unloaded after import = 59
========================================================================
Received Import Request.
  Time since last request: 16.621189 seconds.
  path: Assets/Systems/Creatures/Instances/DarkMonster/DarkMonster.prefab
  artifactKey: Guid(04c02d6491ad6c245842a656e03aed87) Importer(815301076,1909f56bfc062723c751e8b465ee728b)
Start importing Assets/Systems/Creatures/Instances/DarkMonster/DarkMonster.prefab using Guid(04c02d6491ad6c245842a656e03aed87) Importer(815301076,1909f56bfc062723c751e8b465ee728b) [PhysX] Initialized MultithreadedTaskDispatcher with 12 workers.
[PhysX] Initialized MultithreadedTaskDispatcher with 12 workers.
Refreshing native plugins compatible for Editor in 4.05 ms, found 5 plugins.
Preloading 0 native plugins for Editor in 0.00 ms.
 -> (artifact id: '666b7624a5cac45a813c02b6c268a4a8') in 0.095229 seconds
Number of updated asset objects reloaded before import = 0
Number of asset objects unloaded after import = 539
========================================================================
Received Import Request.
  Time since last request: 9.870375 seconds.
  path: Assets/Systems/Creatures/Instances/DogMonster/DogMonster.prefab
  artifactKey: Guid(41bc6ed90c3f1f34aad63f7b2e2cbcdb) Importer(815301076,1909f56bfc062723c751e8b465ee728b)
Start importing Assets/Systems/Creatures/Instances/DogMonster/DogMonster.prefab using Guid(41bc6ed90c3f1f34aad63f7b2e2cbcdb) Importer(815301076,1909f56bfc062723c751e8b465ee728b) [PhysX] Initialized MultithreadedTaskDispatcher with 12 workers.
[PhysX] Initialized MultithreadedTaskDispatcher with 12 workers.
Refreshing native plugins compatible for Editor in 4.00 ms, found 5 plugins.
Preloading 0 native plugins for Editor in 0.00 ms.
 -> (artifact id: '1beb42a69ac511d6edd134e57a1c1c92') in 0.069713 seconds
Number of updated asset objects reloaded before import = 0
Number of asset objects unloaded after import = 473
========================================================================
Received Import Request.
  Time since last request: 8.114330 seconds.
  path: Assets/Systems/Creatures/Instances/NestMonster/NestMonster.prefab
  artifactKey: Guid(7caa8268575d7244da499a243f8d04c7) Importer(815301076,1909f56bfc062723c751e8b465ee728b)
Start importing Assets/Systems/Creatures/Instances/NestMonster/NestMonster.prefab using Guid(7caa8268575d7244da499a243f8d04c7) Importer(815301076,1909f56bfc062723c751e8b465ee728b) [PhysX] Initialized MultithreadedTaskDispatcher with 12 workers.
[PhysX] Initialized MultithreadedTaskDispatcher with 12 workers.
Refreshing native plugins compatible for Editor in 4.53 ms, found 5 plugins.
Preloading 0 native plugins for Editor in 0.00 ms.
 -> (artifact id: 'ef0e2b82e12ab3d4458fdebb79d5833e') in 0.045951 seconds
Number of updated asset objects reloaded before import = 0
Number of asset objects unloaded after import = 220
========================================================================
Received Prepare
Caller must complete domain reload
Begin MonoManager ReloadAssembly
Symbol file LoadedFromMemory is not a mono symbol file
- Loaded All Assemblies, in  0.553 seconds
Native extension for WindowsStandalone target not found
Native extension for WebGL target not found
Error loading file Library/StateCache/LayerSettings/9e/9ecc5c3c162a7aba29bafa64c8b94b7c.json. Error: System.IO.IOException: Sharing violation on path G:\Sync\Projects\ALiminalGame\Unity\ALiminalGame\Library\StateCache\LayerSettings\9e\9ecc5c3c162a7aba29bafa64c8b94b7c.json
  at System.IO.FileStream..ctor (System.String path, System.IO.FileMode mode, System.IO.FileAccess access, System.IO.FileShare share, System.Int32 bufferSize, System.Boolean anonymous, System.IO.FileOptions options) [0x0019e] in <1071a2cb0cb3433aae80a793c277a048>:0 
  at System.IO.FileStream..ctor (System.String path, System.IO.FileMode mode, System.IO.FileAccess access, System.IO.FileShare share, System.Int32 bufferSize, System.IO.FileOptions options) [0x00000] in <1071a2cb0cb3433aae80a793c277a048>:0 
  at (wrapper remoting-invoke-with-check) System.IO.FileStream..ctor(string,System.IO.FileMode,System.IO.FileAccess,System.IO.FileShare,int,System.IO.FileOptions)
  at System.IO.StreamReader..ctor (System.String path, System.Text.Encoding encoding, System.Boolean detectEncodingFromByteOrderMarks, System.Int32 bufferSize) [0x00055] in <1071a2cb0cb3433aae80a793c277a048>:0 
  at System.IO.StreamReader..ctor (System.String path, System.Text.Encoding encoding, System.Boolean detectEncodingFromByteOrderMarks) [0x00000] in <1071a2cb0cb3433aae80a793c277a048>:0 
  at (wrapper remoting-invoke-with-check) System.IO.StreamReader..ctor(string,System.Text.Encoding,bool)
  at System.IO.File.InternalReadAllText (System.String path, System.Text.Encoding encoding) [0x00000] in <1071a2cb0cb3433aae80a793c277a048>:0 
  at System.IO.File.ReadAllText (System.String path, System.Text.Encoding encoding) [0x00034] in <1071a2cb0cb3433aae80a793c277a048>:0 
  at UnityEditor.StateCache`1[T].GetState (UnityEngine.Hash128 key, T defaultValue) [0x00041] in <4b8f645257c94d1296f440a10c6f388e>:0 
UnityEngine.StackTraceUtility:ExtractStackTrace ()
UnityEngine.DebugLogHandler:LogFormat (UnityEngine.LogType,UnityEngine.Object,string,object[])
UnityEngine.Logger:Log (UnityEngine.LogType,object)
UnityEngine.Debug:LogError (object)
UnityEditor.StateCache`1<UnityEditor.Tools/LayerSettings>:GetState (UnityEngine.Hash128,UnityEditor.Tools/LayerSettings)
UnityEditor.Tools:OnEnable ()
UnityEngine.ScriptableObject:CreateInstance (System.Type)
UnityEngine.ScriptableObject:CreateInstance<UnityEditor.Tools> ()
UnityEditor.Tools:get_get ()
UnityEditor.Tools:get_visibleLayers ()
UnityEditor.Animations.Rigging.BoneRendererUtils:.cctor () (at ./Library/PackageCache/com.unity.animation.rigging@1.2.1/Editor/Utils/BoneRendererUtils.cs:121)
System.Runtime.CompilerServices.RuntimeHelpers:RunClassConstructor (System.RuntimeTypeHandle)
UnityEditor.EditorAssemblies:ProcessInitializeOnLoadAttributes (System.Type[])

(Filename: ./Library/PackageCache/com.unity.animation.rigging@1.2.1/Editor/Utils/BoneRendererUtils.cs Line: 121)

[MODES] ModeService[none].Initialize
[MODES] ModeService[none].LoadModes
[MODES] Loading mode Default (0) for mode-current-id-ALiminalGame
Mono: successfully reloaded assembly
- Finished resetting the current domain, in  3.246 seconds
Domain Reload Profiling: 3798ms
	BeginReloadAssembly (172ms)
		ExecutionOrderSort (0ms)
		DisableScriptedObjects (10ms)
		BackupInstance (0ms)
		ReleaseScriptingObjects (0ms)
		CreateAndSetChildDomain (43ms)
	RebuildCommonClasses (40ms)
	RebuildNativeTypeToScriptingClass (12ms)
	initialDomainReloadingComplete (26ms)
	LoadAllAssembliesAndSetupDomain (302ms)
		LoadAssemblies (360ms)
		RebuildTransferFunctionScriptingTraits (0ms)
		AnalyzeDomain (25ms)
			TypeCache.Refresh (9ms)
				TypeCache.ScanAssembly (0ms)
			ScanForSourceGeneratedMonoScriptInfo (0ms)
			ResolveRequiredComponents (15ms)
	FinalizeReload (3247ms)
		ReleaseScriptCaches (0ms)
		RebuildScriptCaches (0ms)
		SetupLoadedEditorAssemblies (2043ms)
			LogAssemblyErrors (0ms)
			InitializePlatformSupportModulesInManaged (9ms)
			SetLoadedEditorAssemblies (5ms)
			RefreshPlugins (0ms)
			BeforeProcessingInitializeOnLoad (183ms)
			ProcessInitializeOnLoadAttributes (1800ms)
			ProcessInitializeOnLoadMethodAttributes (44ms)
			AfterProcessingInitializeOnLoad (3ms)
			EditorAssembliesLoaded (0ms)
		ExecutionOrderSort2 (0ms)
		AwakeInstancesAfterBackupRestoration (700ms)
Refreshing native plugins compatible for Editor in 4.47 ms, found 5 plugins.
Preloading 0 native plugins for Editor in 0.00 ms.
Unloading 6748 Unused Serialized files (Serialized files now loaded: 0)
Unloading 31 unused Assets / (37.9 KB). Loaded Objects now: 7397.
Memory consumption went from 207.5 MB to 207.5 MB.
Total: 4.809400 ms (FindLiveObjects: 0.481800 ms CreateObjectMapping: 0.411500 ms MarkObjects: 3.819700 ms  DeleteObjects: 0.095300 ms)

Prepare: number of updated asset objects reloaded= 0
AssetImportParameters requested are different than current active one (requested -> active):
  custom:container-demuxer-ogg: 62fdf1f143b41e24485cea50d1cbac27 -> 
  custom:framework-win-MediaFoundation: 216162199b28c13a410421893ffa2e32 -> 
  custom:container-muxer-webm: aa71ff27fc2769a1b78a27578f13a17b -> 
  custom:video-decoder-webm-vp8: 9c59270c3fd7afecdb556c50c9e8de78 -> 
  custom:SearchIndexIgnoredProperties: e643bd26f0fe6173181afceb89e7c659 -> 
  custom:AudioImporter_EditorPlatform: d09bf68614088b80899f8185d706f6e7 -> 
  custom:audio-decoder-ogg-vorbis: bf7c407c2cedff20999df2af8eb42d56 -> 
  custom:audio-encoder-webm-vorbis: bf7c407c2cedff20999df2af8eb42d56 -> 
  custom:video-decoder-ogg-theora: a1e56fd34408186e4bbccfd4996cb3dc -> 
  custom:CustomObjectIndexerAttribute: 9a22284fe3817be447336de3de66b15e -> 
  custom:container-demuxer-webm: 4f35f7cbe854078d1ac9338744f61a02 -> 
  custom:video-encoder-webm-vp8: eb34c28f22e8b96e1ab97ce403110664 -> 
========================================================================
Received Import Request.
  Time since last request: 1391.145352 seconds.
  path: Assets/Systems/Spawners.prefab
  artifactKey: Guid(191cc0847b768174fa3a43e37f333e89) Importer(815301076,1909f56bfc062723c751e8b465ee728b)
Start importing Assets/Systems/Spawners.prefab using Guid(191cc0847b768174fa3a43e37f333e89) Importer(815301076,1909f56bfc062723c751e8b465ee728b) [PhysX] Initialized MultithreadedTaskDispatcher with 12 workers.
 -> (artifact id: 'a702c1ec145f37809d3d5f9f696970eb') in 0.054926 seconds
Number of updated asset objects reloaded before import = 0
Number of asset objects unloaded after import = 561
========================================================================
Received Import Request.
  Time since last request: 1.389155 seconds.
  path: Assets/Systems/UI/Canvas.prefab
  artifactKey: Guid(a37446fe62139b94e8c09bbc11c87ce2) Importer(815301076,1909f56bfc062723c751e8b465ee728b)
Start importing Assets/Systems/UI/Canvas.prefab using Guid(a37446fe62139b94e8c09bbc11c87ce2) Importer(815301076,1909f56bfc062723c751e8b465ee728b) [PhysX] Initialized MultithreadedTaskDispatcher with 12 workers.
 -> (artifact id: 'a7e1757c57934e78521baade741c5559') in 0.033164 seconds
Number of updated asset objects reloaded before import = 0
Number of asset objects unloaded after import = 450
========================================================================
Received Import Request.
  Time since last request: 6.173151 seconds.
  path: Assets/Systems/UI/Notes
  artifactKey: Guid(37af67678a1f08a4d8f5b49faaa03c32) Importer(815301076,1909f56bfc062723c751e8b465ee728b)
Start importing Assets/Systems/UI/Notes using Guid(37af67678a1f08a4d8f5b49faaa03c32) Importer(815301076,1909f56bfc062723c751e8b465ee728b) [PhysX] Initialized MultithreadedTaskDispatcher with 12 workers.
 -> (artifact id: '86602cf0ef695a0a98a28f5cd5425ab5') in 0.000399 seconds
Number of updated asset objects reloaded before import = 0
Number of asset objects unloaded after import = 0
========================================================================
Received Import Request.
  Time since last request: 6.029487 seconds.
  path: Assets/Systems/UI/Notes/1678125858_zefirka-club-p-tetradnii-fon-13.png
  artifactKey: Guid(446db81986dbbf04f87b3c96058f4efa) Importer(815301076,1909f56bfc062723c751e8b465ee728b)
Start importing Assets/Systems/UI/Notes/1678125858_zefirka-club-p-tetradnii-fon-13.png using Guid(446db81986dbbf04f87b3c96058f4efa) Importer(815301076,1909f56bfc062723c751e8b465ee728b) [PhysX] Initialized MultithreadedTaskDispatcher with 12 workers.
[PhysX] Initialized MultithreadedTaskDispatcher with 12 workers.
 -> (artifact id: 'f8c9fd1800c85e43361d88113b6ba8c9') in 0.035425 seconds
Number of updated asset objects reloaded before import = 0
Number of asset objects unloaded after import = 2
========================================================================
Received Import Request.
  Time since last request: 42.326665 seconds.
  path: Assets/Systems/UI/Notes/Notes.prefab
  artifactKey: Guid(4ce80f2b6363d5c47a9522383bf7b7bb) Importer(815301076,1909f56bfc062723c751e8b465ee728b)
Start importing Assets/Systems/UI/Notes/Notes.prefab using Guid(4ce80f2b6363d5c47a9522383bf7b7bb) Importer(815301076,1909f56bfc062723c751e8b465ee728b) [PhysX] Initialized MultithreadedTaskDispatcher with 12 workers.
 -> (artifact id: '92f0b087ac088532c928be1944d09db1') in 0.001855 seconds
Number of updated asset objects reloaded before import = 0
Number of asset objects unloaded after import = 4
========================================================================
Received Import Request.
  Time since last request: 11.828815 seconds.
  path: Assets/Systems/UI/Notes/Notes.prefab
  artifactKey: Guid(4ce80f2b6363d5c47a9522383bf7b7bb) Importer(815301076,1909f56bfc062723c751e8b465ee728b)
Start importing Assets/Systems/UI/Notes/Notes.prefab using Guid(4ce80f2b6363d5c47a9522383bf7b7bb) Importer(815301076,1909f56bfc062723c751e8b465ee728b) [PhysX] Initialized MultithreadedTaskDispatcher with 12 workers.
 -> (artifact id: '064daef5d9414fad1b233003e551b1c2') in 0.001731 seconds
Number of updated asset objects reloaded before import = 0
Number of asset objects unloaded after import = 6
========================================================================
Received Import Request.
  Time since last request: 2.699427 seconds.
  path: Assets/Systems/UI/Notes/Notes.prefab
  artifactKey: Guid(4ce80f2b6363d5c47a9522383bf7b7bb) Importer(815301076,1909f56bfc062723c751e8b465ee728b)
Start importing Assets/Systems/UI/Notes/Notes.prefab using Guid(4ce80f2b6363d5c47a9522383bf7b7bb) Importer(815301076,1909f56bfc062723c751e8b465ee728b) [PhysX] Initialized MultithreadedTaskDispatcher with 12 workers.
 -> (artifact id: 'b29b1f47701973ed62c61304a774ed23') in 0.001899 seconds
Number of updated asset objects reloaded before import = 0
Number of asset objects unloaded after import = 6
========================================================================
Received Import Request.
  Time since last request: 4.771148 seconds.
  path: Assets/Systems/UI/Notes/Notes.prefab
  artifactKey: Guid(4ce80f2b6363d5c47a9522383bf7b7bb) Importer(815301076,1909f56bfc062723c751e8b465ee728b)
Start importing Assets/Systems/UI/Notes/Notes.prefab using Guid(4ce80f2b6363d5c47a9522383bf7b7bb) Importer(815301076,1909f56bfc062723c751e8b465ee728b) [PhysX] Initialized MultithreadedTaskDispatcher with 12 workers.
 -> (artifact id: '5b7e26d0dfd52baa2daf2a9810fe413a') in 0.001884 seconds
Number of updated asset objects reloaded before import = 0
Number of asset objects unloaded after import = 8
========================================================================
Received Import Request.
  Time since last request: 8.626458 seconds.
  path: Assets/Systems/UI/Notes/1678125858_zefirka-club-p-tetradnii-fon-13.png
  artifactKey: Guid(446db81986dbbf04f87b3c96058f4efa) Importer(815301076,1909f56bfc062723c751e8b465ee728b)
Start importing Assets/Systems/UI/Notes/1678125858_zefirka-club-p-tetradnii-fon-13.png using Guid(446db81986dbbf04f87b3c96058f4efa) Importer(815301076,1909f56bfc062723c751e8b465ee728b) [PhysX] Initialized MultithreadedTaskDispatcher with 12 workers.
[PhysX] Initialized MultithreadedTaskDispatcher with 12 workers.
 -> (artifact id: '4a1a3679e7c088ef7906d2dd197dd43d') in 0.445873 seconds
Number of updated asset objects reloaded before import = 0
Number of asset objects unloaded after import = 3
========================================================================
Received Import Request.
  Time since last request: 3.410871 seconds.
  path: Assets/Systems/UI/Notes/Notes.prefab
  artifactKey: Guid(4ce80f2b6363d5c47a9522383bf7b7bb) Importer(815301076,1909f56bfc062723c751e8b465ee728b)
Start importing Assets/Systems/UI/Notes/Notes.prefab using Guid(4ce80f2b6363d5c47a9522383bf7b7bb) Importer(815301076,1909f56bfc062723c751e8b465ee728b) [PhysX] Initialized MultithreadedTaskDispatcher with 12 workers.
 -> (artifact id: '9e52b173e951a4e9ff71f643ee5353b2') in 0.002427 seconds
Number of updated asset objects reloaded before import = 0
Number of asset objects unloaded after import = 9
========================================================================
Received Import Request.
  Time since last request: 16.960999 seconds.
  path: Assets/Systems/UI/Notes/Note.prefab
  artifactKey: Guid(ab7ee8f392f125d429fc3faae3ebf2ae) Importer(815301076,1909f56bfc062723c751e8b465ee728b)
Start importing Assets/Systems/UI/Notes/Note.prefab using Guid(ab7ee8f392f125d429fc3faae3ebf2ae) Importer(815301076,1909f56bfc062723c751e8b465ee728b) [PhysX] Initialized MultithreadedTaskDispatcher with 12 workers.
 -> (artifact id: 'a7426e8d668d99e6b1a8fc06c305ebde') in 0.001874 seconds
Number of updated asset objects reloaded before import = 0
Number of asset objects unloaded after import = 7
========================================================================
Received Import Request.
  Time since last request: 0.040620 seconds.
  path: Assets/Systems/UI/Notes/Notes.prefab
  artifactKey: Guid(4ce80f2b6363d5c47a9522383bf7b7bb) Importer(815301076,1909f56bfc062723c751e8b465ee728b)
Start importing Assets/Systems/UI/Notes/Notes.prefab using Guid(4ce80f2b6363d5c47a9522383bf7b7bb) Importer(815301076,1909f56bfc062723c751e8b465ee728b) [PhysX] Initialized MultithreadedTaskDispatcher with 12 workers.
 -> (artifact id: '4eb5823aff3f07747b67c961a2df6b2d') in 0.002007 seconds
Number of updated asset objects reloaded before import = 0
Number of asset objects unloaded after import = 9
========================================================================
Received Import Request.
  Time since last request: 8.663742 seconds.
  path: Assets/Systems/UI/Notes/Note.prefab
  artifactKey: Guid(ab7ee8f392f125d429fc3faae3ebf2ae) Importer(815301076,1909f56bfc062723c751e8b465ee728b)
Start importing Assets/Systems/UI/Notes/Note.prefab using Guid(ab7ee8f392f125d429fc3faae3ebf2ae) Importer(815301076,1909f56bfc062723c751e8b465ee728b) [PhysX] Initialized MultithreadedTaskDispatcher with 12 workers.
 -> (artifact id: 'c16a18ef9eb01d31efd63e1fd3245628') in 0.002353 seconds
Number of updated asset objects reloaded before import = 0
Number of asset objects unloaded after import = 7
========================================================================
Received Import Request.
  Time since last request: 1.830361 seconds.
  path: Assets/Systems/UI/Notes/Note.prefab
  artifactKey: Guid(ab7ee8f392f125d429fc3faae3ebf2ae) Importer(815301076,1909f56bfc062723c751e8b465ee728b)
Start importing Assets/Systems/UI/Notes/Note.prefab using Guid(ab7ee8f392f125d429fc3faae3ebf2ae) Importer(815301076,1909f56bfc062723c751e8b465ee728b) [PhysX] Initialized MultithreadedTaskDispatcher with 12 workers.
 -> (artifact id: 'd525b4e8ba2c4a6cd65e3865fc96d2e8') in 0.002211 seconds
Number of updated asset objects reloaded before import = 0
Number of asset objects unloaded after import = 7
========================================================================
Received Import Request.
  Time since last request: 1.220845 seconds.
  path: Assets/Systems/UI/Notes/Note.prefab
  artifactKey: Guid(ab7ee8f392f125d429fc3faae3ebf2ae) Importer(815301076,1909f56bfc062723c751e8b465ee728b)
Start importing Assets/Systems/UI/Notes/Note.prefab using Guid(ab7ee8f392f125d429fc3faae3ebf2ae) Importer(815301076,1909f56bfc062723c751e8b465ee728b) [PhysX] Initialized MultithreadedTaskDispatcher with 12 workers.
 -> (artifact id: '3ea95979b5c92fd308ca7b8e15b82166') in 0.002214 seconds
Number of updated asset objects reloaded before import = 0
Number of asset objects unloaded after import = 7
========================================================================
Received Import Request.
  Time since last request: 0.370830 seconds.
  path: Assets/Systems/UI/Notes/Note.prefab
  artifactKey: Guid(ab7ee8f392f125d429fc3faae3ebf2ae) Importer(815301076,1909f56bfc062723c751e8b465ee728b)
Start importing Assets/Systems/UI/Notes/Note.prefab using Guid(ab7ee8f392f125d429fc3faae3ebf2ae) Importer(815301076,1909f56bfc062723c751e8b465ee728b) [PhysX] Initialized MultithreadedTaskDispatcher with 12 workers.
 -> (artifact id: '64dfcb337d0a67283c1c523051b01ef2') in 0.001971 seconds
Number of updated asset objects reloaded before import = 0
Number of asset objects unloaded after import = 7
========================================================================
Received Import Request.
  Time since last request: 0.036676 seconds.
  path: Assets/Systems/UI/Notes/Notes.prefab
  artifactKey: Guid(4ce80f2b6363d5c47a9522383bf7b7bb) Importer(815301076,1909f56bfc062723c751e8b465ee728b)
Start importing Assets/Systems/UI/Notes/Notes.prefab using Guid(4ce80f2b6363d5c47a9522383bf7b7bb) Importer(815301076,1909f56bfc062723c751e8b465ee728b) [PhysX] Initialized MultithreadedTaskDispatcher with 12 workers.
 -> (artifact id: '3a8980d1da97365ce9b707a896d624ae') in 0.002321 seconds
Number of updated asset objects reloaded before import = 0
Number of asset objects unloaded after import = 9
========================================================================
Received Import Request.
  Time since last request: 33.118145 seconds.
  path: Assets/Systems/UI/Notes/Note.prefab
  artifactKey: Guid(ab7ee8f392f125d429fc3faae3ebf2ae) Importer(815301076,1909f56bfc062723c751e8b465ee728b)
Start importing Assets/Systems/UI/Notes/Note.prefab using Guid(ab7ee8f392f125d429fc3faae3ebf2ae) Importer(815301076,1909f56bfc062723c751e8b465ee728b) [PhysX] Initialized MultithreadedTaskDispatcher with 12 workers.
 -> (artifact id: '9adf3dfcbb59d980782b981efc086fa9') in 0.002193 seconds
Number of updated asset objects reloaded before import = 0
Number of asset objects unloaded after import = 7
========================================================================
Received Import Request.
  Time since last request: 1.315255 seconds.
  path: Assets/Systems/UI/Notes/Note.prefab
  artifactKey: Guid(ab7ee8f392f125d429fc3faae3ebf2ae) Importer(815301076,1909f56bfc062723c751e8b465ee728b)
Start importing Assets/Systems/UI/Notes/Note.prefab using Guid(ab7ee8f392f125d429fc3faae3ebf2ae) Importer(815301076,1909f56bfc062723c751e8b465ee728b) [PhysX] Initialized MultithreadedTaskDispatcher with 12 workers.
 -> (artifact id: '423bdb179215bb1c74568de3ced28cc3') in 0.002180 seconds
Number of updated asset objects reloaded before import = 0
Number of asset objects unloaded after import = 7
========================================================================
Received Import Request.
  Time since last request: 15.662146 seconds.
  path: Assets/Systems/UI/Notes/Note.prefab
  artifactKey: Guid(ab7ee8f392f125d429fc3faae3ebf2ae) Importer(815301076,1909f56bfc062723c751e8b465ee728b)
Start importing Assets/Systems/UI/Notes/Note.prefab using Guid(ab7ee8f392f125d429fc3faae3ebf2ae) Importer(815301076,1909f56bfc062723c751e8b465ee728b) [PhysX] Initialized MultithreadedTaskDispatcher with 12 workers.
 -> (artifact id: '37d878574eb01e2b10c5e8723780805d') in 0.002409 seconds
Number of updated asset objects reloaded before import = 0
Number of asset objects unloaded after import = 7
========================================================================
Received Import Request.
  Time since last request: 10.568421 seconds.
  path: Assets/Systems/UI/Notes/Note.prefab
  artifactKey: Guid(ab7ee8f392f125d429fc3faae3ebf2ae) Importer(815301076,1909f56bfc062723c751e8b465ee728b)
Start importing Assets/Systems/UI/Notes/Note.prefab using Guid(ab7ee8f392f125d429fc3faae3ebf2ae) Importer(815301076,1909f56bfc062723c751e8b465ee728b) [PhysX] Initialized MultithreadedTaskDispatcher with 12 workers.
 -> (artifact id: '8739c11ef091973de270a353a4694921') in 0.002352 seconds
Number of updated asset objects reloaded before import = 0
Number of asset objects unloaded after import = 9
========================================================================
Received Import Request.
  Time since last request: 3.053673 seconds.
  path: Assets/Systems/UI/Notes/Note.prefab
  artifactKey: Guid(ab7ee8f392f125d429fc3faae3ebf2ae) Importer(815301076,1909f56bfc062723c751e8b465ee728b)
Start importing Assets/Systems/UI/Notes/Note.prefab using Guid(ab7ee8f392f125d429fc3faae3ebf2ae) Importer(815301076,1909f56bfc062723c751e8b465ee728b) [PhysX] Initialized MultithreadedTaskDispatcher with 12 workers.
 -> (artifact id: 'f31f8a03e2b3ec0fa8a72a9d5ddfb2b4') in 0.002428 seconds
Number of updated asset objects reloaded before import = 0
Number of asset objects unloaded after import = 9
========================================================================
Received Import Request.
  Time since last request: 2.317133 seconds.
  path: Assets/Systems/UI/Notes/Note.prefab
  artifactKey: Guid(ab7ee8f392f125d429fc3faae3ebf2ae) Importer(815301076,1909f56bfc062723c751e8b465ee728b)
Start importing Assets/Systems/UI/Notes/Note.prefab using Guid(ab7ee8f392f125d429fc3faae3ebf2ae) Importer(815301076,1909f56bfc062723c751e8b465ee728b) [PhysX] Initialized MultithreadedTaskDispatcher with 12 workers.
 -> (artifact id: 'fdba4349fff3dd11243ca897ef475128') in 0.002135 seconds
Number of updated asset objects reloaded before import = 0
Number of asset objects unloaded after import = 9
========================================================================
Received Import Request.
  Time since last request: 5.757116 seconds.
  path: Assets/Systems/UI/Notes/Note.prefab
  artifactKey: Guid(ab7ee8f392f125d429fc3faae3ebf2ae) Importer(815301076,1909f56bfc062723c751e8b465ee728b)
Start importing Assets/Systems/UI/Notes/Note.prefab using Guid(ab7ee8f392f125d429fc3faae3ebf2ae) Importer(815301076,1909f56bfc062723c751e8b465ee728b) [PhysX] Initialized MultithreadedTaskDispatcher with 12 workers.
 -> (artifact id: '08650268c233be1b514adc22c707afc5') in 0.002435 seconds
Number of updated asset objects reloaded before import = 0
Number of asset objects unloaded after import = 9
========================================================================
Received Import Request.
  Time since last request: 5.543863 seconds.
  path: Assets/Systems/UI/Notes/Note.prefab
  artifactKey: Guid(ab7ee8f392f125d429fc3faae3ebf2ae) Importer(815301076,1909f56bfc062723c751e8b465ee728b)
Start importing Assets/Systems/UI/Notes/Note.prefab using Guid(ab7ee8f392f125d429fc3faae3ebf2ae) Importer(815301076,1909f56bfc062723c751e8b465ee728b) [PhysX] Initialized MultithreadedTaskDispatcher with 12 workers.
 -> (artifact id: 'bb81bff7f8953288243cfea9c76c2b98') in 0.002568 seconds
Number of updated asset objects reloaded before import = 0
Number of asset objects unloaded after import = 9
========================================================================
Received Import Request.
  Time since last request: 1.402635 seconds.
  path: Assets/Systems/UI/Notes/Note.prefab
  artifactKey: Guid(ab7ee8f392f125d429fc3faae3ebf2ae) Importer(815301076,1909f56bfc062723c751e8b465ee728b)
Start importing Assets/Systems/UI/Notes/Note.prefab using Guid(ab7ee8f392f125d429fc3faae3ebf2ae) Importer(815301076,1909f56bfc062723c751e8b465ee728b) [PhysX] Initialized MultithreadedTaskDispatcher with 12 workers.
 -> (artifact id: 'e2ef48d8fed0d40fc9f726e601d1314a') in 0.002371 seconds
Number of updated asset objects reloaded before import = 0
Number of asset objects unloaded after import = 9
========================================================================
Received Import Request.
  Time since last request: 1.132322 seconds.
  path: Assets/Systems/UI/Notes/Note.prefab
  artifactKey: Guid(ab7ee8f392f125d429fc3faae3ebf2ae) Importer(815301076,1909f56bfc062723c751e8b465ee728b)
Start importing Assets/Systems/UI/Notes/Note.prefab using Guid(ab7ee8f392f125d429fc3faae3ebf2ae) Importer(815301076,1909f56bfc062723c751e8b465ee728b) [PhysX] Initialized MultithreadedTaskDispatcher with 12 workers.
 -> (artifact id: 'e7d8ef1e9a0a726a21df166dad849726') in 0.002389 seconds
Number of updated asset objects reloaded before import = 0
Number of asset objects unloaded after import = 9
========================================================================
Received Import Request.
  Time since last request: 0.662375 seconds.
  path: Assets/Systems/UI/Notes/Note.prefab
  artifactKey: Guid(ab7ee8f392f125d429fc3faae3ebf2ae) Importer(815301076,1909f56bfc062723c751e8b465ee728b)
Start importing Assets/Systems/UI/Notes/Note.prefab using Guid(ab7ee8f392f125d429fc3faae3ebf2ae) Importer(815301076,1909f56bfc062723c751e8b465ee728b) [PhysX] Initialized MultithreadedTaskDispatcher with 12 workers.
 -> (artifact id: 'd5094c9ece819980ba267aded60dc97d') in 0.002347 seconds
Number of updated asset objects reloaded before import = 0
Number of asset objects unloaded after import = 9
========================================================================
Received Import Request.
  Time since last request: 0.654800 seconds.
  path: Assets/Systems/UI/Notes/Note.prefab
  artifactKey: Guid(ab7ee8f392f125d429fc3faae3ebf2ae) Importer(815301076,1909f56bfc062723c751e8b465ee728b)
Start importing Assets/Systems/UI/Notes/Note.prefab using Guid(ab7ee8f392f125d429fc3faae3ebf2ae) Importer(815301076,1909f56bfc062723c751e8b465ee728b) [PhysX] Initialized MultithreadedTaskDispatcher with 12 workers.
 -> (artifact id: '485ff5a5d90aa820b6d4a0b11c029fdb') in 0.002653 seconds
Number of updated asset objects reloaded before import = 0
Number of asset objects unloaded after import = 9
========================================================================
Received Import Request.
  Time since last request: 5.232928 seconds.
  path: Assets/Systems/UI/Notes/Note.prefab
  artifactKey: Guid(ab7ee8f392f125d429fc3faae3ebf2ae) Importer(815301076,1909f56bfc062723c751e8b465ee728b)
Start importing Assets/Systems/UI/Notes/Note.prefab using Guid(ab7ee8f392f125d429fc3faae3ebf2ae) Importer(815301076,1909f56bfc062723c751e8b465ee728b) [PhysX] Initialized MultithreadedTaskDispatcher with 12 workers.
 -> (artifact id: 'ef3ef06ce46d958252db543e91633c28') in 0.002085 seconds
Number of updated asset objects reloaded before import = 0
Number of asset objects unloaded after import = 9
========================================================================
Received Import Request.
  Time since last request: 2.314075 seconds.
  path: Assets/Systems/UI/Notes/Note.prefab
  artifactKey: Guid(ab7ee8f392f125d429fc3faae3ebf2ae) Importer(815301076,1909f56bfc062723c751e8b465ee728b)
Start importing Assets/Systems/UI/Notes/Note.prefab using Guid(ab7ee8f392f125d429fc3faae3ebf2ae) Importer(815301076,1909f56bfc062723c751e8b465ee728b) [PhysX] Initialized MultithreadedTaskDispatcher with 12 workers.
 -> (artifact id: '709dee3c2cda7a55c2fadb8db5c0384f') in 0.002336 seconds
Number of updated asset objects reloaded before import = 0
Number of asset objects unloaded after import = 9
========================================================================
Received Import Request.
  Time since last request: 1.309180 seconds.
  path: Assets/Systems/UI/Notes/Note.prefab
  artifactKey: Guid(ab7ee8f392f125d429fc3faae3ebf2ae) Importer(815301076,1909f56bfc062723c751e8b465ee728b)
Start importing Assets/Systems/UI/Notes/Note.prefab using Guid(ab7ee8f392f125d429fc3faae3ebf2ae) Importer(815301076,1909f56bfc062723c751e8b465ee728b) [PhysX] Initialized MultithreadedTaskDispatcher with 12 workers.
 -> (artifact id: '5fc93f33a4e8df06dac8be5b454021b2') in 0.002350 seconds
Number of updated asset objects reloaded before import = 0
Number of asset objects unloaded after import = 9
========================================================================
Received Import Request.
  Time since last request: 4.578959 seconds.
  path: Assets/Systems/UI/Notes/Note.prefab
  artifactKey: Guid(ab7ee8f392f125d429fc3faae3ebf2ae) Importer(815301076,1909f56bfc062723c751e8b465ee728b)
Start importing Assets/Systems/UI/Notes/Note.prefab using Guid(ab7ee8f392f125d429fc3faae3ebf2ae) Importer(815301076,1909f56bfc062723c751e8b465ee728b) [PhysX] Initialized MultithreadedTaskDispatcher with 12 workers.
 -> (artifact id: '711e2d4669c7fb5809e6b779096b6c41') in 0.002362 seconds
Number of updated asset objects reloaded before import = 0
Number of asset objects unloaded after import = 11
========================================================================
Received Import Request.
  Time since last request: 2.314755 seconds.
  path: Assets/Systems/UI/Notes/Note.prefab
  artifactKey: Guid(ab7ee8f392f125d429fc3faae3ebf2ae) Importer(815301076,1909f56bfc062723c751e8b465ee728b)
Start importing Assets/Systems/UI/Notes/Note.prefab using Guid(ab7ee8f392f125d429fc3faae3ebf2ae) Importer(815301076,1909f56bfc062723c751e8b465ee728b) [PhysX] Initialized MultithreadedTaskDispatcher with 12 workers.
 -> (artifact id: '2c6225f7b2c1fc7c6cad6b42d0d46243') in 0.002520 seconds
Number of updated asset objects reloaded before import = 0
Number of asset objects unloaded after import = 11
========================================================================
Received Import Request.
  Time since last request: 5.821942 seconds.
  path: Assets/Systems/UI/Notes/Note.prefab
  artifactKey: Guid(ab7ee8f392f125d429fc3faae3ebf2ae) Importer(815301076,1909f56bfc062723c751e8b465ee728b)
Start importing Assets/Systems/UI/Notes/Note.prefab using Guid(ab7ee8f392f125d429fc3faae3ebf2ae) Importer(815301076,1909f56bfc062723c751e8b465ee728b) [PhysX] Initialized MultithreadedTaskDispatcher with 12 workers.
 -> (artifact id: 'abca747fb9680d4bead4c42b62d7cf76') in 0.005872 seconds
Number of updated asset objects reloaded before import = 0
Number of asset objects unloaded after import = 11
========================================================================
Received Import Request.
  Time since last request: 5.159425 seconds.
  path: Assets/Systems/UI/Notes/Note.prefab
  artifactKey: Guid(ab7ee8f392f125d429fc3faae3ebf2ae) Importer(815301076,1909f56bfc062723c751e8b465ee728b)
Start importing Assets/Systems/UI/Notes/Note.prefab using Guid(ab7ee8f392f125d429fc3faae3ebf2ae) Importer(815301076,1909f56bfc062723c751e8b465ee728b) [PhysX] Initialized MultithreadedTaskDispatcher with 12 workers.
 -> (artifact id: '85d7afcd103761eafe71d881094cbf43') in 0.002467 seconds
Number of updated asset objects reloaded before import = 0
Number of asset objects unloaded after import = 11
========================================================================
Received Import Request.
  Time since last request: 4.602746 seconds.
  path: Assets/Systems/UI/Notes/Note.prefab
  artifactKey: Guid(ab7ee8f392f125d429fc3faae3ebf2ae) Importer(815301076,1909f56bfc062723c751e8b465ee728b)
Start importing Assets/Systems/UI/Notes/Note.prefab using Guid(ab7ee8f392f125d429fc3faae3ebf2ae) Importer(815301076,1909f56bfc062723c751e8b465ee728b) [PhysX] Initialized MultithreadedTaskDispatcher with 12 workers.
 -> (artifact id: 'f79d833300176da8efc649f8b4467f5b') in 0.002768 seconds
Number of updated asset objects reloaded before import = 0
Number of asset objects unloaded after import = 11
========================================================================
Received Import Request.
  Time since last request: 7.686721 seconds.
  path: Assets/Systems/UI/Notes/Note.prefab
  artifactKey: Guid(ab7ee8f392f125d429fc3faae3ebf2ae) Importer(815301076,1909f56bfc062723c751e8b465ee728b)
Start importing Assets/Systems/UI/Notes/Note.prefab using Guid(ab7ee8f392f125d429fc3faae3ebf2ae) Importer(815301076,1909f56bfc062723c751e8b465ee728b) [PhysX] Initialized MultithreadedTaskDispatcher with 12 workers.
 -> (artifact id: '3ec4b874f0d1876ba21f58873df913c1') in 0.003032 seconds
Number of updated asset objects reloaded before import = 0
Number of asset objects unloaded after import = 11
========================================================================
Received Import Request.
  Time since last request: 15.077583 seconds.
  path: Assets/Systems/UI/Notes/Note.prefab
  artifactKey: Guid(ab7ee8f392f125d429fc3faae3ebf2ae) Importer(815301076,1909f56bfc062723c751e8b465ee728b)
Start importing Assets/Systems/UI/Notes/Note.prefab using Guid(ab7ee8f392f125d429fc3faae3ebf2ae) Importer(815301076,1909f56bfc062723c751e8b465ee728b) [PhysX] Initialized MultithreadedTaskDispatcher with 12 workers.
 -> (artifact id: 'f112d465f877f09097b3016819cba990') in 0.002362 seconds
Number of updated asset objects reloaded before import = 0
Number of asset objects unloaded after import = 11
========================================================================
Received Import Request.
  Time since last request: 0.853591 seconds.
  path: Assets/Systems/UI/Notes/Note.prefab
  artifactKey: Guid(ab7ee8f392f125d429fc3faae3ebf2ae) Importer(815301076,1909f56bfc062723c751e8b465ee728b)
Start importing Assets/Systems/UI/Notes/Note.prefab using Guid(ab7ee8f392f125d429fc3faae3ebf2ae) Importer(815301076,1909f56bfc062723c751e8b465ee728b) [PhysX] Initialized MultithreadedTaskDispatcher with 12 workers.
 -> (artifact id: '4cb496914c979c064c9cc3fc9732d2ec') in 0.002186 seconds
Number of updated asset objects reloaded before import = 0
Number of asset objects unloaded after import = 11
========================================================================
Received Import Request.
  Time since last request: 105.345080 seconds.
  path: Assets/Systems/UI/Notes/Note.prefab
  artifactKey: Guid(ab7ee8f392f125d429fc3faae3ebf2ae) Importer(815301076,1909f56bfc062723c751e8b465ee728b)
Start importing Assets/Systems/UI/Notes/Note.prefab using Guid(ab7ee8f392f125d429fc3faae3ebf2ae) Importer(815301076,1909f56bfc062723c751e8b465ee728b) [PhysX] Initialized MultithreadedTaskDispatcher with 12 workers.
 -> (artifact id: 'df7276cf6a3339958b6e7dbec914edd9') in 0.002393 seconds
Number of updated asset objects reloaded before import = 0
Number of asset objects unloaded after import = 12
========================================================================
Received Import Request.
  Time since last request: 6.470197 seconds.
  path: Assets/Systems/UI/Notes/Note.prefab
  artifactKey: Guid(ab7ee8f392f125d429fc3faae3ebf2ae) Importer(815301076,1909f56bfc062723c751e8b465ee728b)
Start importing Assets/Systems/UI/Notes/Note.prefab using Guid(ab7ee8f392f125d429fc3faae3ebf2ae) Importer(815301076,1909f56bfc062723c751e8b465ee728b) [PhysX] Initialized MultithreadedTaskDispatcher with 12 workers.
 -> (artifact id: 'ea1bf0071687e355a42438d05adc24d1') in 0.002377 seconds
Number of updated asset objects reloaded before import = 0
Number of asset objects unloaded after import = 12
========================================================================
Received Import Request.
  Time since last request: 1.335985 seconds.
  path: Assets/Systems/UI/Notes/Note.prefab
  artifactKey: Guid(ab7ee8f392f125d429fc3faae3ebf2ae) Importer(815301076,1909f56bfc062723c751e8b465ee728b)
Start importing Assets/Systems/UI/Notes/Note.prefab using Guid(ab7ee8f392f125d429fc3faae3ebf2ae) Importer(815301076,1909f56bfc062723c751e8b465ee728b) [PhysX] Initialized MultithreadedTaskDispatcher with 12 workers.
 -> (artifact id: 'aa665b78dc04c97279c913b9c519c2d4') in 0.002781 seconds
Number of updated asset objects reloaded before import = 0
Number of asset objects unloaded after import = 12
========================================================================
Received Import Request.
  Time since last request: 8.470402 seconds.
  path: Assets/Systems/UI/Notes/Note.prefab
  artifactKey: Guid(ab7ee8f392f125d429fc3faae3ebf2ae) Importer(815301076,1909f56bfc062723c751e8b465ee728b)
Start importing Assets/Systems/UI/Notes/Note.prefab using Guid(ab7ee8f392f125d429fc3faae3ebf2ae) Importer(815301076,1909f56bfc062723c751e8b465ee728b) [PhysX] Initialized MultithreadedTaskDispatcher with 12 workers.
 -> (artifact id: '40bc015766afedcf11c97d20e740c3d1') in 0.002418 seconds
Number of updated asset objects reloaded before import = 0
Number of asset objects unloaded after import = 12
========================================================================
Received Import Request.
  Time since last request: 22.068067 seconds.
  path: Assets/Systems/UI/Notes/Note.prefab
  artifactKey: Guid(ab7ee8f392f125d429fc3faae3ebf2ae) Importer(815301076,1909f56bfc062723c751e8b465ee728b)
Start importing Assets/Systems/UI/Notes/Note.prefab using Guid(ab7ee8f392f125d429fc3faae3ebf2ae) Importer(815301076,1909f56bfc062723c751e8b465ee728b) [PhysX] Initialized MultithreadedTaskDispatcher with 12 workers.
 -> (artifact id: 'cbfc0db53ea5703a02e62e0b4a82086d') in 0.002756 seconds
Number of updated asset objects reloaded before import = 0
Number of asset objects unloaded after import = 12
========================================================================
Received Import Request.
  Time since last request: 11.099676 seconds.
  path: Assets/Systems/UI/Notes/Note.prefab
  artifactKey: Guid(ab7ee8f392f125d429fc3faae3ebf2ae) Importer(815301076,1909f56bfc062723c751e8b465ee728b)
Start importing Assets/Systems/UI/Notes/Note.prefab using Guid(ab7ee8f392f125d429fc3faae3ebf2ae) Importer(815301076,1909f56bfc062723c751e8b465ee728b) [PhysX] Initialized MultithreadedTaskDispatcher with 12 workers.
 -> (artifact id: 'e12f337a7e208c7f06b8574ce7c71383') in 0.002537 seconds
Number of updated asset objects reloaded before import = 0
Number of asset objects unloaded after import = 12
========================================================================
Received Import Request.
  Time since last request: 9884.081261 seconds.
  path: Assets/Systems/UI/Notes/Note.prefab
  artifactKey: Guid(ab7ee8f392f125d429fc3faae3ebf2ae) Importer(815301076,1909f56bfc062723c751e8b465ee728b)
Start importing Assets/Systems/UI/Notes/Note.prefab using Guid(ab7ee8f392f125d429fc3faae3ebf2ae) Importer(815301076,1909f56bfc062723c751e8b465ee728b) [PhysX] Initialized MultithreadedTaskDispatcher with 12 workers.
 -> (artifact id: '808d489ebec3c46560ac4f9b2f8e3c2e') in 0.002468 seconds
Number of updated asset objects reloaded before import = 0
Number of asset objects unloaded after import = 12
========================================================================
Received Import Request.
  Time since last request: 159.254649 seconds.
  path: Assets/Systems/UI/Canvas.prefab
  artifactKey: Guid(a37446fe62139b94e8c09bbc11c87ce2) Importer(815301076,1909f56bfc062723c751e8b465ee728b)
Start importing Assets/Systems/UI/Canvas.prefab using Guid(a37446fe62139b94e8c09bbc11c87ce2) Importer(815301076,1909f56bfc062723c751e8b465ee728b) [PhysX] Initialized MultithreadedTaskDispatcher with 12 workers.
 -> (artifact id: '626bfcb681a1908a8dba501cc8bdeb81') in 0.009440 seconds
Number of updated asset objects reloaded before import = 0
Number of asset objects unloaded after import = 462
========================================================================
Received Import Request.
  Time since last request: 2.884607 seconds.
  path: Assets/Systems/World.prefab
  artifactKey: Guid(a701326e5ab8c324c880cb5589bb44a6) Importer(815301076,1909f56bfc062723c751e8b465ee728b)
Start importing Assets/Systems/World.prefab using Guid(a701326e5ab8c324c880cb5589bb44a6) Importer(815301076,1909f56bfc062723c751e8b465ee728b) [PhysX] Initialized MultithreadedTaskDispatcher with 12 workers.
Refreshing native plugins compatible for Editor in 4.08 ms, found 5 plugins.
Preloading 0 native plugins for Editor in 0.00 ms.
[PhysX] Initialized MultithreadedTaskDispatcher with 12 workers.
 -> (artifact id: '1471fef2fdc093f43d5a39281fbd28ae') in 1.070598 seconds
Number of updated asset objects reloaded before import = 0
Number of asset objects unloaded after import = 2530
========================================================================
Received Prepare
Caller must complete domain reload
Begin MonoManager ReloadAssembly
Symbol file LoadedFromMemory is not a mono symbol file
- Loaded All Assemblies, in  0.629 seconds
Native extension for WindowsStandalone target not found
Native extension for WebGL target not found
[MODES] ModeService[none].Initialize
[MODES] ModeService[none].LoadModes
[MODES] Loading mode Default (0) for mode-current-id-ALiminalGame
Mono: successfully reloaded assembly
- Finished resetting the current domain, in  4.629 seconds
Domain Reload Profiling: 5258ms
	BeginReloadAssembly (175ms)
		ExecutionOrderSort (0ms)
		DisableScriptedObjects (12ms)
		BackupInstance (0ms)
		ReleaseScriptingObjects (0ms)
		CreateAndSetChildDomain (46ms)
	RebuildCommonClasses (34ms)
	RebuildNativeTypeToScriptingClass (16ms)
	initialDomainReloadingComplete (33ms)
	LoadAllAssembliesAndSetupDomain (370ms)
		LoadAssemblies (396ms)
		RebuildTransferFunctionScriptingTraits (0ms)
		AnalyzeDomain (54ms)
			TypeCache.Refresh (17ms)
				TypeCache.ScanAssembly (3ms)
			ScanForSourceGeneratedMonoScriptInfo (21ms)
			ResolveRequiredComponents (14ms)
	FinalizeReload (4630ms)
		ReleaseScriptCaches (0ms)
		RebuildScriptCaches (0ms)
		SetupLoadedEditorAssemblies (1193ms)
			LogAssemblyErrors (0ms)
			InitializePlatformSupportModulesInManaged (7ms)
			SetLoadedEditorAssemblies (5ms)
			RefreshPlugins (0ms)
			BeforeProcessingInitializeOnLoad (183ms)
			ProcessInitializeOnLoadAttributes (951ms)
			ProcessInitializeOnLoadMethodAttributes (45ms)
			AfterProcessingInitializeOnLoad (3ms)
			EditorAssembliesLoaded (0ms)
		ExecutionOrderSort2 (0ms)
		AwakeInstancesAfterBackupRestoration (2845ms)
Refreshing native plugins compatible for Editor in 3.87 ms, found 5 plugins.
Preloading 0 native plugins for Editor in 0.00 ms.
Unloading 6749 Unused Serialized files (Serialized files now loaded: 0)
Unloading 43 unused Assets / (42.7 KB). Loaded Objects now: 7410.
Memory consumption went from 208.7 MB to 208.6 MB.
Total: 4.648300 ms (FindLiveObjects: 0.493000 ms CreateObjectMapping: 0.438900 ms MarkObjects: 3.589800 ms  DeleteObjects: 0.125700 ms)

Prepare: number of updated asset objects reloaded= 0
AssetImportParameters requested are different than current active one (requested -> active):
  custom:container-demuxer-ogg: 62fdf1f143b41e24485cea50d1cbac27 -> 
  custom:framework-win-MediaFoundation: 216162199b28c13a410421893ffa2e32 -> 
  custom:container-muxer-webm: aa71ff27fc2769a1b78a27578f13a17b -> 
  custom:video-decoder-webm-vp8: 9c59270c3fd7afecdb556c50c9e8de78 -> 
  custom:SearchIndexIgnoredProperties: e643bd26f0fe6173181afceb89e7c659 -> 
  custom:AudioImporter_EditorPlatform: d09bf68614088b80899f8185d706f6e7 -> 
  custom:scripting/monoscript/fileName/NoteObject.cs: ee3fff43908aa1bfc7f73f83ab8f124d -> 
  custom:audio-decoder-ogg-vorbis: bf7c407c2cedff20999df2af8eb42d56 -> 
  custom:audio-encoder-webm-vorbis: bf7c407c2cedff20999df2af8eb42d56 -> 
  custom:scripting/precompiled-assembly-types:Assembly-CSharp: a9ca11c4264d60836034b6e5f2600f4c -> 32e433f1571b6731009d85de0c417aec
  custom:video-decoder-ogg-theora: a1e56fd34408186e4bbccfd4996cb3dc -> 
  custom:CustomObjectIndexerAttribute: 9a22284fe3817be447336de3de66b15e -> 
  custom:container-demuxer-webm: 4f35f7cbe854078d1ac9338744f61a02 -> 
  custom:video-encoder-webm-vp8: eb34c28f22e8b96e1ab97ce403110664 -> 
========================================================================
Received Prepare
Caller must complete domain reload
Begin MonoManager ReloadAssembly
Symbol file LoadedFromMemory is not a mono symbol file
- Loaded All Assemblies, in  0.653 seconds
Native extension for WindowsStandalone target not found
Native extension for WebGL target not found
[MODES] ModeService[none].Initialize
[MODES] ModeService[none].LoadModes
[MODES] Loading mode Default (0) for mode-current-id-ALiminalGame
Mono: successfully reloaded assembly
- Finished resetting the current domain, in  2.955 seconds
Domain Reload Profiling: 3607ms
	BeginReloadAssembly (195ms)
		ExecutionOrderSort (0ms)
		DisableScriptedObjects (18ms)
		BackupInstance (0ms)
		ReleaseScriptingObjects (0ms)
		CreateAndSetChildDomain (48ms)
	RebuildCommonClasses (36ms)
	RebuildNativeTypeToScriptingClass (14ms)
	initialDomainReloadingComplete (33ms)
	LoadAllAssembliesAndSetupDomain (373ms)
		LoadAssemblies (400ms)
		RebuildTransferFunctionScriptingTraits (0ms)
		AnalyzeDomain (59ms)
			TypeCache.Refresh (15ms)
				TypeCache.ScanAssembly (2ms)
			ScanForSourceGeneratedMonoScriptInfo (24ms)
			ResolveRequiredComponents (17ms)
	FinalizeReload (2956ms)
		ReleaseScriptCaches (0ms)
		RebuildScriptCaches (0ms)
		SetupLoadedEditorAssemblies (1052ms)
			LogAssemblyErrors (0ms)
			InitializePlatformSupportModulesInManaged (7ms)
			SetLoadedEditorAssemblies (5ms)
			RefreshPlugins (0ms)
			BeforeProcessingInitializeOnLoad (175ms)
			ProcessInitializeOnLoadAttributes (818ms)
			ProcessInitializeOnLoadMethodAttributes (44ms)
			AfterProcessingInitializeOnLoad (3ms)
			EditorAssembliesLoaded (0ms)
		ExecutionOrderSort2 (0ms)
		AwakeInstancesAfterBackupRestoration (1400ms)
Refreshing native plugins compatible for Editor in 4.04 ms, found 5 plugins.
Preloading 0 native plugins for Editor in 0.00 ms.
Unloading 6750 Unused Serialized files (Serialized files now loaded: 0)
Unloading 30 unused Assets / (36.8 KB). Loaded Objects now: 7416.
Memory consumption went from 208.8 MB to 208.8 MB.
Total: 5.302700 ms (FindLiveObjects: 0.492500 ms CreateObjectMapping: 0.468700 ms MarkObjects: 4.272800 ms  DeleteObjects: 0.067500 ms)

Prepare: number of updated asset objects reloaded= 0
AssetImportParameters requested are different than current active one (requested -> active):
  custom:container-demuxer-ogg: 62fdf1f143b41e24485cea50d1cbac27 -> 
  custom:framework-win-MediaFoundation: 216162199b28c13a410421893ffa2e32 -> 
  custom:container-muxer-webm: aa71ff27fc2769a1b78a27578f13a17b -> 
  custom:video-decoder-webm-vp8: 9c59270c3fd7afecdb556c50c9e8de78 -> 
  custom:SearchIndexIgnoredProperties: e643bd26f0fe6173181afceb89e7c659 -> 
  custom:AudioImporter_EditorPlatform: d09bf68614088b80899f8185d706f6e7 -> 
  custom:scripting/monoscript/fileName/NoteObject.cs: 583e16250781b42edd0f3563fdc75043 -> 
  custom:audio-decoder-ogg-vorbis: bf7c407c2cedff20999df2af8eb42d56 -> 
  custom:audio-encoder-webm-vorbis: bf7c407c2cedff20999df2af8eb42d56 -> 
  custom:scripting/precompiled-assembly-types:Assembly-CSharp: 7c3b7209f307dbb15344ab936d8f6934 -> 32e433f1571b6731009d85de0c417aec
  custom:video-decoder-ogg-theora: a1e56fd34408186e4bbccfd4996cb3dc -> 
  custom:CustomObjectIndexerAttribute: 9a22284fe3817be447336de3de66b15e -> 
  custom:container-demuxer-webm: 4f35f7cbe854078d1ac9338744f61a02 -> 
  custom:video-encoder-webm-vp8: eb34c28f22e8b96e1ab97ce403110664 -> 
========================================================================
Received Prepare
Caller must complete domain reload
Begin MonoManager ReloadAssembly
Symbol file LoadedFromMemory is not a mono symbol file
- Loaded All Assemblies, in  0.668 seconds
Native extension for WindowsStandalone target not found
Native extension for WebGL target not found
[MODES] ModeService[none].Initialize
[MODES] ModeService[none].LoadModes
[MODES] Loading mode Default (0) for mode-current-id-ALiminalGame
Mono: successfully reloaded assembly
- Finished resetting the current domain, in  2.526 seconds
Domain Reload Profiling: 3193ms
	BeginReloadAssembly (190ms)
		ExecutionOrderSort (0ms)
		DisableScriptedObjects (12ms)
		BackupInstance (0ms)
		ReleaseScriptingObjects (0ms)
		CreateAndSetChildDomain (53ms)
	RebuildCommonClasses (49ms)
	RebuildNativeTypeToScriptingClass (15ms)
	initialDomainReloadingComplete (26ms)
	LoadAllAssembliesAndSetupDomain (386ms)
		LoadAssemblies (408ms)
		RebuildTransferFunctionScriptingTraits (0ms)
		AnalyzeDomain (63ms)
			TypeCache.Refresh (14ms)
				TypeCache.ScanAssembly (2ms)
			ScanForSourceGeneratedMonoScriptInfo (31ms)
			ResolveRequiredComponents (17ms)
	FinalizeReload (2527ms)
		ReleaseScriptCaches (0ms)
		RebuildScriptCaches (0ms)
		SetupLoadedEditorAssemblies (1033ms)
			LogAssemblyErrors (0ms)
			InitializePlatformSupportModulesInManaged (7ms)
			SetLoadedEditorAssemblies (5ms)
			RefreshPlugins (0ms)
			BeforeProcessingInitializeOnLoad (163ms)
			ProcessInitializeOnLoadAttributes (814ms)
			ProcessInitializeOnLoadMethodAttributes (42ms)
			AfterProcessingInitializeOnLoad (3ms)
			EditorAssembliesLoaded (0ms)
		ExecutionOrderSort2 (0ms)
		AwakeInstancesAfterBackupRestoration (960ms)
Refreshing native plugins compatible for Editor in 3.88 ms, found 5 plugins.
Preloading 0 native plugins for Editor in 0.00 ms.
Unloading 6750 Unused Serialized files (Serialized files now loaded: 0)
Unloading 30 unused Assets / (37.8 KB). Loaded Objects now: 7422.
Memory consumption went from 208.8 MB to 208.8 MB.
Total: 4.568400 ms (FindLiveObjects: 0.476000 ms CreateObjectMapping: 0.443500 ms MarkObjects: 3.590000 ms  DeleteObjects: 0.058100 ms)

Prepare: number of updated asset objects reloaded= 0
AssetImportParameters requested are different than current active one (requested -> active):
  custom:container-demuxer-ogg: 62fdf1f143b41e24485cea50d1cbac27 -> 
  custom:framework-win-MediaFoundation: 216162199b28c13a410421893ffa2e32 -> 
  custom:container-muxer-webm: aa71ff27fc2769a1b78a27578f13a17b -> 
  custom:video-decoder-webm-vp8: 9c59270c3fd7afecdb556c50c9e8de78 -> 
  custom:SearchIndexIgnoredProperties: e643bd26f0fe6173181afceb89e7c659 -> 
  custom:AudioImporter_EditorPlatform: d09bf68614088b80899f8185d706f6e7 -> 
  custom:scripting/monoscript/fileName/NoteObject.cs: 583e16250781b42edd0f3563fdc75043 -> 
  custom:audio-decoder-ogg-vorbis: bf7c407c2cedff20999df2af8eb42d56 -> 
  custom:audio-encoder-webm-vorbis: bf7c407c2cedff20999df2af8eb42d56 -> 
  custom:scripting/precompiled-assembly-types:Assembly-CSharp: 455dfffc3e863bd3cd13e3e6484febc0 -> 32e433f1571b6731009d85de0c417aec
  custom:video-decoder-ogg-theora: a1e56fd34408186e4bbccfd4996cb3dc -> 
  custom:CustomObjectIndexerAttribute: 9a22284fe3817be447336de3de66b15e -> 
  custom:container-demuxer-webm: 4f35f7cbe854078d1ac9338744f61a02 -> 
  custom:video-encoder-webm-vp8: eb34c28f22e8b96e1ab97ce403110664 -> 
========================================================================
Received Prepare
Caller must complete domain reload
Begin MonoManager ReloadAssembly
Symbol file LoadedFromMemory is not a mono symbol file
- Loaded All Assemblies, in  0.640 seconds
Native extension for WindowsStandalone target not found
Native extension for WebGL target not found
[MODES] ModeService[none].Initialize
[MODES] ModeService[none].LoadModes
[MODES] Loading mode Default (0) for mode-current-id-ALiminalGame
Mono: successfully reloaded assembly
- Finished resetting the current domain, in  3.343 seconds
Domain Reload Profiling: 3982ms
	BeginReloadAssembly (186ms)
		ExecutionOrderSort (0ms)
		DisableScriptedObjects (13ms)
		BackupInstance (0ms)
		ReleaseScriptingObjects (0ms)
		CreateAndSetChildDomain (47ms)
	RebuildCommonClasses (39ms)
	RebuildNativeTypeToScriptingClass (13ms)
	initialDomainReloadingComplete (30ms)
	LoadAllAssembliesAndSetupDomain (371ms)
		LoadAssemblies (403ms)
		RebuildTransferFunctionScriptingTraits (0ms)
		AnalyzeDomain (56ms)
			TypeCache.Refresh (15ms)
				TypeCache.ScanAssembly (2ms)
			ScanForSourceGeneratedMonoScriptInfo (25ms)
			ResolveRequiredComponents (15ms)
	FinalizeReload (3344ms)
		ReleaseScriptCaches (0ms)
		RebuildScriptCaches (0ms)
		SetupLoadedEditorAssemblies (1590ms)
			LogAssemblyErrors (0ms)
			InitializePlatformSupportModulesInManaged (7ms)
			SetLoadedEditorAssemblies (5ms)
			RefreshPlugins (0ms)
			BeforeProcessingInitializeOnLoad (171ms)
			ProcessInitializeOnLoadAttributes (1353ms)
			ProcessInitializeOnLoadMethodAttributes (51ms)
			AfterProcessingInitializeOnLoad (3ms)
			EditorAssembliesLoaded (0ms)
		ExecutionOrderSort2 (0ms)
		AwakeInstancesAfterBackupRestoration (1230ms)
Refreshing native plugins compatible for Editor in 3.92 ms, found 5 plugins.
Preloading 0 native plugins for Editor in 0.00 ms.
Unloading 6750 Unused Serialized files (Serialized files now loaded: 0)
Unloading 30 unused Assets / (36.8 KB). Loaded Objects now: 7428.
Memory consumption went from 208.8 MB to 208.8 MB.
Total: 4.999600 ms (FindLiveObjects: 0.487700 ms CreateObjectMapping: 0.461800 ms MarkObjects: 3.987300 ms  DeleteObjects: 0.061900 ms)

Prepare: number of updated asset objects reloaded= 0
AssetImportParameters requested are different than current active one (requested -> active):
  custom:container-demuxer-ogg: 62fdf1f143b41e24485cea50d1cbac27 -> 
  custom:framework-win-MediaFoundation: 216162199b28c13a410421893ffa2e32 -> 
  custom:container-muxer-webm: aa71ff27fc2769a1b78a27578f13a17b -> 
  custom:video-decoder-webm-vp8: 9c59270c3fd7afecdb556c50c9e8de78 -> 
  custom:SearchIndexIgnoredProperties: e643bd26f0fe6173181afceb89e7c659 -> 
  custom:AudioImporter_EditorPlatform: d09bf68614088b80899f8185d706f6e7 -> 
  custom:scripting/monoscript/fileName/NoteObject.cs: 583e16250781b42edd0f3563fdc75043 -> 
  custom:audio-decoder-ogg-vorbis: bf7c407c2cedff20999df2af8eb42d56 -> 
  custom:audio-encoder-webm-vorbis: bf7c407c2cedff20999df2af8eb42d56 -> 
  custom:scripting/precompiled-assembly-types:Assembly-CSharp: 7b66a885101eaa11dd5e48043e864da5 -> 32e433f1571b6731009d85de0c417aec
  custom:video-decoder-ogg-theora: a1e56fd34408186e4bbccfd4996cb3dc -> 
  custom:CustomObjectIndexerAttribute: 9a22284fe3817be447336de3de66b15e -> 
  custom:container-demuxer-webm: 4f35f7cbe854078d1ac9338744f61a02 -> 
  custom:video-encoder-webm-vp8: eb34c28f22e8b96e1ab97ce403110664 -> 
========================================================================
Received Prepare
Caller must complete domain reload
Begin MonoManager ReloadAssembly
Symbol file LoadedFromMemory is not a mono symbol file
- Loaded All Assemblies, in  0.606 seconds
Native extension for WindowsStandalone target not found
Native extension for WebGL target not found
[MODES] ModeService[none].Initialize
[MODES] ModeService[none].LoadModes
[MODES] Loading mode Default (0) for mode-current-id-ALiminalGame
Mono: successfully reloaded assembly
- Finished resetting the current domain, in  2.676 seconds
Domain Reload Profiling: 3281ms
	BeginReloadAssembly (168ms)
		ExecutionOrderSort (0ms)
		DisableScriptedObjects (13ms)
		BackupInstance (0ms)
		ReleaseScriptingObjects (0ms)
		CreateAndSetChildDomain (46ms)
	RebuildCommonClasses (35ms)
	RebuildNativeTypeToScriptingClass (12ms)
	initialDomainReloadingComplete (30ms)
	LoadAllAssembliesAndSetupDomain (360ms)
		LoadAssemblies (377ms)
		RebuildTransferFunctionScriptingTraits (0ms)
		AnalyzeDomain (56ms)
			TypeCache.Refresh (15ms)
				TypeCache.ScanAssembly (2ms)
			ScanForSourceGeneratedMonoScriptInfo (25ms)
			ResolveRequiredComponents (14ms)
	FinalizeReload (2676ms)
		ReleaseScriptCaches (0ms)
		RebuildScriptCaches (0ms)
		SetupLoadedEditorAssemblies (940ms)
			LogAssemblyErrors (0ms)
			InitializePlatformSupportModulesInManaged (7ms)
			SetLoadedEditorAssemblies (5ms)
			RefreshPlugins (0ms)
			BeforeProcessingInitializeOnLoad (157ms)
			ProcessInitializeOnLoadAttributes (725ms)
			ProcessInitializeOnLoadMethodAttributes (42ms)
			AfterProcessingInitializeOnLoad (3ms)
			EditorAssembliesLoaded (0ms)
		ExecutionOrderSort2 (0ms)
		AwakeInstancesAfterBackupRestoration (1244ms)
Refreshing native plugins compatible for Editor in 3.82 ms, found 5 plugins.
Preloading 0 native plugins for Editor in 0.00 ms.
Unloading 6750 Unused Serialized files (Serialized files now loaded: 0)
Unloading 30 unused Assets / (36.9 KB). Loaded Objects now: 7434.
Memory consumption went from 208.9 MB to 208.8 MB.
Total: 4.666200 ms (FindLiveObjects: 0.487400 ms CreateObjectMapping: 0.434100 ms MarkObjects: 3.694200 ms  DeleteObjects: 0.049500 ms)

Prepare: number of updated asset objects reloaded= 0
AssetImportParameters requested are different than current active one (requested -> active):
  custom:container-demuxer-ogg: 62fdf1f143b41e24485cea50d1cbac27 -> 
  custom:framework-win-MediaFoundation: 216162199b28c13a410421893ffa2e32 -> 
  custom:container-muxer-webm: aa71ff27fc2769a1b78a27578f13a17b -> 
  custom:video-decoder-webm-vp8: 9c59270c3fd7afecdb556c50c9e8de78 -> 
  custom:SearchIndexIgnoredProperties: e643bd26f0fe6173181afceb89e7c659 -> 
  custom:AudioImporter_EditorPlatform: d09bf68614088b80899f8185d706f6e7 -> 
  custom:scripting/monoscript/fileName/NoteObject.cs: 583e16250781b42edd0f3563fdc75043 -> 
  custom:audio-decoder-ogg-vorbis: bf7c407c2cedff20999df2af8eb42d56 -> 
  custom:audio-encoder-webm-vorbis: bf7c407c2cedff20999df2af8eb42d56 -> 
  custom:scripting/precompiled-assembly-types:Assembly-CSharp: 7b66a885101eaa11dd5e48043e864da5 -> 32e433f1571b6731009d85de0c417aec
  custom:video-decoder-ogg-theora: a1e56fd34408186e4bbccfd4996cb3dc -> 
  custom:CustomObjectIndexerAttribute: 9a22284fe3817be447336de3de66b15e -> 
  custom:container-demuxer-webm: 4f35f7cbe854078d1ac9338744f61a02 -> 
  custom:video-encoder-webm-vp8: eb34c28f22e8b96e1ab97ce403110664 -> 
========================================================================
Received Prepare
Caller must complete domain reload
Begin MonoManager ReloadAssembly
Symbol file LoadedFromMemory is not a mono symbol file
- Loaded All Assemblies, in  0.671 seconds
Native extension for WindowsStandalone target not found
Native extension for WebGL target not found
[MODES] ModeService[none].Initialize
[MODES] ModeService[none].LoadModes
[MODES] Loading mode Default (0) for mode-current-id-ALiminalGame
Mono: successfully reloaded assembly
- Finished resetting the current domain, in  3.454 seconds
Domain Reload Profiling: 4124ms
	BeginReloadAssembly (214ms)
		ExecutionOrderSort (0ms)
		DisableScriptedObjects (15ms)
		BackupInstance (0ms)
		ReleaseScriptingObjects (0ms)
		CreateAndSetChildDomain (69ms)
	RebuildCommonClasses (40ms)
	RebuildNativeTypeToScriptingClass (14ms)
	initialDomainReloadingComplete (33ms)
	LoadAllAssembliesAndSetupDomain (370ms)
		LoadAssemblies (401ms)
		RebuildTransferFunctionScriptingTraits (0ms)
		AnalyzeDomain (59ms)
			TypeCache.Refresh (16ms)
				TypeCache.ScanAssembly (2ms)
			ScanForSourceGeneratedMonoScriptInfo (23ms)
			ResolveRequiredComponents (18ms)
	FinalizeReload (3454ms)
		ReleaseScriptCaches (0ms)
		RebuildScriptCaches (0ms)
		SetupLoadedEditorAssemblies (1396ms)
			LogAssemblyErrors (0ms)
			InitializePlatformSupportModulesInManaged (13ms)
			SetLoadedEditorAssemblies (6ms)
			RefreshPlugins (0ms)
			BeforeProcessingInitializeOnLoad (187ms)
			ProcessInitializeOnLoadAttributes (1143ms)
			ProcessInitializeOnLoadMethodAttributes (45ms)
			AfterProcessingInitializeOnLoad (3ms)
			EditorAssembliesLoaded (0ms)
		ExecutionOrderSort2 (0ms)
		AwakeInstancesAfterBackupRestoration (1452ms)
Refreshing native plugins compatible for Editor in 4.19 ms, found 5 plugins.
Preloading 0 native plugins for Editor in 0.00 ms.
Unloading 6750 Unused Serialized files (Serialized files now loaded: 0)
Unloading 30 unused Assets / (36.9 KB). Loaded Objects now: 7440.
Memory consumption went from 208.9 MB to 208.8 MB.
Total: 4.737300 ms (FindLiveObjects: 0.480400 ms CreateObjectMapping: 0.486200 ms MarkObjects: 3.719700 ms  DeleteObjects: 0.050200 ms)

Prepare: number of updated asset objects reloaded= 0
AssetImportParameters requested are different than current active one (requested -> active):
  custom:container-demuxer-ogg: 62fdf1f143b41e24485cea50d1cbac27 -> 
  custom:framework-win-MediaFoundation: 216162199b28c13a410421893ffa2e32 -> 
  custom:container-muxer-webm: aa71ff27fc2769a1b78a27578f13a17b -> 
  custom:video-decoder-webm-vp8: 9c59270c3fd7afecdb556c50c9e8de78 -> 
  custom:SearchIndexIgnoredProperties: e643bd26f0fe6173181afceb89e7c659 -> 
  custom:AudioImporter_EditorPlatform: d09bf68614088b80899f8185d706f6e7 -> 
  custom:scripting/monoscript/fileName/NoteObject.cs: 583e16250781b42edd0f3563fdc75043 -> 
  custom:audio-decoder-ogg-vorbis: bf7c407c2cedff20999df2af8eb42d56 -> 
  custom:audio-encoder-webm-vorbis: bf7c407c2cedff20999df2af8eb42d56 -> 
  custom:scripting/precompiled-assembly-types:Assembly-CSharp: 7b66a885101eaa11dd5e48043e864da5 -> 32e433f1571b6731009d85de0c417aec
  custom:video-decoder-ogg-theora: a1e56fd34408186e4bbccfd4996cb3dc -> 
  custom:CustomObjectIndexerAttribute: 9a22284fe3817be447336de3de66b15e -> 
  custom:container-demuxer-webm: 4f35f7cbe854078d1ac9338744f61a02 -> 
  custom:video-encoder-webm-vp8: eb34c28f22e8b96e1ab97ce403110664 -> 
========================================================================
Received Prepare
Caller must complete domain reload
Begin MonoManager ReloadAssembly
Symbol file LoadedFromMemory is not a mono symbol file
- Loaded All Assemblies, in  0.595 seconds
Native extension for WindowsStandalone target not found
Native extension for WebGL target not found
[MODES] ModeService[none].Initialize
[MODES] ModeService[none].LoadModes
[MODES] Loading mode Default (0) for mode-current-id-ALiminalGame
Mono: successfully reloaded assembly
- Finished resetting the current domain, in  3.506 seconds
Domain Reload Profiling: 4100ms
	BeginReloadAssembly (162ms)
		ExecutionOrderSort (0ms)
		DisableScriptedObjects (12ms)
		BackupInstance (0ms)
		ReleaseScriptingObjects (0ms)
		CreateAndSetChildDomain (40ms)
	RebuildCommonClasses (35ms)
	RebuildNativeTypeToScriptingClass (17ms)
	initialDomainReloadingComplete (28ms)
	LoadAllAssembliesAndSetupDomain (352ms)
		LoadAssemblies (365ms)
		RebuildTransferFunctionScriptingTraits (0ms)
		AnalyzeDomain (60ms)
			TypeCache.Refresh (20ms)
				TypeCache.ScanAssembly (4ms)
			ScanForSourceGeneratedMonoScriptInfo (25ms)
			ResolveRequiredComponents (14ms)
	FinalizeReload (3506ms)
		ReleaseScriptCaches (0ms)
		RebuildScriptCaches (0ms)
		SetupLoadedEditorAssemblies (1273ms)
			LogAssemblyErrors (0ms)
			InitializePlatformSupportModulesInManaged (7ms)
			SetLoadedEditorAssemblies (5ms)
			RefreshPlugins (0ms)
			BeforeProcessingInitializeOnLoad (165ms)
			ProcessInitializeOnLoadAttributes (1048ms)
			ProcessInitializeOnLoadMethodAttributes (44ms)
			AfterProcessingInitializeOnLoad (3ms)
			EditorAssembliesLoaded (0ms)
		ExecutionOrderSort2 (0ms)
		AwakeInstancesAfterBackupRestoration (1724ms)
Refreshing native plugins compatible for Editor in 3.91 ms, found 5 plugins.
Preloading 0 native plugins for Editor in 0.00 ms.
Unloading 6751 Unused Serialized files (Serialized files now loaded: 0)
Unloading 30 unused Assets / (36.9 KB). Loaded Objects now: 7447.
Memory consumption went from 208.9 MB to 208.8 MB.
Total: 4.570400 ms (FindLiveObjects: 0.493700 ms CreateObjectMapping: 0.409700 ms MarkObjects: 3.615800 ms  DeleteObjects: 0.050600 ms)

Prepare: number of updated asset objects reloaded= 0
AssetImportParameters requested are different than current active one (requested -> active):
  custom:container-demuxer-ogg: 62fdf1f143b41e24485cea50d1cbac27 -> 
  custom:framework-win-MediaFoundation: 216162199b28c13a410421893ffa2e32 -> 
  custom:container-muxer-webm: aa71ff27fc2769a1b78a27578f13a17b -> 
  custom:video-decoder-webm-vp8: 9c59270c3fd7afecdb556c50c9e8de78 -> 
  custom:SearchIndexIgnoredProperties: e643bd26f0fe6173181afceb89e7c659 -> 
  custom:AudioImporter_EditorPlatform: d09bf68614088b80899f8185d706f6e7 -> 
  custom:scripting/monoscript/fileName/NoteObject.cs: ee3fff43908aa1bfc7f73f83ab8f124d -> 
  custom:audio-decoder-ogg-vorbis: bf7c407c2cedff20999df2af8eb42d56 -> 
  custom:audio-encoder-webm-vorbis: bf7c407c2cedff20999df2af8eb42d56 -> 
  custom:scripting/precompiled-assembly-types:Assembly-CSharp: 1f0cc588bd449239afbbcab8b0235f13 -> 32e433f1571b6731009d85de0c417aec
  custom:video-decoder-ogg-theora: a1e56fd34408186e4bbccfd4996cb3dc -> 
  custom:CustomObjectIndexerAttribute: 9a22284fe3817be447336de3de66b15e -> 
  custom:container-demuxer-webm: 4f35f7cbe854078d1ac9338744f61a02 -> 
  custom:scripting/monoscript/fileName/NoteManadger.cs: b3adf304526abc7a6027a4ad8c82fda9 -> 
  custom:video-encoder-webm-vp8: eb34c28f22e8b96e1ab97ce403110664 -> 
========================================================================
Received Import Request.
  Time since last request: 1385.916704 seconds.
  path: Assets/Systems/UI/Notes/Notes.prefab
  artifactKey: Guid(4ce80f2b6363d5c47a9522383bf7b7bb) Importer(815301076,1909f56bfc062723c751e8b465ee728b)
Start importing Assets/Systems/UI/Notes/Notes.prefab using Guid(4ce80f2b6363d5c47a9522383bf7b7bb) Importer(815301076,1909f56bfc062723c751e8b465ee728b) [PhysX] Initialized MultithreadedTaskDispatcher with 12 workers.
 -> (artifact id: 'dfd2a572beb270e532d31b65afc5f604') in 0.038631 seconds
Number of updated asset objects reloaded before import = 0
Number of asset objects unloaded after import = 15
========================================================================
Received Import Request.
  Time since last request: 2.576504 seconds.
  path: Assets/Systems/UI/Notes/Notes.prefab
  artifactKey: Guid(4ce80f2b6363d5c47a9522383bf7b7bb) Importer(815301076,1909f56bfc062723c751e8b465ee728b)
Start importing Assets/Systems/UI/Notes/Notes.prefab using Guid(4ce80f2b6363d5c47a9522383bf7b7bb) Importer(815301076,1909f56bfc062723c751e8b465ee728b) [PhysX] Initialized MultithreadedTaskDispatcher with 12 workers.
 -> (artifact id: '9d3fc90dffa2e292d157cf2ddc95a7c2') in 0.002745 seconds
Number of updated asset objects reloaded before import = 0
Number of asset objects unloaded after import = 15
========================================================================
Received Import Request.
  Time since last request: 5.477800 seconds.
  path: Assets/Systems/UI/Notes/Notes.prefab
  artifactKey: Guid(4ce80f2b6363d5c47a9522383bf7b7bb) Importer(815301076,1909f56bfc062723c751e8b465ee728b)
Start importing Assets/Systems/UI/Notes/Notes.prefab using Guid(4ce80f2b6363d5c47a9522383bf7b7bb) Importer(815301076,1909f56bfc062723c751e8b465ee728b) [PhysX] Initialized MultithreadedTaskDispatcher with 12 workers.
 -> (artifact id: 'b17303f2686672f789f9a12fef35949c') in 0.002917 seconds
Number of updated asset objects reloaded before import = 0
Number of asset objects unloaded after import = 15
========================================================================
Received Import Request.
  Time since last request: 17.946785 seconds.
  path: Assets/Systems/UI/Notes/Notes.prefab
  artifactKey: Guid(4ce80f2b6363d5c47a9522383bf7b7bb) Importer(815301076,1909f56bfc062723c751e8b465ee728b)
Start importing Assets/Systems/UI/Notes/Notes.prefab using Guid(4ce80f2b6363d5c47a9522383bf7b7bb) Importer(815301076,1909f56bfc062723c751e8b465ee728b) [PhysX] Initialized MultithreadedTaskDispatcher with 12 workers.
 -> (artifact id: '79f60c8b397bb8520a37775a9f7841ad') in 0.002698 seconds
Number of updated asset objects reloaded before import = 0
Number of asset objects unloaded after import = 15
========================================================================
Received Import Request.
  Time since last request: 1.540163 seconds.
  path: Assets/Systems/UI/Notes/Notes.prefab
  artifactKey: Guid(4ce80f2b6363d5c47a9522383bf7b7bb) Importer(815301076,1909f56bfc062723c751e8b465ee728b)
Start importing Assets/Systems/UI/Notes/Notes.prefab using Guid(4ce80f2b6363d5c47a9522383bf7b7bb) Importer(815301076,1909f56bfc062723c751e8b465ee728b) [PhysX] Initialized MultithreadedTaskDispatcher with 12 workers.
 -> (artifact id: 'a0ed2e45d80c03de3cf83affbf236d44') in 0.002405 seconds
Number of updated asset objects reloaded before import = 0
Number of asset objects unloaded after import = 15
========================================================================
Received Import Request.
  Time since last request: 70.507897 seconds.
  path: Assets/Systems/UI/Canvas.prefab
  artifactKey: Guid(a37446fe62139b94e8c09bbc11c87ce2) Importer(815301076,1909f56bfc062723c751e8b465ee728b)
Start importing Assets/Systems/UI/Canvas.prefab using Guid(a37446fe62139b94e8c09bbc11c87ce2) Importer(815301076,1909f56bfc062723c751e8b465ee728b) [PhysX] Initialized MultithreadedTaskDispatcher with 12 workers.
 -> (artifact id: 'e91deeb407678939948c2a21c00d421e') in 0.036018 seconds
Number of updated asset objects reloaded before import = 0
Number of asset objects unloaded after import = 463
========================================================================
Received Import Request.
  Time since last request: 1.635631 seconds.
  path: Assets/Systems/World.prefab
  artifactKey: Guid(a701326e5ab8c324c880cb5589bb44a6) Importer(815301076,1909f56bfc062723c751e8b465ee728b)
Start importing Assets/Systems/World.prefab using Guid(a701326e5ab8c324c880cb5589bb44a6) Importer(815301076,1909f56bfc062723c751e8b465ee728b) [PhysX] Initialized MultithreadedTaskDispatcher with 12 workers.
Refreshing native plugins compatible for Editor in 4.06 ms, found 5 plugins.
Preloading 0 native plugins for Editor in 0.00 ms.
[PhysX] Initialized MultithreadedTaskDispatcher with 12 workers.
 -> (artifact id: 'b25abcd38704a5c4ccd57af15addce79') in 0.158973 seconds
Number of updated asset objects reloaded before import = 0
Number of asset objects unloaded after import = 2533
========================================================================
Received Import Request.
  Time since last request: 9.997147 seconds.
  path: Assets/Systems/Objects/Items/Instances/notes
  artifactKey: Guid(f6c911032daed614b8119ab100ba59e7) Importer(815301076,1909f56bfc062723c751e8b465ee728b)
Start importing Assets/Systems/Objects/Items/Instances/notes using Guid(f6c911032daed614b8119ab100ba59e7) Importer(815301076,1909f56bfc062723c751e8b465ee728b) [PhysX] Initialized MultithreadedTaskDispatcher with 12 workers.
 -> (artifact id: 'dd9320da0c47fae5b17951d454087b5d') in 0.000498 seconds
Number of updated asset objects reloaded before import = 0
Number of asset objects unloaded after import = 0
========================================================================
Received Import Request.
  Time since last request: 4.201474 seconds.
  path: Assets/Systems/Objects/Items/Instances/Note
  artifactKey: Guid(f6c911032daed614b8119ab100ba59e7) Importer(815301076,1909f56bfc062723c751e8b465ee728b)
Start importing Assets/Systems/Objects/Items/Instances/Note using Guid(f6c911032daed614b8119ab100ba59e7) Importer(815301076,1909f56bfc062723c751e8b465ee728b) [PhysX] Initialized MultithreadedTaskDispatcher with 12 workers.
 -> (artifact id: 'e00abcb0c22029c49a3c2c151648bd44') in 0.000463 seconds
Number of updated asset objects reloaded before import = 0
Number of asset objects unloaded after import = 0
========================================================================
Received Import Request.
  Time since last request: 10.231599 seconds.
  path: Assets/Systems/Objects/Items/Instances/Note/Box.prefab
  artifactKey: Guid(04e6eb181005def42b3df9ea7dd46fe0) Importer(815301076,1909f56bfc062723c751e8b465ee728b)
Start importing Assets/Systems/Objects/Items/Instances/Note/Box.prefab using Guid(04e6eb181005def42b3df9ea7dd46fe0) Importer(815301076,1909f56bfc062723c751e8b465ee728b) [PhysX] Initialized MultithreadedTaskDispatcher with 12 workers.
[PhysX] Initialized MultithreadedTaskDispatcher with 12 workers.
 -> (artifact id: '3b513ce8bfe2dc6127befc6c3cc6d7e3') in 0.032962 seconds
Number of updated asset objects reloaded before import = 0
Number of asset objects unloaded after import = 19
========================================================================
Received Import Request.
  Time since last request: 3.616984 seconds.
  path: Assets/Systems/Objects/Items/Instances/Note/Paper.prefab
  artifactKey: Guid(04e6eb181005def42b3df9ea7dd46fe0) Importer(815301076,1909f56bfc062723c751e8b465ee728b)
Start importing Assets/Systems/Objects/Items/Instances/Note/Paper.prefab using Guid(04e6eb181005def42b3df9ea7dd46fe0) Importer(815301076,1909f56bfc062723c751e8b465ee728b) [PhysX] Initialized MultithreadedTaskDispatcher with 12 workers.
[PhysX] Initialized MultithreadedTaskDispatcher with 12 workers.
 -> (artifact id: 'bf963d373da68073716e81d19e69a1d4') in 0.035501 seconds
Number of updated asset objects reloaded before import = 0
Number of asset objects unloaded after import = 19
========================================================================
Received Import Request.
  Time since last request: 11.233090 seconds.
  path: Assets/Systems/Objects/Items/Instances/Note/Paper.prefab
  artifactKey: Guid(04e6eb181005def42b3df9ea7dd46fe0) Importer(815301076,1909f56bfc062723c751e8b465ee728b)
Start importing Assets/Systems/Objects/Items/Instances/Note/Paper.prefab using Guid(04e6eb181005def42b3df9ea7dd46fe0) Importer(815301076,1909f56bfc062723c751e8b465ee728b) [PhysX] Initialized MultithreadedTaskDispatcher with 12 workers.
[PhysX] Initialized MultithreadedTaskDispatcher with 12 workers.
 -> (artifact id: 'd826b503c94851cc47d0d6b5b3daea42') in 0.078668 seconds
Number of updated asset objects reloaded before import = 0
Number of asset objects unloaded after import = 16
========================================================================
Received Import Request.
  Time since last request: 12.011923 seconds.
  path: Assets/Systems/Objects/Items/Instances/Note/Paper.prefab
  artifactKey: Guid(04e6eb181005def42b3df9ea7dd46fe0) Importer(815301076,1909f56bfc062723c751e8b465ee728b)
Start importing Assets/Systems/Objects/Items/Instances/Note/Paper.prefab using Guid(04e6eb181005def42b3df9ea7dd46fe0) Importer(815301076,1909f56bfc062723c751e8b465ee728b) [PhysX] Initialized MultithreadedTaskDispatcher with 12 workers.
[PhysX] Initialized MultithreadedTaskDispatcher with 12 workers.
 -> (artifact id: 'b0a34a554ae25bf5b6074ba225682d13') in 0.034013 seconds
Number of updated asset objects reloaded before import = 0
Number of asset objects unloaded after import = 17
========================================================================
Received Import Request.
  Time since last request: 4.069489 seconds.
  path: Assets/Systems/Objects/Items/Instances/Note/Paper.prefab
  artifactKey: Guid(04e6eb181005def42b3df9ea7dd46fe0) Importer(815301076,1909f56bfc062723c751e8b465ee728b)
Start importing Assets/Systems/Objects/Items/Instances/Note/Paper.prefab using Guid(04e6eb181005def42b3df9ea7dd46fe0) Importer(815301076,1909f56bfc062723c751e8b465ee728b) [PhysX] Initialized MultithreadedTaskDispatcher with 12 workers.
[PhysX] Initialized MultithreadedTaskDispatcher with 12 workers.
 -> (artifact id: 'd3525147d19c0437a73547b03c0ff0d9') in 0.059214 seconds
Number of updated asset objects reloaded before import = 0
Number of asset objects unloaded after import = 17
========================================================================
Received Import Request.
  Time since last request: 3.993401 seconds.
  path: Assets/Systems/Objects/Items/Instances/Note/Paper.prefab
  artifactKey: Guid(04e6eb181005def42b3df9ea7dd46fe0) Importer(815301076,1909f56bfc062723c751e8b465ee728b)
Start importing Assets/Systems/Objects/Items/Instances/Note/Paper.prefab using Guid(04e6eb181005def42b3df9ea7dd46fe0) Importer(815301076,1909f56bfc062723c751e8b465ee728b) [PhysX] Initialized MultithreadedTaskDispatcher with 12 workers.
[PhysX] Initialized MultithreadedTaskDispatcher with 12 workers.
 -> (artifact id: '96fdbd9a9d4cbafd4f430a7e39c46df7') in 0.314747 seconds
Number of updated asset objects reloaded before import = 0
Number of asset objects unloaded after import = 19
========================================================================
Received Import Request.
  Time since last request: 7.414954 seconds.
  path: Assets/Systems/Objects/Items/Instances/Note/Paper.prefab
  artifactKey: Guid(04e6eb181005def42b3df9ea7dd46fe0) Importer(815301076,1909f56bfc062723c751e8b465ee728b)
Start importing Assets/Systems/Objects/Items/Instances/Note/Paper.prefab using Guid(04e6eb181005def42b3df9ea7dd46fe0) Importer(815301076,1909f56bfc062723c751e8b465ee728b) [PhysX] Initialized MultithreadedTaskDispatcher with 12 workers.
[PhysX] Initialized MultithreadedTaskDispatcher with 12 workers.
 -> (artifact id: '7b71797d7a5256011b25c57ddaaabf44') in 0.129576 seconds
Number of updated asset objects reloaded before import = 0
Number of asset objects unloaded after import = 19
========================================================================
Received Import Request.
  Time since last request: 16.854526 seconds.
  path: Assets/Systems/Objects/Items/Instances/Note/whitePaper.mat
  artifactKey: Guid(e79cbaf291287f24db8e2e215c1d02d0) Importer(815301076,1909f56bfc062723c751e8b465ee728b)
Start importing Assets/Systems/Objects/Items/Instances/Note/whitePaper.mat using Guid(e79cbaf291287f24db8e2e215c1d02d0) Importer(815301076,1909f56bfc062723c751e8b465ee728b) [PhysX] Initialized MultithreadedTaskDispatcher with 12 workers.
[PhysX] Initialized MultithreadedTaskDispatcher with 12 workers.
 -> (artifact id: 'ef15e7e1a14161098391f6aad76e760c') in 0.035192 seconds
Number of updated asset objects reloaded before import = 0
Number of asset objects unloaded after import = 2
========================================================================
Received Import Request.
  Time since last request: 30.802541 seconds.
  path: Assets/Systems/Objects/Items/Instances/Note/Paper.prefab
  artifactKey: Guid(04e6eb181005def42b3df9ea7dd46fe0) Importer(815301076,1909f56bfc062723c751e8b465ee728b)
Start importing Assets/Systems/Objects/Items/Instances/Note/Paper.prefab using Guid(04e6eb181005def42b3df9ea7dd46fe0) Importer(815301076,1909f56bfc062723c751e8b465ee728b) [PhysX] Initialized MultithreadedTaskDispatcher with 12 workers.
[PhysX] Initialized MultithreadedTaskDispatcher with 12 workers.
 -> (artifact id: 'e4a4e5d465b7e6fb39222c05c739d973') in 0.096823 seconds
Number of updated asset objects reloaded before import = 0
Number of asset objects unloaded after import = 19
========================================================================
Received Import Request.
  Time since last request: 9.355932 seconds.
  path: Assets/Systems/Objects/Items/Instances/Note/Paper.prefab
  artifactKey: Guid(04e6eb181005def42b3df9ea7dd46fe0) Importer(815301076,1909f56bfc062723c751e8b465ee728b)
Start importing Assets/Systems/Objects/Items/Instances/Note/Paper.prefab using Guid(04e6eb181005def42b3df9ea7dd46fe0) Importer(815301076,1909f56bfc062723c751e8b465ee728b) [PhysX] Initialized MultithreadedTaskDispatcher with 12 workers.
[PhysX] Initialized MultithreadedTaskDispatcher with 12 workers.
 -> (artifact id: '913d051a7c227eb61821f365ad4f4f79') in 0.038228 seconds
Number of updated asset objects reloaded before import = 0
Number of asset objects unloaded after import = 18
========================================================================
Received Import Request.
  Time since last request: 3.075179 seconds.
  path: Assets/Systems/Objects/Items/Instances/Note/Paper.prefab
  artifactKey: Guid(04e6eb181005def42b3df9ea7dd46fe0) Importer(815301076,1909f56bfc062723c751e8b465ee728b)
Start importing Assets/Systems/Objects/Items/Instances/Note/Paper.prefab using Guid(04e6eb181005def42b3df9ea7dd46fe0) Importer(815301076,1909f56bfc062723c751e8b465ee728b) [PhysX] Initialized MultithreadedTaskDispatcher with 12 workers.
[PhysX] Initialized MultithreadedTaskDispatcher with 12 workers.
 -> (artifact id: '7f02eebdb1fec9ce7a3043987f24727e') in 0.038065 seconds
Number of updated asset objects reloaded before import = 0
Number of asset objects unloaded after import = 18
========================================================================
Received Prepare
Caller must complete domain reload
Begin MonoManager ReloadAssembly
Symbol file LoadedFromMemory is not a mono symbol file
- Loaded All Assemblies, in  0.584 seconds
Native extension for WindowsStandalone target not found
Native extension for WebGL target not found
[MODES] ModeService[none].Initialize
[MODES] ModeService[none].LoadModes
[MODES] Loading mode Default (0) for mode-current-id-ALiminalGame
Mono: successfully reloaded assembly
- Finished resetting the current domain, in  4.205 seconds
Domain Reload Profiling: 4788ms
	BeginReloadAssembly (177ms)
		ExecutionOrderSort (0ms)
		DisableScriptedObjects (13ms)
		BackupInstance (0ms)
		ReleaseScriptingObjects (0ms)
		CreateAndSetChildDomain (49ms)
	RebuildCommonClasses (37ms)
	RebuildNativeTypeToScriptingClass (14ms)
	initialDomainReloadingComplete (33ms)
	LoadAllAssembliesAndSetupDomain (322ms)
		LoadAssemblies (373ms)
		RebuildTransferFunctionScriptingTraits (0ms)
		AnalyzeDomain (28ms)
			TypeCache.Refresh (11ms)
				TypeCache.ScanAssembly (0ms)
			ScanForSourceGeneratedMonoScriptInfo (0ms)
			ResolveRequiredComponents (15ms)
	FinalizeReload (4205ms)
		ReleaseScriptCaches (0ms)
		RebuildScriptCaches (0ms)
		SetupLoadedEditorAssemblies (1292ms)
			LogAssemblyErrors (0ms)
			InitializePlatformSupportModulesInManaged (7ms)
			SetLoadedEditorAssemblies (6ms)
			RefreshPlugins (0ms)
			BeforeProcessingInitializeOnLoad (168ms)
			ProcessInitializeOnLoadAttributes (1062ms)
			ProcessInitializeOnLoadMethodAttributes (44ms)
			AfterProcessingInitializeOnLoad (4ms)
			EditorAssembliesLoaded (0ms)
		ExecutionOrderSort2 (0ms)
		AwakeInstancesAfterBackupRestoration (2387ms)
Refreshing native plugins compatible for Editor in 5.01 ms, found 5 plugins.
Preloading 0 native plugins for Editor in 0.00 ms.
Unloading 6750 Unused Serialized files (Serialized files now loaded: 0)
Unloading 43 unused Assets / (42.8 KB). Loaded Objects now: 7453.
Memory consumption went from 208.8 MB to 208.7 MB.
Total: 4.616200 ms (FindLiveObjects: 0.486300 ms CreateObjectMapping: 0.484500 ms MarkObjects: 3.532100 ms  DeleteObjects: 0.112700 ms)

Prepare: number of updated asset objects reloaded= 0
AssetImportParameters requested are different than current active one (requested -> active):
  custom:container-demuxer-ogg: 62fdf1f143b41e24485cea50d1cbac27 -> 
  custom:framework-win-MediaFoundation: 216162199b28c13a410421893ffa2e32 -> 
  custom:container-muxer-webm: aa71ff27fc2769a1b78a27578f13a17b -> 
  custom:video-decoder-webm-vp8: 9c59270c3fd7afecdb556c50c9e8de78 -> 
  custom:SearchIndexIgnoredProperties: e643bd26f0fe6173181afceb89e7c659 -> 
  custom:AudioImporter_EditorPlatform: d09bf68614088b80899f8185d706f6e7 -> 
  custom:scripting/monoscript/fileName/NoteObject.cs: ee3fff43908aa1bfc7f73f83ab8f124d -> 
  custom:audio-decoder-ogg-vorbis: bf7c407c2cedff20999df2af8eb42d56 -> 
  custom:audio-encoder-webm-vorbis: bf7c407c2cedff20999df2af8eb42d56 -> 
  custom:scripting/precompiled-assembly-types:Assembly-CSharp: 1f0cc588bd449239afbbcab8b0235f13 -> 32e433f1571b6731009d85de0c417aec
  custom:video-decoder-ogg-theora: a1e56fd34408186e4bbccfd4996cb3dc -> 
  custom:CustomObjectIndexerAttribute: 9a22284fe3817be447336de3de66b15e -> 
  custom:container-demuxer-webm: 4f35f7cbe854078d1ac9338744f61a02 -> 
  custom:scripting/monoscript/fileName/NoteManadger.cs: b3adf304526abc7a6027a4ad8c82fda9 -> 
  custom:video-encoder-webm-vp8: eb34c28f22e8b96e1ab97ce403110664 -> 
========================================================================
Received Import Request.
  Time since last request: 64.340345 seconds.
  path: Assets/Systems/Objects/Items/Instances/Note/Paper.prefab
  artifactKey: Guid(04e6eb181005def42b3df9ea7dd46fe0) Importer(815301076,1909f56bfc062723c751e8b465ee728b)
Start importing Assets/Systems/Objects/Items/Instances/Note/Paper.prefab using Guid(04e6eb181005def42b3df9ea7dd46fe0) Importer(815301076,1909f56bfc062723c751e8b465ee728b) [PhysX] Initialized MultithreadedTaskDispatcher with 12 workers.
[PhysX] Initialized MultithreadedTaskDispatcher with 12 workers.
 -> (artifact id: '5ac6105fcc7dad3c6b4e7df39e69c23b') in 0.382746 seconds
Number of updated asset objects reloaded before import = 0
Number of asset objects unloaded after import = 18
========================================================================
Received Prepare
Caller must complete domain reload
Begin MonoManager ReloadAssembly
Symbol file LoadedFromMemory is not a mono symbol file
- Loaded All Assemblies, in  0.557 seconds
Native extension for WindowsStandalone target not found
Native extension for WebGL target not found
[MODES] ModeService[none].Initialize
[MODES] ModeService[none].LoadModes
[MODES] Loading mode Default (0) for mode-current-id-ALiminalGame
Mono: successfully reloaded assembly
- Finished resetting the current domain, in  4.292 seconds
Domain Reload Profiling: 4849ms
	BeginReloadAssembly (166ms)
		ExecutionOrderSort (0ms)
		DisableScriptedObjects (12ms)
		BackupInstance (0ms)
		ReleaseScriptingObjects (0ms)
		CreateAndSetChildDomain (40ms)
	RebuildCommonClasses (36ms)
	RebuildNativeTypeToScriptingClass (12ms)
	initialDomainReloadingComplete (26ms)
	LoadAllAssembliesAndSetupDomain (315ms)
		LoadAssemblies (361ms)
		RebuildTransferFunctionScriptingTraits (0ms)
		AnalyzeDomain (32ms)
			TypeCache.Refresh (12ms)
				TypeCache.ScanAssembly (0ms)
			ScanForSourceGeneratedMonoScriptInfo (0ms)
			ResolveRequiredComponents (17ms)
	FinalizeReload (4293ms)
		ReleaseScriptCaches (0ms)
		RebuildScriptCaches (0ms)
		SetupLoadedEditorAssemblies (1389ms)
			LogAssemblyErrors (0ms)
			InitializePlatformSupportModulesInManaged (10ms)
			SetLoadedEditorAssemblies (9ms)
			RefreshPlugins (0ms)
			BeforeProcessingInitializeOnLoad (176ms)
			ProcessInitializeOnLoadAttributes (1148ms)
			ProcessInitializeOnLoadMethodAttributes (43ms)
			AfterProcessingInitializeOnLoad (3ms)
			EditorAssembliesLoaded (0ms)
		ExecutionOrderSort2 (0ms)
		AwakeInstancesAfterBackupRestoration (2361ms)
Refreshing native plugins compatible for Editor in 4.07 ms, found 5 plugins.
Preloading 0 native plugins for Editor in 0.00 ms.
Unloading 6750 Unused Serialized files (Serialized files now loaded: 0)
Unloading 30 unused Assets / (37.0 KB). Loaded Objects now: 7459.
Memory consumption went from 208.7 MB to 208.6 MB.
Total: 4.481000 ms (FindLiveObjects: 0.539100 ms CreateObjectMapping: 0.554000 ms MarkObjects: 3.332000 ms  DeleteObjects: 0.055200 ms)

Prepare: number of updated asset objects reloaded= 0
AssetImportParameters requested are different than current active one (requested -> active):
  custom:container-demuxer-ogg: 62fdf1f143b41e24485cea50d1cbac27 -> 
  custom:framework-win-MediaFoundation: 216162199b28c13a410421893ffa2e32 -> 
  custom:container-muxer-webm: aa71ff27fc2769a1b78a27578f13a17b -> 
  custom:video-decoder-webm-vp8: 9c59270c3fd7afecdb556c50c9e8de78 -> 
  custom:SearchIndexIgnoredProperties: e643bd26f0fe6173181afceb89e7c659 -> 
  custom:AudioImporter_EditorPlatform: d09bf68614088b80899f8185d706f6e7 -> 
  custom:scripting/monoscript/fileName/NoteObject.cs: ee3fff43908aa1bfc7f73f83ab8f124d -> 
  custom:audio-decoder-ogg-vorbis: bf7c407c2cedff20999df2af8eb42d56 -> 
  custom:audio-encoder-webm-vorbis: bf7c407c2cedff20999df2af8eb42d56 -> 
  custom:scripting/precompiled-assembly-types:Assembly-CSharp: 1f0cc588bd449239afbbcab8b0235f13 -> 32e433f1571b6731009d85de0c417aec
  custom:video-decoder-ogg-theora: a1e56fd34408186e4bbccfd4996cb3dc -> 
  custom:CustomObjectIndexerAttribute: 9a22284fe3817be447336de3de66b15e -> 
  custom:container-demuxer-webm: 4f35f7cbe854078d1ac9338744f61a02 -> 
  custom:scripting/monoscript/fileName/NoteManadger.cs: b3adf304526abc7a6027a4ad8c82fda9 -> 
  custom:video-encoder-webm-vp8: eb34c28f22e8b96e1ab97ce403110664 -> 
========================================================================
Received Prepare
Caller must complete domain reload
Begin MonoManager ReloadAssembly
Symbol file LoadedFromMemory is not a mono symbol file
- Loaded All Assemblies, in  0.668 seconds
Native extension for WindowsStandalone target not found
Native extension for WebGL target not found
[MODES] ModeService[none].Initialize
[MODES] ModeService[none].LoadModes
[MODES] Loading mode Default (0) for mode-current-id-ALiminalGame
Mono: successfully reloaded assembly
- Finished resetting the current domain, in  3.868 seconds
Domain Reload Profiling: 4536ms
	BeginReloadAssembly (190ms)
		ExecutionOrderSort (0ms)
		DisableScriptedObjects (18ms)
		BackupInstance (0ms)
		ReleaseScriptingObjects (0ms)
		CreateAndSetChildDomain (48ms)
	RebuildCommonClasses (35ms)
	RebuildNativeTypeToScriptingClass (13ms)
	initialDomainReloadingComplete (27ms)
	LoadAllAssembliesAndSetupDomain (402ms)
		LoadAssemblies (416ms)
		RebuildTransferFunctionScriptingTraits (0ms)
		AnalyzeDomain (71ms)
			TypeCache.Refresh (23ms)
				TypeCache.ScanAssembly (4ms)
			ScanForSourceGeneratedMonoScriptInfo (28ms)
			ResolveRequiredComponents (18ms)
	FinalizeReload (3869ms)
		ReleaseScriptCaches (0ms)
		RebuildScriptCaches (0ms)
		SetupLoadedEditorAssemblies (1426ms)
			LogAssemblyErrors (0ms)
			InitializePlatformSupportModulesInManaged (8ms)
			SetLoadedEditorAssemblies (5ms)
			RefreshPlugins (0ms)
			BeforeProcessingInitializeOnLoad (189ms)
			ProcessInitializeOnLoadAttributes (1165ms)
			ProcessInitializeOnLoadMethodAttributes (56ms)
			AfterProcessingInitializeOnLoad (3ms)
			EditorAssembliesLoaded (0ms)
		ExecutionOrderSort2 (0ms)
		AwakeInstancesAfterBackupRestoration (1870ms)
Refreshing native plugins compatible for Editor in 3.92 ms, found 5 plugins.
Preloading 0 native plugins for Editor in 0.00 ms.
Unloading 6751 Unused Serialized files (Serialized files now loaded: 0)
Unloading 30 unused Assets / (37.0 KB). Loaded Objects now: 7465.
Memory consumption went from 208.9 MB to 208.9 MB.
Total: 4.686600 ms (FindLiveObjects: 0.490200 ms CreateObjectMapping: 0.432800 ms MarkObjects: 3.708900 ms  DeleteObjects: 0.053900 ms)

Prepare: number of updated asset objects reloaded= 0
AssetImportParameters requested are different than current active one (requested -> active):
  custom:container-demuxer-ogg: 62fdf1f143b41e24485cea50d1cbac27 -> 
  custom:framework-win-MediaFoundation: 216162199b28c13a410421893ffa2e32 -> 
  custom:container-muxer-webm: aa71ff27fc2769a1b78a27578f13a17b -> 
  custom:video-decoder-webm-vp8: 9c59270c3fd7afecdb556c50c9e8de78 -> 
  custom:SearchIndexIgnoredProperties: e643bd26f0fe6173181afceb89e7c659 -> 
  custom:AudioImporter_EditorPlatform: d09bf68614088b80899f8185d706f6e7 -> 
  custom:scripting/monoscript/fileName/NoteObject.cs: ee3fff43908aa1bfc7f73f83ab8f124d -> 
  custom:audio-decoder-ogg-vorbis: bf7c407c2cedff20999df2af8eb42d56 -> 
  custom:audio-encoder-webm-vorbis: bf7c407c2cedff20999df2af8eb42d56 -> 
  custom:scripting/precompiled-assembly-types:Assembly-CSharp: 1f0cc588bd449239afbbcab8b0235f13 -> 32e433f1571b6731009d85de0c417aec
  custom:video-decoder-ogg-theora: a1e56fd34408186e4bbccfd4996cb3dc -> 
  custom:CustomObjectIndexerAttribute: 9a22284fe3817be447336de3de66b15e -> 
  custom:container-demuxer-webm: 4f35f7cbe854078d1ac9338744f61a02 -> 
  custom:scripting/monoscript/fileName/NoteManadger.cs: b3adf304526abc7a6027a4ad8c82fda9 -> 
  custom:video-encoder-webm-vp8: eb34c28f22e8b96e1ab97ce403110664 -> 
========================================================================
Received Prepare
Caller must complete domain reload
Begin MonoManager ReloadAssembly
Symbol file LoadedFromMemory is not a mono symbol file
- Loaded All Assemblies, in  0.661 seconds
Native extension for WindowsStandalone target not found
Native extension for WebGL target not found
[MODES] ModeService[none].Initialize
[MODES] ModeService[none].LoadModes
[MODES] Loading mode Default (0) for mode-current-id-ALiminalGame
Mono: successfully reloaded assembly
- Finished resetting the current domain, in  3.909 seconds
Domain Reload Profiling: 4569ms
	BeginReloadAssembly (177ms)
		ExecutionOrderSort (0ms)
		DisableScriptedObjects (13ms)
		BackupInstance (0ms)
		ReleaseScriptingObjects (0ms)
		CreateAndSetChildDomain (46ms)
	RebuildCommonClasses (40ms)
	RebuildNativeTypeToScriptingClass (14ms)
	initialDomainReloadingComplete (28ms)
	LoadAllAssembliesAndSetupDomain (400ms)
		LoadAssemblies (408ms)
		RebuildTransferFunctionScriptingTraits (0ms)
		AnalyzeDomain (70ms)
			TypeCache.Refresh (26ms)
				TypeCache.ScanAssembly (5ms)
			ScanForSourceGeneratedMonoScriptInfo (26ms)
			ResolveRequiredComponents (16ms)
	FinalizeReload (3909ms)
		ReleaseScriptCaches (0ms)
		RebuildScriptCaches (0ms)
		SetupLoadedEditorAssemblies (1022ms)
			LogAssemblyErrors (0ms)
			InitializePlatformSupportModulesInManaged (7ms)
			SetLoadedEditorAssemblies (5ms)
			RefreshPlugins (0ms)
			BeforeProcessingInitializeOnLoad (162ms)
			ProcessInitializeOnLoadAttributes (797ms)
			ProcessInitializeOnLoadMethodAttributes (48ms)
			AfterProcessingInitializeOnLoad (3ms)
			EditorAssembliesLoaded (0ms)
		ExecutionOrderSort2 (0ms)
		AwakeInstancesAfterBackupRestoration (2372ms)
Refreshing native plugins compatible for Editor in 4.23 ms, found 5 plugins.
Preloading 0 native plugins for Editor in 0.00 ms.
Unloading 6751 Unused Serialized files (Serialized files now loaded: 0)
Unloading 30 unused Assets / (37.0 KB). Loaded Objects now: 7471.
Memory consumption went from 208.9 MB to 208.9 MB.
Total: 6.816200 ms (FindLiveObjects: 0.495300 ms CreateObjectMapping: 0.810300 ms MarkObjects: 5.439500 ms  DeleteObjects: 0.069900 ms)

Prepare: number of updated asset objects reloaded= 0
AssetImportParameters requested are different than current active one (requested -> active):
  custom:container-demuxer-ogg: 62fdf1f143b41e24485cea50d1cbac27 -> 
  custom:framework-win-MediaFoundation: 216162199b28c13a410421893ffa2e32 -> 
  custom:container-muxer-webm: aa71ff27fc2769a1b78a27578f13a17b -> 
  custom:video-decoder-webm-vp8: 9c59270c3fd7afecdb556c50c9e8de78 -> 
  custom:SearchIndexIgnoredProperties: e643bd26f0fe6173181afceb89e7c659 -> 
  custom:AudioImporter_EditorPlatform: d09bf68614088b80899f8185d706f6e7 -> 
  custom:scripting/monoscript/fileName/NoteObject.cs: ee3fff43908aa1bfc7f73f83ab8f124d -> 
  custom:audio-decoder-ogg-vorbis: bf7c407c2cedff20999df2af8eb42d56 -> 
  custom:audio-encoder-webm-vorbis: bf7c407c2cedff20999df2af8eb42d56 -> 
  custom:scripting/precompiled-assembly-types:Assembly-CSharp: 3c5a248cc8abd02f2a613ab9e3fcbb37 -> 32e433f1571b6731009d85de0c417aec
  custom:video-decoder-ogg-theora: a1e56fd34408186e4bbccfd4996cb3dc -> 
  custom:CustomObjectIndexerAttribute: 9a22284fe3817be447336de3de66b15e -> 
  custom:container-demuxer-webm: 4f35f7cbe854078d1ac9338744f61a02 -> 
  custom:scripting/monoscript/fileName/NoteManadger.cs: b3adf304526abc7a6027a4ad8c82fda9 -> 
  custom:video-encoder-webm-vp8: eb34c28f22e8b96e1ab97ce403110664 -> 
========================================================================
Received Prepare
Caller must complete domain reload
Begin MonoManager ReloadAssembly
Symbol file LoadedFromMemory is not a mono symbol file
- Loaded All Assemblies, in  0.563 seconds
Native extension for WindowsStandalone target not found
Native extension for WebGL target not found
[MODES] ModeService[none].Initialize
[MODES] ModeService[none].LoadModes
[MODES] Loading mode Default (0) for mode-current-id-ALiminalGame
Mono: successfully reloaded assembly
- Finished resetting the current domain, in  3.959 seconds
Domain Reload Profiling: 4521ms
	BeginReloadAssembly (165ms)
		ExecutionOrderSort (0ms)
		DisableScriptedObjects (12ms)
		BackupInstance (0ms)
		ReleaseScriptingObjects (0ms)
		CreateAndSetChildDomain (42ms)
	RebuildCommonClasses (33ms)
	RebuildNativeTypeToScriptingClass (12ms)
	initialDomainReloadingComplete (37ms)
	LoadAllAssembliesAndSetupDomain (316ms)
		LoadAssemblies (364ms)
		RebuildTransferFunctionScriptingTraits (0ms)
		AnalyzeDomain (26ms)
			TypeCache.Refresh (10ms)
				TypeCache.ScanAssembly (0ms)
			ScanForSourceGeneratedMonoScriptInfo (0ms)
			ResolveRequiredComponents (15ms)
	FinalizeReload (3960ms)
		ReleaseScriptCaches (0ms)
		RebuildScriptCaches (0ms)
		SetupLoadedEditorAssemblies (1339ms)
			LogAssemblyErrors (0ms)
			InitializePlatformSupportModulesInManaged (7ms)
			SetLoadedEditorAssemblies (7ms)
			RefreshPlugins (0ms)
			BeforeProcessingInitializeOnLoad (173ms)
			ProcessInitializeOnLoadAttributes (1107ms)
			ProcessInitializeOnLoadMethodAttributes (43ms)
			AfterProcessingInitializeOnLoad (3ms)
			EditorAssembliesLoaded (0ms)
		ExecutionOrderSort2 (0ms)
		AwakeInstancesAfterBackupRestoration (2090ms)
Refreshing native plugins compatible for Editor in 4.19 ms, found 5 plugins.
Preloading 0 native plugins for Editor in 0.00 ms.
Unloading 6751 Unused Serialized files (Serialized files now loaded: 0)
Unloading 30 unused Assets / (37.0 KB). Loaded Objects now: 7477.
Memory consumption went from 208.9 MB to 208.9 MB.
Total: 4.755300 ms (FindLiveObjects: 0.505300 ms CreateObjectMapping: 0.562100 ms MarkObjects: 3.628000 ms  DeleteObjects: 0.059200 ms)

Prepare: number of updated asset objects reloaded= 0
AssetImportParameters requested are different than current active one (requested -> active):
  custom:container-demuxer-ogg: 62fdf1f143b41e24485cea50d1cbac27 -> 
  custom:framework-win-MediaFoundation: 216162199b28c13a410421893ffa2e32 -> 
  custom:container-muxer-webm: aa71ff27fc2769a1b78a27578f13a17b -> 
  custom:video-decoder-webm-vp8: 9c59270c3fd7afecdb556c50c9e8de78 -> 
  custom:SearchIndexIgnoredProperties: e643bd26f0fe6173181afceb89e7c659 -> 
  custom:AudioImporter_EditorPlatform: d09bf68614088b80899f8185d706f6e7 -> 
  custom:scripting/monoscript/fileName/NoteObject.cs: ee3fff43908aa1bfc7f73f83ab8f124d -> 
  custom:audio-decoder-ogg-vorbis: bf7c407c2cedff20999df2af8eb42d56 -> 
  custom:audio-encoder-webm-vorbis: bf7c407c2cedff20999df2af8eb42d56 -> 
  custom:scripting/precompiled-assembly-types:Assembly-CSharp: 3c5a248cc8abd02f2a613ab9e3fcbb37 -> 32e433f1571b6731009d85de0c417aec
  custom:video-decoder-ogg-theora: a1e56fd34408186e4bbccfd4996cb3dc -> 
  custom:CustomObjectIndexerAttribute: 9a22284fe3817be447336de3de66b15e -> 
  custom:container-demuxer-webm: 4f35f7cbe854078d1ac9338744f61a02 -> 
  custom:scripting/monoscript/fileName/NoteManadger.cs: b3adf304526abc7a6027a4ad8c82fda9 -> 
  custom:video-encoder-webm-vp8: eb34c28f22e8b96e1ab97ce403110664 -> 
